Title,Latitude,Longitude,Day,Time,Type,IsAlcohol,IsNicotine,IsNarcotics
1St Ellesmere Port,53.287178,-2.947619,Wednesday,19:30,Alcoholics Anonymous,1,0,0
1St Peckham,51.473113,-0.062548,Friday,20:00,Alcoholics Anonymous,1,0,0
Aa Wednesday Stony Stratford,52.054599,-0.848307,Wednesday,11:00,Alcoholics Anonymous,1,0,0
Abbey Wood Big Book Study,51.490482,0.117074,Thursday,20:00,Alcoholics Anonymous,1,0,0
"Abchurch City Steps 3, 7 & 11 Meditation",51.511505,-0.088558,Wednesday,19:00,Alcoholics Anonymous,1,0,0
Acton Oak Tree Beginners As Bill Sees It,51.507875,-0.27298,Tuesday,19:30,Alcoholics Anonymous,1,0,0
Alcester,52.214387,-1.872621,Thursday,19:30,Alcoholics Anonymous,1,0,0
Alfreton,53.098448,-1.38061,Sunday,19:30,Alcoholics Anonymous,1,0,0
Alfreton Traditions For Recovery,53.098448,-1.38061,Wednesday,19:45,Alcoholics Anonymous,1,0,0
Alma,51.518578,-0.06895,Sunday,11:30,Alcoholics Anonymous,1,0,0
Alston,54.812333,-2.440698,Monday,19:00,Alcoholics Anonymous,1,0,0
Alton,51.146886,-0.977419,Tuesday,20:00,Alcoholics Anonymous,1,0,0
Andover Beginners - Ready For The Weekend,51.191897,-1.494166,Friday,19:00,Alcoholics Anonymous,1,0,0
Andover Topic,51.207208,-1.481315,Tuesday,19:00,Alcoholics Anonymous,1,0,0
Andover Young Recovery,51.191897,-1.494166,Monday,18:30,Alcoholics Anonymous,1,0,0
Angel Into Action,51.533592,-0.111914,Saturday,10:30,Alcoholics Anonymous,1,0,0
Annan,54.98691,-3.262271,Saturday,18:00,Alcoholics Anonymous,1,0,0
Armitage With Handsacre,52.738134,-1.87285,Monday,19:30,Alcoholics Anonymous,1,0,0
Arsenal Polish Speaking,51.493785,0.053724,Wednesday,19:30,Alcoholics Anonymous,1,0,0
Ashburton Lunchtime,50.515027,-3.75492,Saturday,13:00,Alcoholics Anonymous,1,0,0
Ashburton Step & Tradition,50.515027,-3.75492,Thursday,19:30,Alcoholics Anonymous,1,0,0
Ashton-Under-Lyne Top Mossley,53.517861,-2.045643,Thursday,19:30,Alcoholics Anonymous,1,0,0
Atherstone,52.577949,-1.546777,Wednesday,19:00,Alcoholics Anonymous,1,0,0
Atherstone As Bill Sees It,52.577949,-1.546777,Friday,13:30,Alcoholics Anonymous,1,0,0
Atherstone Topic,52.566748,-1.528622,Saturday,19:00,Alcoholics Anonymous,1,0,0
Aylesbury Bob's Place,51.817159,-0.840246,Friday,18:30,Alcoholics Anonymous,1,0,0
Aylesbury Newcomers,51.805316,-0.785616,Thursday,20:00,Alcoholics Anonymous,1,0,0
Badgers Mount Daily Reflections,51.336014,0.147019,Sunday,09:00,Alcoholics Anonymous,1,0,0
Bakewell,53.211104,-1.674869,Friday,19:30,Alcoholics Anonymous,1,0,0
Banbury,52.060139,-1.339541,Tuesday,19:30,Alcoholics Anonymous,1,0,0
Banbury,52.060139,-1.339541,Friday,19:30,Alcoholics Anonymous,1,0,0
Barking East End Lunch,51.5307365,0.0998652,Tuesday,12:30,Alcoholics Anonymous,1,0,0
Barking Lunchtime Step,51.5307365,0.0998652,Friday,12:30,Alcoholics Anonymous,1,0,0
Barnard Castle,54.544348,-1.925393,Saturday,10:30,Alcoholics Anonymous,1,0,0
Barnes Lunchtime Step & Tradition,51.475003,-0.241865,Friday,13:00,Alcoholics Anonymous,1,0,0
Barnet Step,51.653312,-0.204831,Sunday,19:30,Alcoholics Anonymous,1,0,0
Barnham As Bill Sees It,50.828726,-0.634887,Tuesday,18:30,Alcoholics Anonymous,1,0,0
Barnoldswick,53.916403,-2.187062,Sunday,19:00,Alcoholics Anonymous,1,0,0
Barnsley St Helens Keep It Simple,53.57974,-1.476005,Tuesday,19:30,Alcoholics Anonymous,1,0,0
Barnsley Step,53.57974,-1.476005,Monday,19:15,Alcoholics Anonymous,1,0,0
Bawtry Back To Basics,53.433429,-1.017442,Thursday,19:15,Alcoholics Anonymous,1,0,0
Beckenham Bethlem Royal Hospital,51.377782,-0.029228,Thursday,20:00,Alcoholics Anonymous,1,0,0
Beckenham Big Book Step,51.404933,-0.029914,Wednesday,19:45,Alcoholics Anonymous,1,0,0
Beckenham Discussion,51.408406,-0.024145,Tuesday,20:00,Alcoholics Anonymous,1,0,0
Belgravia After Nine Newcomers,51.498152,-0.149138,Saturday,21:00,Alcoholics Anonymous,1,0,0
Belgravia Eaton Square,51.498152,-0.149138,Friday,18:30,Alcoholics Anonymous,1,0,0
Belgravia Eaton Square,51.498152,-0.149138,Saturday,19:00,Alcoholics Anonymous,1,0,0
Belgravia Eaton Square Lunch,51.498152,-0.149138,Wednesday,13:00,Alcoholics Anonymous,1,0,0
Belgravia Eaton Square Women,51.498152,-0.149138,Tuesday,19:00,Alcoholics Anonymous,1,0,0
Belgravia High Noon,51.498152,-0.149138,Friday,12:00,Alcoholics Anonymous,1,0,0
Belgravia Later Monday Men,51.498152,-0.149138,Monday,20:00,Alcoholics Anonymous,1,0,0
Belgravia Men's Early Evening,51.498152,-0.149138,Monday,18:30,Alcoholics Anonymous,1,0,0
Belgravia More Will Be Revealed,51.498152,-0.149138,Sunday,18:30,Alcoholics Anonymous,1,0,0
Belgravia Step 11 Meditation,51.498152,-0.149138,Saturday,09:00,Alcoholics Anonymous,1,0,0
Belgravia Step/Tradition,51.498152,-0.149138,Thursday,18:00,Alcoholics Anonymous,1,0,0
Berkeley,51.691115,-2.458665,Wednesday,19:30,Alcoholics Anonymous,1,0,0
Bermondsey,51.498964,-0.080975,Tuesday,20:00,Alcoholics Anonymous,1,0,0
Bermondsey Living Sober,51.490817,-0.06845,Monday,19:00,Alcoholics Anonymous,1,0,0
Betchworth,51.234101,-0.267903,Friday,20:00,Alcoholics Anonymous,1,0,0
Bewdley Lunchtime Daily Reflections,52.372837,-2.31235,Friday,12:30,Alcoholics Anonymous,1,0,0
Billingshurst Never Alone,51.021691,-0.452384,Thursday,19:00,Alcoholics Anonymous,1,0,0
Bishops Stortford Lunch,51.875195,0.17325,Monday,12:00,Alcoholics Anonymous,1,0,0
Bishops Waltham,50.956405,-1.209595,Friday,19:45,Alcoholics Anonymous,1,0,0
Blagdon Chew Valley,51.328284,-2.717555,Tuesday,19:30,Alcoholics Anonymous,1,0,0
"Blyth Experience, Strength & Hope",55.126617,-1.541092,Tuesday,11:00,Alcoholics Anonymous,1,0,0
Borehamwood & Elstree,51.653669,-0.281822,Tuesday,20:00,Alcoholics Anonymous,1,0,0
Bournemouth 12 Step Study,50.720614,-1.78984,Tuesday,19:45,Alcoholics Anonymous,1,0,0
Bournemouth Big Book Step,50.722419,-1.903843,Friday,19:00,Alcoholics Anonymous,1,0,0
Bournemouth Lunch,50.720613,-1.860811,Sunday,13:30,Alcoholics Anonymous,1,0,0
Bournemouth Sacred Heart,50.721115,-1.877715,Monday,19:30,Alcoholics Anonymous,1,0,0
Bovey Tracey,50.593359,-3.675081,Wednesday,19:30,Alcoholics Anonymous,1,0,0
Brackley,52.029525,-1.146363,Thursday,19:30,Alcoholics Anonymous,1,0,0
Brentwood Open,51.639089,0.280237,Monday,19:00,Alcoholics Anonymous,1,0,0
Brentwood Pilgrims Hatch,51.639089,0.280237,Sunday,16:00,Alcoholics Anonymous,1,0,0
Brentwood Pilgrims Hatch Early Evening,51.639089,0.280237,Friday,18:30,Alcoholics Anonymous,1,0,0
Brentwood Pilgrims Hatch Hybrid,51.639089,0.280237,Wednesday,18:00,Alcoholics Anonymous,1,0,0
Brentwood Pilgrims Hatch Morning As Bill Sees It,51.639089,0.280237,Saturday,10:30,Alcoholics Anonymous,1,0,0
Brentwood Pilgrims Hatch Step & Tradition,51.639089,0.280237,Thursday,18:00,Alcoholics Anonymous,1,0,0
Bridgnorth Happy Destiny,52.534973,-2.417214,Saturday,11:00,Alcoholics Anonymous,1,0,0
Bridlington Step Discussion,54.084081,-0.208736,Friday,19:30,Alcoholics Anonymous,1,0,0
Bridlington Themed/Open Discussion,54.084081,-0.208736,Monday,19:30,Alcoholics Anonymous,1,0,0
Brighton Peacehaven Big Book Study,50.790903,0.009155,Wednesday,19:30,Alcoholics Anonymous,1,0,0
Brighton Step 11 Prayer & Meditation,50.83338,-0.146162,Monday,18:00,Alcoholics Anonymous,1,0,0
Bristol As Bill Sees It,51.456965,-2.468403,Thursday,11:45,Alcoholics Anonymous,1,0,0
Bristol Stockwood Friends,51.410337,-2.545108,Saturday,11:00,Alcoholics Anonymous,1,0,0
Bristol Stockwood Friends Mid Week,51.410337,-2.545108,Wednesday,19:00,Alcoholics Anonymous,1,0,0
Broadstairs,51.360954,1.442375,Sunday,19:00,Alcoholics Anonymous,1,0,0
Broadstone Recovery,50.753519,-1.997255,Tuesday,19:45,Alcoholics Anonymous,1,0,0
Bromley Keston As Bill Sees It,51.348841,0.03345,Saturday,10:00,Alcoholics Anonymous,1,0,0
Bromley Keston Daily Reflections,51.348841,0.03345,Wednesday,18:00,Alcoholics Anonymous,1,0,0
Bromley Keston Meditation,51.348841,0.03345,Monday,18:00,Alcoholics Anonymous,1,0,0
Bruton,51.111798,-2.452746,Thursday,11:00,Alcoholics Anonymous,1,0,0
Buckingham,51.994614,-0.988738,Sunday,19:30,Alcoholics Anonymous,1,0,0
Burford,51.779343,-1.646942,Wednesday,19:30,Alcoholics Anonymous,1,0,0
Burford Bradwell Village,51.779343,-1.646942,Friday,13:00,Alcoholics Anonymous,1,0,0
Burnham-On-Sea,50.8856366,-2.7736462,Monday,19:30,Alcoholics Anonymous,1,0,0
Burnt Oak Akron Reflections,51.602759,-0.26015,Wednesday,20:00,Alcoholics Anonymous,1,0,0
Bushey Big Book,51.636574,-0.346254,Friday,20:00,Alcoholics Anonymous,1,0,0
Buxton,53.257544,-1.911894,Monday,19:30,Alcoholics Anonymous,1,0,0
Buxton Big Book Study,53.252595,-1.913914,Wednesday,19:00,Alcoholics Anonymous,1,0,0
Buxton: Come & Go,53.257544,-1.911894,Friday,12:15,Alcoholics Anonymous,1,0,0
Caister-On-Sea As Bill Sees It,52.647587,1.728658,Thursday,15:15,Alcoholics Anonymous,1,0,0
Caldicot,51.59258,-2.752884,Monday,20:00,Alcoholics Anonymous,1,0,0
Canary Wharf,51.504413,-0.014519,Thursday,17:30,Alcoholics Anonymous,1,0,0
Canary Wharf As Bill Sees It,51.504413,-0.014519,Tuesday,17:30,Alcoholics Anonymous,1,0,0
Canary Wharf Lunchtime,51.504413,-0.014519,Monday,12:00,Alcoholics Anonymous,1,0,0
Cardiff Freedom Polish Speaking,51.49106,-3.155592,Monday,19:00,Alcoholics Anonymous,1,0,0
Carlisle Open Topic,54.911326,-2.940565,Thursday,19:30,Alcoholics Anonymous,1,0,0
Carlton,52.179347,-0.604835,Wednesday,19:30,Alcoholics Anonymous,1,0,0
Chandlers Ford Afternoon,50.985593,-1.37388,Wednesday,13:30,Alcoholics Anonymous,1,0,0
Charing Cross As Bill Sees It,51.510828,-0.126834,Thursday,15:00,Alcoholics Anonymous,1,0,0
Charing Cross Lunchtime Step,51.510828,-0.126834,Thursday,12:30,Alcoholics Anonymous,1,0,0
Charlton Living Sober,51.492421,0.044314,Wednesday,18:30,Alcoholics Anonymous,1,0,0
Chelsea Homeward Bound,51.498152,-0.149138,Tuesday,17:30,Alcoholics Anonymous,1,0,0
Chepstow,51.64102,-2.675883,Thursday,20:00,Alcoholics Anonymous,1,0,0
Chesham Newcomers,51.704914,-0.61389,Sunday,11:00,Alcoholics Anonymous,1,0,0
Cheshunt St James,51.712788,-0.077304,Monday,19:00,Alcoholics Anonymous,1,0,0
Cheshunt St James,51.712788,-0.077304,Wednesday,19:00,Alcoholics Anonymous,1,0,0
Chessington Discussion,51.358353,-0.299215,Tuesday,10:00,Alcoholics Anonymous,1,0,0
Chester Christleton,53.187028,-2.837537,Sunday,19:00,Alcoholics Anonymous,1,0,0
Chester Newton,53.210114,-2.869881,Saturday,19:30,Alcoholics Anonymous,1,0,0
Chester There Is A Solution,53.213783,-2.884301,Tuesday,20:00,Alcoholics Anonymous,1,0,0
Chester-Le-Street Multi-Mtg,54.860718,-1.574477,Thursday,19:30,Alcoholics Anonymous,1,0,0
Chester-Le-Street Multi-Mtg,54.860718,-1.574477,Sunday,19:30,Alcoholics Anonymous,1,0,0
Chester-Le-Street Multi-Mtg Step,54.860718,-1.574477,Wednesday,19:30,Alcoholics Anonymous,1,0,0
Chesterfield Daily Reflection,53.243311,-1.459472,Monday,13:00,Alcoholics Anonymous,1,0,0
Chesterfield Holmewood Newcomers,53.185101,-1.361782,Tuesday,19:30,Alcoholics Anonymous,1,0,0
Chipping Camden Lunchtime,52.049331,-1.780712,Wednesday,13:00,Alcoholics Anonymous,1,0,0
"Chodz Z Nami, Jest Sposob",53.045687,-2.97149,Friday,18:00,Alcoholics Anonymous,1,0,0
Christ Church,51.489543,-0.006866,Monday,19:30,Alcoholics Anonymous,1,0,0
Christchurch A Spiritual Solution,50.740869,-1.750507,Sunday,18:00,Alcoholics Anonymous,1,0,0
Christchurch Stanpit,50.729332,-1.754804,Wednesday,19:45,Alcoholics Anonymous,1,0,0
City  Let The Weekend Begin,51.511505,-0.088558,Friday,18:30,Alcoholics Anonymous,1,0,0
City Big Book Study,51.510829,-0.082952,Tuesday,12:30,Alcoholics Anonymous,1,0,0
City Lunch,51.515613,-0.076899,Wednesday,12:30,Alcoholics Anonymous,1,0,0
City Lunch,51.515613,-0.076899,Friday,12:30,Alcoholics Anonymous,1,0,0
City Lunch,51.515613,-0.076899,Monday,12:30,Alcoholics Anonymous,1,0,0
City Promises,51.510829,-0.082952,Wednesday,12:30,Alcoholics Anonymous,1,0,0
City Serenity On Sunday,51.510829,-0.082952,Sunday,18:00,Alcoholics Anonymous,1,0,0
City Step & Tradition,51.515111,-0.096277,Wednesday,07:30,Alcoholics Anonymous,1,0,0
City: Lunch,51.515111,-0.096277,Thursday,13:00,Alcoholics Anonymous,1,0,0
Clacton,51.786837,1.148893,Tuesday,20:00,Alcoholics Anonymous,1,0,0
Cleethorpes,53.55642,-0.029256,Saturday,17:00,Alcoholics Anonymous,1,0,0
Cleethorpes 12 Step Recovery,53.55642,-0.029256,Thursday,19:30,Alcoholics Anonymous,1,0,0
Cleethorpes Big Book Study,53.55642,-0.029256,Monday,19:00,Alcoholics Anonymous,1,0,0
Clevedon Step,51.43946,-2.85776,Tuesday,19:30,Alcoholics Anonymous,1,0,0
Clevedon Step 11,51.43946,-2.85776,Sunday,18:30,Alcoholics Anonymous,1,0,0
Coalville,52.722022,-1.373629,Tuesday,12:15,Alcoholics Anonymous,1,0,0
Coleford Just For Today,51.792699,-2.61913,Monday,13:00,Alcoholics Anonymous,1,0,0
Congleton,53.1623,-2.21457,Monday,20:00,Alcoholics Anonymous,1,0,0
Congleton,53.1623,-2.21457,Saturday,20:00,Alcoholics Anonymous,1,0,0
Congleton,53.1623,-2.21457,Thursday,20:00,Alcoholics Anonymous,1,0,0
Consett,54.853404,-1.832766,Wednesday,19:30,Alcoholics Anonymous,1,0,0
Coopersale We Agnostics & Freethinkers,51.704483,0.133882,Monday,19:30,Alcoholics Anonymous,1,0,0
Corby Oaza Polish Speaking,52.496989,-0.688742,Tuesday,19:00,Alcoholics Anonymous,1,0,0
Corby Share,52.499585,-0.719542,Thursday,20:00,Alcoholics Anonymous,1,0,0
Corby Share,52.499585,-0.719542,Sunday,18:00,Alcoholics Anonymous,1,0,0
Cosby Reader’S Choice,52.550408,-1.195294,Thursday,19:30,Alcoholics Anonymous,1,0,0
Covent Garden Newcomers Big Book Study,51.510773,-0.126638,Saturday,20:00,Alcoholics Anonymous,1,0,0
Covent Garden Newcomers There Is A Solution,51.510773,-0.126638,Saturday,17:45,Alcoholics Anonymous,1,0,0
Cramlington As Bill Sees It,55.087358,-1.589403,Monday,19:00,Alcoholics Anonymous,1,0,0
Cramlington Newcomers,55.087358,-1.589403,Sunday,19:00,Alcoholics Anonymous,1,0,0
Cranleigh Living Sober,51.14333,-0.482399,Monday,20:00,Alcoholics Anonymous,1,0,0
Crewkerne As Bill Sees It,50.882896,-2.79436,Sunday,19:00,Alcoholics Anonymous,1,0,0
Cromer,52.930117,1.295225,Friday,19:15,Alcoholics Anonymous,1,0,0
Crowborough Friends Of Bill & Bob,51.053603,0.160727,Friday,20:00,Alcoholics Anonymous,1,0,0
Croydon How It Works,51.377988,-0.096109,Thursday,18:30,Alcoholics Anonymous,1,0,0
Croydon Pop-In,51.377988,-0.096109,Monday,12:30,Alcoholics Anonymous,1,0,0
Damerham Sunday Sobriety,50.943997,-1.852936,Sunday,18:30,Alcoholics Anonymous,1,0,0
Dartford,51.442576,0.234399,Saturday,19:00,Alcoholics Anonymous,1,0,0
Daventry Just For Today,52.254877,-1.161867,Saturday,11:00,Alcoholics Anonymous,1,0,0
Daventry Just For Today Hybrid,52.254877,-1.161867,Wednesday,19:30,Alcoholics Anonymous,1,0,0
Daventry Share,52.254877,-1.161867,Thursday,19:30,Alcoholics Anonymous,1,0,0
Dawlish,50.580326,-3.4692,Friday,19:30,Alcoholics Anonymous,1,0,0
Deal,51.220244,1.402293,Sunday,18:00,Alcoholics Anonymous,1,0,0
Denby Dale,53.573607,-1.6531,Sunday,19:30,Alcoholics Anonymous,1,0,0
Deptford,51.481707,-0.025268,Sunday,11:00,Alcoholics Anonymous,1,0,0
Deptford Step & Tradition,51.481707,-0.025268,Thursday,19:15,Alcoholics Anonymous,1,0,0
Desford Living Sober,52.627473,-1.296116,Wednesday,19:30,Alcoholics Anonymous,1,0,0
Dewsbury,53.691003,-1.632177,Thursday,20:00,Alcoholics Anonymous,1,0,0
Dewsbury 12 Step,53.691003,-1.632177,Saturday,20:00,Alcoholics Anonymous,1,0,0
"Dewsbury Open Experience, Strength & Hope",53.691003,-1.632177,Sunday,19:30,Alcoholics Anonymous,1,0,0
Didcot Lunchtime,51.604264,-1.229258,Sunday,12:30,Alcoholics Anonymous,1,0,0
Didcot Midweek Recovery,51.604264,-1.229258,Wednesday,19:30,Alcoholics Anonymous,1,0,0
Ditchling Step,50.922927,-0.11365,Monday,13:00,Alcoholics Anonymous,1,0,0
Doncaster Intake Share,53.531109,-1.09472,Saturday,19:00,Alcoholics Anonymous,1,0,0
Dorridge,52.375763,-1.749384,Friday,19:00,Alcoholics Anonymous,1,0,0
Dorridge As Bill Sees It,52.375763,-1.749384,Wednesday,10:00,Alcoholics Anonymous,1,0,0
Dover Big Book Study,51.125884,1.313958,Monday,19:30,Alcoholics Anonymous,1,0,0
Dover Into Action,51.125669,1.313025,Wednesday,19:30,Alcoholics Anonymous,1,0,0
Downham Emotional Sobriety,52.603925,0.374326,Wednesday,19:30,Alcoholics Anonymous,1,0,0
Downham Market Experience Strength & Hope,52.603925,0.374326,Saturday,19:30,Alcoholics Anonymous,1,0,0
Droga Do Zdrowienia Polish Speaking,51.512842,-0.472899,Tuesday,20:00,Alcoholics Anonymous,1,0,0
Dunmow Step,51.872001,0.360906,Sunday,19:00,Alcoholics Anonymous,1,0,0
Dunstable Keep It Simple,51.875488,-0.496256,Sunday,17:30,Alcoholics Anonymous,1,0,0
Dunstable Living Sober,51.883238,-0.522456,Thursday,19:30,Alcoholics Anonymous,1,0,0
Dunstable We Can Recover Beginners,51.886118,-0.519881,Tuesday,19:30,Alcoholics Anonymous,1,0,0
Ealing Czwarty Wymiar (Polish),51.516463,-0.303306,Friday,20:00,Alcoholics Anonymous,1,0,0
Ealing Przebudzienie (Polish Speaking),51.516463,-0.303306,Saturday,17:30,Alcoholics Anonymous,1,0,0
East Garston,51.488838,-1.476904,Wednesday,20:00,Alcoholics Anonymous,1,0,0
East Grinstead,51.128534,-0.01466,Friday,19:30,Alcoholics Anonymous,1,0,0
East Grinstead Discussion,51.133296,-0.019529,Wednesday,20:30,Alcoholics Anonymous,1,0,0
East Grinstead Step & Tradition,51.133296,-0.019529,Monday,19:30,Alcoholics Anonymous,1,0,0
Eastbourne Big Book Study,50.761848,0.279662,Friday,10:30,Alcoholics Anonymous,1,0,0
Eastbourne Langley Daily Reflection,50.802597,0.301089,Saturday,18:00,Alcoholics Anonymous,1,0,0
Eastbourne Lunchtime As Bill Sees It,50.761848,0.279662,Tuesday,12:30,Alcoholics Anonymous,1,0,0
Eastbourne Women's,50.768325,0.289238,Wednesday,13:00,Alcoholics Anonymous,1,0,0
Eastleigh,50.966172,-1.354684,Monday,19:30,Alcoholics Anonymous,1,0,0
Eastleigh Chapter And Verse Big Book Study,50.965944,-1.35247,Wednesday,19:30,Alcoholics Anonymous,1,0,0
Eaton Square Newcomers,51.498152,-0.149138,Thursday,20:00,Alcoholics Anonymous,1,0,0
Edenbridge,51.197216,0.064425,Thursday,19:45,Alcoholics Anonymous,1,0,0
Edge Of City Early Evening,51.512497,-0.052098,Thursday,18:30,Alcoholics Anonymous,1,0,0
Edgware As Bill Sees It,51.611831,-0.278122,Tuesday,20:00,Alcoholics Anonymous,1,0,0
Edgware Reflections,51.611831,-0.278122,Monday,13:30,Alcoholics Anonymous,1,0,0
Edgware Simply Aa,51.611831,-0.278122,Monday,15:00,Alcoholics Anonymous,1,0,0
Edgware Step,51.611831,-0.278122,Sunday,19:30,Alcoholics Anonymous,1,0,0
Ellesmere Port Spiritual Awakenings - Big Book Study,53.278858,-2.901932,Thursday,13:00,Alcoholics Anonymous,1,0,0
Ellesmere Port Step,53.287178,-2.947619,Monday,19:30,Alcoholics Anonymous,1,0,0
Elstree Reflections,51.653669,-0.281822,Saturday,10:00,Alcoholics Anonymous,1,0,0
Enfield Highway Stepping Into Recovery,51.656594,-0.047084,Thursday,12:45,Alcoholics Anonymous,1,0,0
Enfield Stepping Into Happiness,51.650013,-0.046844,Monday,20:00,Alcoholics Anonymous,1,0,0
Enfield There Is A Solution,51.656594,-0.047084,Sunday,19:30,Alcoholics Anonymous,1,0,0
Enfield W Kregu Polish Speaking,51.656594,-0.047084,Monday,19:30,Alcoholics Anonymous,1,0,0
Englefield Green Lunch Step,51.427309,-0.573053,Tuesday,13:30,Alcoholics Anonymous,1,0,0
Epping,51.70501,0.114715,Saturday,20:00,Alcoholics Anonymous,1,0,0
Epsom,51.329535,-0.274228,Monday,20:00,Alcoholics Anonymous,1,0,0
Erith Poczatkujacy Polish Speaking,51.478181,0.16089,Sunday,19:30,Alcoholics Anonymous,1,0,0
Eshe Rd Recovery,53.488588,-3.034634,Sunday,19:30,Alcoholics Anonymous,1,0,0
Esher Newcomers,51.361549,-0.381437,Tuesday,19:30,Alcoholics Anonymous,1,0,0
Esher We Are Not A Glum Lot,51.367803,-0.36423,Saturday,18:00,Alcoholics Anonymous,1,0,0
Esher Women On Wednesday,51.369499,-0.367201,Wednesday,19:30,Alcoholics Anonymous,1,0,0
Evesham,52.091813,-1.943862,Monday,20:00,Alcoholics Anonymous,1,0,0
"Evesham Experience, Strength & Hope",52.091813,-1.943862,Friday,19:30,Alcoholics Anonymous,1,0,0
Ewell Newcomers Chip,51.354347,-0.267049,Monday,18:30,Alcoholics Anonymous,1,0,0
Ewell Step & Tradition,51.354347,-0.267049,Wednesday,18:00,Alcoholics Anonymous,1,0,0
Exmouth Experience Strength & Hope,50.619169,-3.411279,Sunday,19:30,Alcoholics Anonymous,1,0,0
Exmouth Share,50.619169,-3.411279,Wednesday,19:30,Alcoholics Anonymous,1,0,0
Faringdon,51.655811,-1.58823,Friday,19:45,Alcoholics Anonymous,1,0,0
Farnham Big Book Study,51.214617,-0.796594,Thursday,19:30,Alcoholics Anonymous,1,0,0
Farnham Discussion,51.214617,-0.796594,Tuesday,11:15,Alcoholics Anonymous,1,0,0
Farnham Lunchtime,51.214617,-0.796594,Friday,12:30,Alcoholics Anonymous,1,0,0
Farnham Our Primary Purpose,51.214208,-0.795316,Tuesday,19:00,Alcoholics Anonymous,1,0,0
Farnham Women,51.214617,-0.796594,Monday,18:30,Alcoholics Anonymous,1,0,0
Ferndown,50.80484,-1.898324,Monday,19:45,Alcoholics Anonymous,1,0,0
Finchley Recovery 2000,51.608699,-0.186574,Saturday,19:30,Alcoholics Anonymous,1,0,0
First Thamesmead,51.49401,0.127351,Tuesday,20:00,Alcoholics Anonymous,1,0,0
Fittleworth How It Works,50.961504,-0.561239,Wednesday,19:00,Alcoholics Anonymous,1,0,0
Flitwick Big Book Discussion,52.010047,-0.510406,Thursday,19:00,Alcoholics Anonymous,1,0,0
Folkestone Step & Tradition,51.083592,1.183855,Sunday,15:30,Alcoholics Anonymous,1,0,0
Freshwater Living Sober,50.679866,-1.519012,Sunday,11:00,Alcoholics Anonymous,1,0,0
Frinton Big Book,51.831023,1.245857,Monday,19:30,Alcoholics Anonymous,1,0,0
Frinton-On-Sea,51.831023,1.245857,Friday,20:00,Alcoholics Anonymous,1,0,0
Fulham,51.483551,-0.217853,Thursday,19:45,Alcoholics Anonymous,1,0,0
Fulham Just For Today,51.483551,-0.217853,Wednesday,10:00,Alcoholics Anonymous,1,0,0
Fulham Newcomers Focus,51.483551,-0.217853,Tuesday,19:30,Alcoholics Anonymous,1,0,0
Fulham Newcomers Focus,51.483551,-0.217853,Sunday,10:30,Alcoholics Anonymous,1,0,0
Gainsborough,53.39581,-0.762088,Thursday,19:30,Alcoholics Anonymous,1,0,0
Garston,53.356548,-2.901003,Friday,19:30,Alcoholics Anonymous,1,0,0
Garston Spiritual Driven Life,53.356548,-2.901003,Tuesday,13:00,Alcoholics Anonymous,1,0,0
Gerrards Cross Discussion Hybrid,51.61953,-0.542837,Monday,20:00,Alcoholics Anonymous,1,0,0
Goole Just For Today,53.707963,-0.880344,Wednesday,19:30,Alcoholics Anonymous,1,0,0
"Grantham Experience, Strength & Hope",52.912021,-0.637736,Saturday,18:30,Alcoholics Anonymous,1,0,0
Grantham Steps,52.912021,-0.637736,Wednesday,19:30,Alcoholics Anonymous,1,0,0
Gravesend,51.441154,0.371757,Thursday,20:00,Alcoholics Anonymous,1,0,0
Gravesend Beginners,51.438732,0.369213,Tuesday,20:00,Alcoholics Anonymous,1,0,0
Gravesend Lunchtime,51.441821,0.373431,Monday,12:00,Alcoholics Anonymous,1,0,0
Grays Step & Tradition,51.47793,0.327621,Monday,20:00,Alcoholics Anonymous,1,0,0
Great Dunmow,51.872001,0.360906,Wednesday,20:00,Alcoholics Anonymous,1,0,0
Great Horkesley Living Sober,51.929853,0.876375,Wednesday,17:30,Alcoholics Anonymous,1,0,0
Great Yarmouth A Daily Reprieve,52.606212,1.728883,Friday,19:30,Alcoholics Anonymous,1,0,0
Great Yarmouth Living Sober,52.606212,1.728883,Monday,12:00,Alcoholics Anonymous,1,0,0
Great Yarmouth Sober By The Sea,52.606212,1.728883,Friday,12:00,Alcoholics Anonymous,1,0,0
Greenford Step & Discussion,51.535871,-0.348774,Wednesday,20:00,Alcoholics Anonymous,1,0,0
Grimsby,53.569258,-0.07112,Friday,19:00,Alcoholics Anonymous,1,0,0
Halesowen,52.448709,-2.047799,Saturday,10:00,Alcoholics Anonymous,1,0,0
Halesowen,52.44863,-2.062939,Friday,19:00,Alcoholics Anonymous,1,0,0
Halesowen Morning,52.44863,-2.062939,Sunday,11:00,Alcoholics Anonymous,1,0,0
Halesworth Living Sober,52.338914,1.499124,Sunday,17:00,Alcoholics Anonymous,1,0,0
Halstead Daily Reflection,51.945664,0.638435,Thursday,19:00,Alcoholics Anonymous,1,0,0
Halstead Living Sober,51.945664,0.638435,Monday,20:00,Alcoholics Anonymous,1,0,0
Hambleden Morning Mens,51.606399,-0.964403,Sunday,10:00,Alcoholics Anonymous,1,0,0
Hammersmith St Augustine's,51.491062,-0.223227,Monday,20:00,Alcoholics Anonymous,1,0,0
Hampstead Sober In The Suburbs Newcomers,51.582134,-0.190198,Thursday,19:15,Alcoholics Anonymous,1,0,0
Hampton Fresh Start,51.417829,-0.373993,Monday,12:00,Alcoholics Anonymous,1,0,0
Hampton Young People & Young At Heart,51.417829,-0.373993,Monday,17:30,Alcoholics Anonymous,1,0,0
Handsworth Punjabi/English,52.511757,-1.935678,Thursday,20:00,Alcoholics Anonymous,1,0,0
Hanham Hall,51.438182,-2.494984,Wednesday,20:00,Alcoholics Anonymous,1,0,0
Harefield New Beginnings,51.604554,-0.483577,Friday,18:30,Alcoholics Anonymous,1,0,0
Harlow Free Sharing,51.756532,0.13293,Tuesday,19:15,Alcoholics Anonymous,1,0,0
Harlow Step,51.756532,0.13293,Thursday,20:00,Alcoholics Anonymous,1,0,0
Harlow We Agnostics Freethinkers,51.756532,0.13293,Wednesday,20:00,Alcoholics Anonymous,1,0,0
Harpenden Step,51.832505,-0.385578,Friday,19:00,Alcoholics Anonymous,1,0,0
Harrow Living Sober,51.601392,-0.338745,Tuesday,12:30,Alcoholics Anonymous,1,0,0
Harrow Lunchtime  As Bill Sees It,51.601392,-0.338745,Thursday,12:30,Alcoholics Anonymous,1,0,0
Harrow Lunchtime Big Book,51.601392,-0.338745,Wednesday,12:30,Alcoholics Anonymous,1,0,0
Harrow On The Hill Serenity At Six,51.575942,-0.3401,Friday,18:00,Alcoholics Anonymous,1,0,0
Hartfield It Works If You Work It,51.101784,0.110994,Wednesday,19:45,Alcoholics Anonymous,1,0,0
Hatfield,51.762566,-0.214689,Monday,20:00,Alcoholics Anonymous,1,0,0
Hatfield Feniks (Polish Speaking),51.762566,-0.214689,Wednesday,20:00,Alcoholics Anonymous,1,0,0
Haverhill Recovery,52.084468,0.443834,Monday,18:30,Alcoholics Anonymous,1,0,0
Hayes Discussion,51.523925,-0.43112,Sunday,20:00,Alcoholics Anonymous,1,0,0
Heathfield Hope,50.970812,0.25048,Monday,19:15,Alcoholics Anonymous,1,0,0
Hebden Bridge Meditation & Recovery,53.741001,-2.015988,Friday,20:00,Alcoholics Anonymous,1,0,0
Helsby Step,53.27532,-2.76791,Friday,19:45,Alcoholics Anonymous,1,0,0
Helston,50.100405,-5.276944,Wednesday,19:30,Alcoholics Anonymous,1,0,0
Hemsby Experience Strength & Hope,52.696461,1.68944,Tuesday,19:30,Alcoholics Anonymous,1,0,0
Hemsworth In Recovery,53.610979,-1.35381,Wednesday,19:00,Alcoholics Anonymous,1,0,0
Hendon As Bill See's It,51.587311,-0.223569,Tuesday,12:30,Alcoholics Anonymous,1,0,0
Hendon You'll Never Walk Alone,51.587311,-0.223569,Wednesday,18:45,Alcoholics Anonymous,1,0,0
Henley Early Bird,51.535604,-0.903638,Tuesday,07:15,Alcoholics Anonymous,1,0,0
Henley-On-Thames,51.535604,-0.903638,Thursday,19:45,Alcoholics Anonymous,1,0,0
Henley-On-Thames Saturday Morning Steps,51.542145,-0.906884,Saturday,10:00,Alcoholics Anonymous,1,0,0
Herne Bay There Is A Solution Speaker,51.371845,1.129572,Sunday,18:00,Alcoholics Anonymous,1,0,0
Hexham,54.970258,-2.102903,Thursday,19:00,Alcoholics Anonymous,1,0,0
Hexham Big Book Study,54.970258,-2.102903,Tuesday,19:00,Alcoholics Anonymous,1,0,0
Hexham Steps & Traditions,54.970258,-2.102903,Monday,19:00,Alcoholics Anonymous,1,0,0
Highworth,51.636769,-1.705284,Wednesday,19:30,Alcoholics Anonymous,1,0,0
Hinckley Experience Strength & Hope,52.541426,-1.370612,Tuesday,20:00,Alcoholics Anonymous,1,0,0
Hinckley Step,52.541426,-1.370612,Sunday,20:00,Alcoholics Anonymous,1,0,0
Hindhead Discussion,51.124556,-0.743857,Tuesday,20:00,Alcoholics Anonymous,1,0,0
"Holmfirth Share, Experience, Strength & Hope",53.556654,-1.81989,Monday,20:00,Alcoholics Anonymous,1,0,0
Hook,51.281432,-0.966321,Wednesday,19:00,Alcoholics Anonymous,1,0,0
Horley/Gatwick,51.172049,-0.165215,Thursday,20:00,Alcoholics Anonymous,1,0,0
Hornsea,53.907052,-0.171746,Saturday,19:30,Alcoholics Anonymous,1,0,0
How's Your Head?,51.52095,-0.211152,Thursday,19:30,Alcoholics Anonymous,1,0,0
Howden,53.741586,-0.871338,Friday,19:30,Alcoholics Anonymous,1,0,0
Hoxton Trew Recovery,51.532816,-0.086815,Monday,19:30,Alcoholics Anonymous,1,0,0
Hoylake,53.392073,-3.178431,Thursday,19:45,Alcoholics Anonymous,1,0,0
Hoylake Lunchtime,53.392073,-3.178431,Monday,12:00,Alcoholics Anonymous,1,0,0
Hull Victoria Dock Aa Literature/Main Share,53.741269,-0.32392,Wednesday,19:30,Alcoholics Anonymous,1,0,0
Hull Victoria Dock Big Book Study,53.741269,-0.32392,Sunday,19:30,Alcoholics Anonymous,1,0,0
Hythe Multi-Mtg,51.070623,1.081526,Saturday,18:30,Alcoholics Anonymous,1,0,0
Hythe Multi-Mtg Lunchtime Big Book,51.070623,1.081526,Friday,13:15,Alcoholics Anonymous,1,0,0
Hythe Multi-Mtg Step & Tradition,51.070623,1.081526,Wednesday,19:30,Alcoholics Anonymous,1,0,0
Immingham Stallingborough,53.585671,-0.187082,Sunday,18:00,Alcoholics Anonymous,1,0,0
Islington Angel Speaker,51.533592,-0.111914,Tuesday,19:00,Alcoholics Anonymous,1,0,0
Islington How It Works/Jak To Dziala (Polish Speaking),51.530559,-0.106777,Wednesday,19:00,Alcoholics Anonymous,1,0,0
Iver Recovery,51.501974,-0.506689,Sunday,19:30,Alcoholics Anonymous,1,0,0
Kencot Womens Step & Tradition,51.737657,-1.633959,Tuesday,19:30,Alcoholics Anonymous,1,0,0
Kensington Morning,51.49922,-0.206912,Saturday,09:30,Alcoholics Anonymous,1,0,0
Kensington St Michael's Big Book Study,51.52095,-0.211152,Tuesday,19:30,Alcoholics Anonymous,1,0,0
Kentish Town Newcomers,51.551567,-0.137598,Wednesday,18:30,Alcoholics Anonymous,1,0,0
Keynsham Altered Attitudes,51.415633,-2.49822,Monday,19:00,Alcoholics Anonymous,1,0,0
Keynsham New Freedom New Happiness,51.416833,-2.497313,Friday,18:30,Alcoholics Anonymous,1,0,0
Kings Bromley,52.748127,-1.804082,Thursday,19:00,Alcoholics Anonymous,1,0,0
Kingsbridge Lunch,50.286344,-3.777572,Tuesday,12:30,Alcoholics Anonymous,1,0,0
Kingsbury Big Book,51.580592,-0.266755,Wednesday,20:00,Alcoholics Anonymous,1,0,0
Kingstanding,52.543199,-1.879046,Saturday,20:00,Alcoholics Anonymous,1,0,0
Knightsbridge Kinnerton Street,51.501335,-0.157092,Wednesday,19:00,Alcoholics Anonymous,1,0,0
Launceston,50.630632,-4.358868,Tuesday,19:00,Alcoholics Anonymous,1,0,0
Launceston,50.630632,-4.358868,Saturday,14:30,Alcoholics Anonymous,1,0,0
Launceston,50.630632,-4.358868,Thursday,19:30,Alcoholics Anonymous,1,0,0
Leatherhead,51.299803,-0.324259,Tuesday,20:00,Alcoholics Anonymous,1,0,0
Lechlade Big Book Study,51.697473,-1.691305,Saturday,09:00,Alcoholics Anonymous,1,0,0
Lechlade Step & Tradition,51.695189,-1.69294,Tuesday,12:00,Alcoholics Anonymous,1,0,0
Leek Afternoon,53.106787,-2.025607,Sunday,16:00,Alcoholics Anonymous,1,0,0
Leighton Buzzard Big Book,51.905788,-0.642588,Tuesday,20:00,Alcoholics Anonymous,1,0,0
Leighton Buzzard Friday Night Friends Of Bill & Bob,51.918708,-0.660637,Friday,19:00,Alcoholics Anonymous,1,0,0
Leighton Buzzard Newcomers,51.918708,-0.660637,Tuesday,20:00,Alcoholics Anonymous,1,0,0
Leyburn Living Sober,54.311346,-1.830454,Saturday,08:30,Alcoholics Anonymous,1,0,0
Lichfield,52.683695,-1.825065,Thursday,20:00,Alcoholics Anonymous,1,0,0
Littleborough Step 11  - Newcomer,53.645954,-2.098983,Monday,19:00,Alcoholics Anonymous,1,0,0
Littlehampton,50.809923,-0.543474,Wednesday,19:30,Alcoholics Anonymous,1,0,0
Littlehampton As Bill Sees It,50.809923,-0.543474,Sunday,15:30,Alcoholics Anonymous,1,0,0
Littlehampton Newcomers,50.807318,-0.538687,Friday,19:00,Alcoholics Anonymous,1,0,0
Liverpool Eshe Road,53.4882664,-3.0346493,Friday,13:00,Alcoholics Anonymous,1,0,0
Liverpool St Nic's,53.407084,-2.99487,Thursday,11:00,Alcoholics Anonymous,1,0,0
Liverpool St Nicholas,53.407084,-2.99487,Tuesday,19:15,Alcoholics Anonymous,1,0,0
Llangollen,52.969857,-3.174595,Saturday,18:00,Alcoholics Anonymous,1,0,0
Lockerbie Living Sober,55.12276,-3.355952,Thursday,20:00,Alcoholics Anonymous,1,0,0
Lowestoft,52.461245,1.736231,Thursday,12:00,Alcoholics Anonymous,1,0,0
Lowestoft Big Book Stories,52.474786,1.75256,Friday,19:00,Alcoholics Anonymous,1,0,0
"Lowestoft Experience, Strength & Hope",52.477723,1.754392,Monday,19:00,Alcoholics Anonymous,1,0,0
Ludlow,52.367638,-2.712088,Monday,12:30,Alcoholics Anonymous,1,0,0
Ludlow Step & Traditions,52.365886,-2.718523,Tuesday,20:00,Alcoholics Anonymous,1,0,0
Luton,51.872907,-0.408023,Tuesday,13:00,Alcoholics Anonymous,1,0,0
Luton Stopsley Big Book,51.892126,-0.370242,Monday,19:00,Alcoholics Anonymous,1,0,0
Luton Strathmore Ave,51.872773,-0.408768,Saturday,19:00,Alcoholics Anonymous,1,0,0
Lutterworth Ladies Big Book Study,52.464369,-1.202951,Monday,19:00,Alcoholics Anonymous,1,0,0
Lydney Taurus Crafts,51.716684,-2.549204,Sunday,19:30,Alcoholics Anonymous,1,0,0
Malmesbury,51.583815,-2.096997,Friday,18:30,Alcoholics Anonymous,1,0,0
Malmesbury Step & Tradition,51.583815,-2.096997,Wednesday,12:30,Alcoholics Anonymous,1,0,0
Margate 12 & 12,51.383642,1.384608,Monday,19:45,Alcoholics Anonymous,1,0,0
Margate Chair,51.383642,1.384608,Friday,19:30,Alcoholics Anonymous,1,0,0
Margate Hope & Gratitude,51.383642,1.384608,Wednesday,13:30,Alcoholics Anonymous,1,0,0
Margate Just For Today,51.383642,1.384608,Thursday,07:00,Alcoholics Anonymous,1,0,0
Margate Living Sober,51.383642,1.384608,Saturday,10:00,Alcoholics Anonymous,1,0,0
Margate Morning Just For Today,51.383642,1.384608,Tuesday,10:30,Alcoholics Anonymous,1,0,0
Margate Sunrisers,51.383642,1.384608,Monday,07:00,Alcoholics Anonymous,1,0,0
Market Harborough Literature Study,52.481151,-0.922196,Friday,19:30,Alcoholics Anonymous,1,0,0
Market Harborough Share,52.481151,-0.922196,Monday,19:30,Alcoholics Anonymous,1,0,0
Market Harborough Women In Sobriety Big Book Study,52.481151,-0.922196,Saturday,12:00,Alcoholics Anonymous,1,0,0
Mayfair - A New Freedom Newcomers,51.509058,-0.151222,Monday,19:30,Alcoholics Anonymous,1,0,0
Mayfair Beginners There Is A Solution,51.509058,-0.151222,Wednesday,19:30,Alcoholics Anonymous,1,0,0
Mayfair Hybrid,51.509058,-0.151222,Friday,19:00,Alcoholics Anonymous,1,0,0
Middle Herrington,54.872075,-1.444833,Monday,19:30,Alcoholics Anonymous,1,0,0
Middle Herrington New Beginnings,54.872075,-1.444833,Friday,19:30,Alcoholics Anonymous,1,0,0
Midsomer Norton,51.286974,-2.480651,Tuesday,19:30,Alcoholics Anonymous,1,0,0
Mill Hill Lunchtime,51.614547,-0.245346,Thursday,12:30,Alcoholics Anonymous,1,0,0
Milton Keynes Bletchley,51.993922,-0.728073,Monday,20:00,Alcoholics Anonymous,1,0,0
Milton Keynes Newcomers,52.011835,-0.647513,Saturday,09:30,Alcoholics Anonymous,1,0,0
Mitcham,51.406613,-0.160403,Monday,20:00,Alcoholics Anonymous,1,0,0
Morden We Have Recovered Big Book Study,51.396372,-0.19222,Monday,20:00,Alcoholics Anonymous,1,0,0
Moreton-In-Marsh,51.990187,-1.70169,Monday,13:00,Alcoholics Anonymous,1,0,0
Morpeth Big Book Study,55.170378,-1.68893,Monday,18:00,Alcoholics Anonymous,1,0,0
Morpeth Chair & Share,55.170378,-1.68893,Friday,18:00,Alcoholics Anonymous,1,0,0
Morpeth Step,55.170378,-1.68893,Thursday,18:00,Alcoholics Anonymous,1,0,0
Nantwich,53.063828,-2.519589,Saturday,20:00,Alcoholics Anonymous,1,0,0
Nantwich Lunchtime,53.063828,-2.519589,Monday,12:30,Alcoholics Anonymous,1,0,0
New Addington Thank God It's Friday,51.339155,-0.00784,Friday,19:45,Alcoholics Anonymous,1,0,0
New Brighton,53.437701,-3.042221,Tuesday,11:00,Alcoholics Anonymous,1,0,0
New Cross Newcomers,51.476064,-0.04749,Monday,19:30,Alcoholics Anonymous,1,0,0
New Forest Milford On Sea,50.726054,-1.587233,Friday,19:30,Alcoholics Anonymous,1,0,0
New Milton There Is A Solution,50.748754,-1.666949,Thursday,19:15,Alcoholics Anonymous,1,0,0
Newark,53.075765,-0.806288,Tuesday,19:30,Alcoholics Anonymous,1,0,0
Newburn Ladies Just For Today,54.982344,-1.74287,Sunday,15:00,Alcoholics Anonymous,1,0,0
Newbury As Bill Sees It,51.395033,-1.324811,Saturday,09:30,Alcoholics Anonymous,1,0,0
Newbury Design For Living,51.346799,-1.325994,Friday,19:00,Alcoholics Anonymous,1,0,0
Newbury Midweek Recovery,51.346799,-1.325994,Wednesday,18:30,Alcoholics Anonymous,1,0,0
Newbury Step Study,51.395033,-1.324811,Monday,20:00,Alcoholics Anonymous,1,0,0
Newcastle Newburn Mixed Meeting,54.982344,-1.74287,Wednesday,18:15,Alcoholics Anonymous,1,0,0
Newport,52.758422,-2.379961,Thursday,20:00,Alcoholics Anonymous,1,0,0
Newport 12 & 12,51.582249,-3.00281,Saturday,12:30,Alcoholics Anonymous,1,0,0
Newport Newcomers Big Book,51.582249,-3.00281,Tuesday,19:30,Alcoholics Anonymous,1,0,0
Newport Pagnell: Bill & Bob's Excellent Adventure,52.085822,-0.725515,Thursday,19:30,Alcoholics Anonymous,1,0,0
Newport Pagnell: Bill & Bob's Excellent Adventure,52.085822,-0.725515,Saturday,12:30,Alcoholics Anonymous,1,0,0
Newport Topic & Share,51.582249,-3.00281,Wednesday,19:15,Alcoholics Anonymous,1,0,0
Newton Leys Life Starts Here,51.9926742,-0.7515198,Tuesday,20:00,Alcoholics Anonymous,1,0,0
Northolt Jest Radosc Polish Speaking,51.54395,-0.371059,Wednesday,19:45,Alcoholics Anonymous,1,0,0
Northolt Szczesliwi Radosni I Wolni Polish Speaking,51.54395,-0.371059,Saturday,11:00,Alcoholics Anonymous,1,0,0
Northolt W Bezsilnosci Sila Polish Speaking,51.54395,-0.371059,Monday,19:45,Alcoholics Anonymous,1,0,0
Nottingham Sherwood,40.2908242,-74.3274453,Tuesday,11:30,Alcoholics Anonymous,1,0,0
Nuneaton Daily Reflections,52.526465,-1.477346,Monday,20:00,Alcoholics Anonymous,1,0,0
Oakham As Bill Sees It,52.672299,-0.73124,Saturday,19:00,Alcoholics Anonymous,1,0,0
Oakham Byo Big Book,52.672299,-0.73124,Monday,18:30,Alcoholics Anonymous,1,0,0
Ockley Discussion,51.15178,-0.357884,Sunday,19:45,Alcoholics Anonymous,1,0,0
Odiham Just For Today,51.253047,-0.939559,Sunday,14:00,Alcoholics Anonymous,1,0,0
"Okehampton Experience, Strength & Hope",50.738116,-4.002015,Monday,19:30,Alcoholics Anonymous,1,0,0
Okehampton Living Sober,50.738116,-4.002015,Wednesday,19:30,Alcoholics Anonymous,1,0,0
Old Street Recovery Group  - Step Discussion,51.527785,-0.097593,Tuesday,18:00,Alcoholics Anonymous,1,0,0
Old Windsor As Bill Sees It,51.464162,-0.585134,Friday,13:00,Alcoholics Anonymous,1,0,0
Paignton,50.436177,-3.568926,Sunday,12:00,Alcoholics Anonymous,1,0,0
Paignton As Bill Sees It,50.433591,-3.57233,Tuesday,11:30,Alcoholics Anonymous,1,0,0
Paignton Steps & Traditions,50.433591,-3.57233,Wednesday,11:30,Alcoholics Anonymous,1,0,0
Parsons Green,51.473869,-0.200884,Monday,13:00,Alcoholics Anonymous,1,0,0
Parsons Green How It Is,51.473212,-0.200934,Thursday,18:00,Alcoholics Anonymous,1,0,0
Penge,51.412392,-0.050546,Saturday,19:30,Alcoholics Anonymous,1,0,0
Penistone,53.527474,-1.633414,Friday,19:30,Alcoholics Anonymous,1,0,0
Penzance,50.105673,-5.550621,Monday,19:30,Alcoholics Anonymous,1,0,0
Peterborough Orton,52.541782,-0.303109,Tuesday,19:30,Alcoholics Anonymous,1,0,0
Peterborough Steps & Traditions,52.549956,-0.329151,Monday,19:30,Alcoholics Anonymous,1,0,0
Peterlee,54.766707,-1.320988,Tuesday,19:00,Alcoholics Anonymous,1,0,0
Pilgrims Hatch Just For Today,51.639089,0.280237,Friday,20:00,Alcoholics Anonymous,1,0,0
Plawsworth Big Book Step Study,54.828081,-1.593157,Monday,19:30,Alcoholics Anonymous,1,0,0
Plawsworth Big Book Step Study,54.828081,-1.593157,Friday,19:30,Alcoholics Anonymous,1,0,0
Plumstead Beginners Steps 123,51.48319,0.073266,Tuesday,19:30,Alcoholics Anonymous,1,0,0
Plumstead Doctors Opinion,51.48319,0.073266,Thursday,19:30,Alcoholics Anonymous,1,0,0
Plymouth A New Beginning,50.384457,-3.972942,Monday,19:30,Alcoholics Anonymous,1,0,0
Plymouth Keep It Simple,50.379067,-4.168034,Monday,19:30,Alcoholics Anonymous,1,0,0
Plymouth Lunchtime,50.367774,-4.142855,Friday,12:00,Alcoholics Anonymous,1,0,0
Plymouth Lunchtime,50.367774,-4.142855,Monday,12:00,Alcoholics Anonymous,1,0,0
Pontefract Step,53.68963,-1.313778,Monday,19:30,Alcoholics Anonymous,1,0,0
Ponteland,55.050611,-1.743683,Tuesday,19:45,Alcoholics Anonymous,1,0,0
Portslade 999,50.842669,-0.219841,Tuesday,19:30,Alcoholics Anonymous,1,0,0
Potters Bar,51.695106,-0.179241,Tuesday,20:00,Alcoholics Anonymous,1,0,0
Prestatyn,53.335769,-3.423673,Saturday,19:30,Alcoholics Anonymous,1,0,0
Presteigne,52.275748,-3.010815,Wednesday,19:00,Alcoholics Anonymous,1,0,0
Prudhoe How We Recovered,54.961668,-1.852677,Sunday,17:00,Alcoholics Anonymous,1,0,0
Prudhoe How We Recovered,54.961668,-1.852677,Tuesday,19:30,Alcoholics Anonymous,1,0,0
Rainham Primary Purpose,51.519066,0.19076,Sunday,11:00,Alcoholics Anonymous,1,0,0
Redditch,52.302213,-1.940752,Tuesday,19:30,Alcoholics Anonymous,1,0,0
Redditch Lunchtime,52.302213,-1.940752,Thursday,13:00,Alcoholics Anonymous,1,0,0
Reigate As Bill Sees It,51.23767,-0.20878,Sunday,15:00,Alcoholics Anonymous,1,0,0
Reigate Big Book And 12 & 12 Study,51.241624,-0.212019,Friday,19:30,Alcoholics Anonymous,1,0,0
Reigate Woodhatch,51.225571,-0.196274,Thursday,20:00,Alcoholics Anonymous,1,0,0
"Richmond (North Yorkshire) Sharing Experience, Strength & Hope",54.40486,-1.7365,Wednesday,19:30,Alcoholics Anonymous,1,0,0
"Richmond Reeth Experience, Strengh & Hope",54.39079,-1.943547,Monday,12:30,Alcoholics Anonymous,1,0,0
Rickmansworth Step,51.639161,-0.468044,Thursday,20:00,Alcoholics Anonymous,1,0,0
Rickmansworth Women's,51.639161,-0.468044,Monday,19:30,Alcoholics Anonymous,1,0,0
Ringwood,50.845351,-1.78997,Wednesday,19:45,Alcoholics Anonymous,1,0,0
Ringwood Big Book Study,50.844043,-1.787745,Monday,19:15,Alcoholics Anonymous,1,0,0
Ringwood Morning Daily Reflections,50.844043,-1.787745,Friday,07:00,Alcoholics Anonymous,1,0,0
Romsey,50.988706,-1.501634,Wednesday,19:45,Alcoholics Anonymous,1,0,0
Romsey The Lunch Bunch,50.988706,-1.501634,Thursday,12:00,Alcoholics Anonymous,1,0,0
Royston,52.053453,-0.022456,Wednesday,19:30,Alcoholics Anonymous,1,0,0
Royston,52.053453,-0.022456,Sunday,19:00,Alcoholics Anonymous,1,0,0
Rugby Evening,52.375206,-1.260101,Monday,20:00,Alcoholics Anonymous,1,0,0
Rugby Hibberts Hall,52.367042,-1.262866,Wednesday,20:00,Alcoholics Anonymous,1,0,0
Rugeley As Bill Sees It,52.758446,-1.933826,Wednesday,19:15,Alcoholics Anonymous,1,0,0
Rugeley Share & Recovery,52.758446,-1.933826,Sunday,20:00,Alcoholics Anonymous,1,0,0
Saddleworth Living Sober Morning Prayer & Meditation,53.549068,-2.004595,Monday,07:00,Alcoholics Anonymous,1,0,0
Saffron Walden,52.021525,0.23922,Monday,19:30,Alcoholics Anonymous,1,0,0
Saffron Walden New Life Polish Speaking,52.020224,0.254153,Sunday,18:00,Alcoholics Anonymous,1,0,0
Salisbury,51.068999,-1.798819,Wednesday,19:30,Alcoholics Anonymous,1,0,0
Salisbury,51.068999,-1.798819,Monday,19:30,Alcoholics Anonymous,1,0,0
Salisbury,51.068999,-1.798819,Friday,19:30,Alcoholics Anonymous,1,0,0
Salisbury Daily Reflection,51.068999,-1.798819,Thursday,12:30,Alcoholics Anonymous,1,0,0
Salisbury Living Sober,51.068999,-1.798819,Saturday,19:00,Alcoholics Anonymous,1,0,0
Salisbury Morning As Bill Sees It,51.068999,-1.798819,Saturday,11:15,Alcoholics Anonymous,1,0,0
Saltash Irregulars,50.413658,-4.238867,Wednesday,19:30,Alcoholics Anonymous,1,0,0
Saltdean,50.804455,-0.035071,Tuesday,19:30,Alcoholics Anonymous,1,0,0
Saltdean Lido Meditation,50.801792,-0.04198,Wednesday,07:30,Alcoholics Anonymous,1,0,0
Saltdean Lido Newcomers,50.801792,-0.04198,Friday,13:00,Alcoholics Anonymous,1,0,0
Sandy As Bill Sees It,52.13496,-0.296146,Saturday,18:00,Alcoholics Anonymous,1,0,0
Scunthorpe Daytime Living Sober,53.584289,-0.656543,Thursday,10:00,Alcoholics Anonymous,1,0,0
Scunthorpe Frodingham Road,53.592551,-0.654287,Sunday,11:00,Alcoholics Anonymous,1,0,0
Scunthorpe Wybudzeni Polish Speaking,53.590863,-0.644898,Friday,19:00,Alcoholics Anonymous,1,0,0
Seaford Early Risers,50.776312,0.094218,Saturday,07:30,Alcoholics Anonymous,1,0,0
Seaford Emotional Sobriety,50.776312,0.094218,Tuesday,07:30,Alcoholics Anonymous,1,0,0
Seaford Step & Tradition,50.776312,0.094218,Monday,19:30,Alcoholics Anonymous,1,0,0
Seaham Literature,54.822128,-1.327699,Sunday,18:30,Alcoholics Anonymous,1,0,0
Seaham Multi-Group Big Book Study,54.837697,-1.338014,Monday,19:30,Alcoholics Anonymous,1,0,0
Seaham Multi-Group Step Study,54.837697,-1.338014,Friday,18:00,Alcoholics Anonymous,1,0,0
Seghill Daily Reflections,55.068568,-1.541506,Thursday,18:30,Alcoholics Anonymous,1,0,0
Selsey Step & Tradition,50.735938,-0.785491,Tuesday,18:30,Alcoholics Anonymous,1,0,0
Settle Lunchtime,54.068612,-2.278024,Tuesday,12:15,Alcoholics Anonymous,1,0,0
Sevenoaks,51.280706,0.195001,Wednesday,19:30,Alcoholics Anonymous,1,0,0
Sevenoaks,51.271475,0.17889,Sunday,19:00,Alcoholics Anonymous,1,0,0
Shaftesbury Big Book Study,51.006554,-2.197217,Thursday,19:30,Alcoholics Anonymous,1,0,0
Shaftesbury Newcomers,51.006554,-2.197217,Tuesday,19:30,Alcoholics Anonymous,1,0,0
Sheffield Dore Step & Traditions,53.32593,-1.537102,Thursday,19:30,Alcoholics Anonymous,1,0,0
Sheppey,51.421944,0.782254,Thursday,19:30,Alcoholics Anonymous,1,0,0
Shepton Montague Women's,51.084735,-2.455708,Friday,11:30,Alcoholics Anonymous,1,0,0
"Shifnal Recovery, Unity & Service",52.670195,-2.371177,Thursday,19:30,Alcoholics Anonymous,1,0,0
Shipston-On-Stour,52.088445,-1.645809,Friday,19:30,Alcoholics Anonymous,1,0,0
Shoeburyness 1St,51.542211,0.784481,Monday,18:00,Alcoholics Anonymous,1,0,0
Sittingbourne Road To Recovery,51.340207,0.735773,Friday,20:00,Alcoholics Anonymous,1,0,0
Sittingbourne Road To Recovery,51.340207,0.735773,Tuesday,20:00,Alcoholics Anonymous,1,0,0
Smethwick,52.502131,-1.987125,Friday,14:30,Alcoholics Anonymous,1,0,0
Sober In Selston,53.070869,-1.316755,Thursday,19:15,Alcoholics Anonymous,1,0,0
"Solihull Experience, Strength & Hope",52.386216,-1.737003,Monday,19:30,Alcoholics Anonymous,1,0,0
South Norwood Woodside,51.389513,-0.065102,Friday,20:00,Alcoholics Anonymous,1,0,0
South Oxhey Miracle Makers,51.625351,-0.386291,Monday,12:30,Alcoholics Anonymous,1,0,0
Southam Living Sober,52.253375,-1.387161,Monday,20:30,Alcoholics Anonymous,1,0,0
Southam Step,52.253375,-1.387161,Friday,20:00,Alcoholics Anonymous,1,0,0
Southampton Bitterne,50.914282,-1.358987,Wednesday,19:30,Alcoholics Anonymous,1,0,0
Southampton Bitterne,50.914282,-1.358987,Saturday,19:30,Alcoholics Anonymous,1,0,0
Southampton Nowe Zycie Polish Speaking,50.929325,-1.385503,Tuesday,19:30,Alcoholics Anonymous,1,0,0
Southbourne General Share,50.720614,-1.78984,Thursday,19:45,Alcoholics Anonymous,1,0,0
Southwark Blackfriars,51.502734,-0.108882,Thursday,18:30,Alcoholics Anonymous,1,0,0
Southwark Blackfriars,51.502734,-0.108882,Friday,18:30,Alcoholics Anonymous,1,0,0
St Albans Markyate Literature,51.835963,-0.46583,Wednesday,19:30,Alcoholics Anonymous,1,0,0
St Etheldreda`S Step & Tradition,51.475015,-0.21473,Saturday,09:30,Alcoholics Anonymous,1,0,0
St Leonards (Formerly West Moors),50.831062,-1.841463,Thursday,19:45,Alcoholics Anonymous,1,0,0
St Mawes,50.157675,-5.017187,Tuesday,12:00,Alcoholics Anonymous,1,0,0
St Neots  Eaton Socon,52.213012,-0.289963,Monday,20:00,Alcoholics Anonymous,1,0,0
St Neots Primary Purpose,52.213012,-0.289963,Wednesday,20:00,Alcoholics Anonymous,1,0,0
St Nicholas,53.407084,-2.99487,Monday,19:15,Alcoholics Anonymous,1,0,0
Stamford 11Th Step,52.653545,-0.476384,Friday,11:30,Alcoholics Anonymous,1,0,0
Stamford Early Evening Daily Reflections,52.653545,-0.476384,Saturday,18:00,Alcoholics Anonymous,1,0,0
"Stamford Experience, Strength & Hope",52.653545,-0.476384,Wednesday,18:00,Alcoholics Anonymous,1,0,0
Stamford Living Sober,52.653545,-0.476384,Monday,11:30,Alcoholics Anonymous,1,0,0
Stamford Share,52.653545,-0.476384,Thursday,19:30,Alcoholics Anonymous,1,0,0
Stamford Step,52.653545,-0.476384,Sunday,19:00,Alcoholics Anonymous,1,0,0
Stanpit Men's Step,50.729332,-1.754804,Tuesday,19:30,Alcoholics Anonymous,1,0,0
Stansted Womens Mixed Topic,51.903373,0.194756,Sunday,17:30,Alcoholics Anonymous,1,0,0
Staplehurst Big Book Study,51.1682,0.552933,Wednesday,19:00,Alcoholics Anonymous,1,0,0
Stockbridge,51.128875,-1.492084,Friday,12:30,Alcoholics Anonymous,1,0,0
Stone Cold Sober,51.805716,-0.866387,Wednesday,20:00,Alcoholics Anonymous,1,0,0
Stourport Big Book Study,52.340245,-2.281194,Sunday,15:45,Alcoholics Anonymous,1,0,0
Stow-On-The Wold,51.929635,-1.724227,Saturday,19:30,Alcoholics Anonymous,1,0,0
Stratford-Upon-Avon Early Birds: Daily Reflections,52.188475,-1.709143,Wednesday,07:30,Alcoholics Anonymous,1,0,0
Stratford-Upon-Avon Old Town,52.188475,-1.709143,Monday,19:45,Alcoholics Anonymous,1,0,0
Sudbury Morning Freedom,52.038163,0.727599,Sunday,11:15,Alcoholics Anonymous,1,0,0
Sunbury-On-Thames As Bill Sees It,51.418515,-0.411534,Tuesday,19:45,Alcoholics Anonymous,1,0,0
Sunderland Lifeboat Multi-Group 12 X 12 Step Study,54.893725,-1.399695,Tuesday,19:30,Alcoholics Anonymous,1,0,0
Sunderland Lifeboat Multi-Group Big Book Study,54.872075,-1.444833,Sunday,19:30,Alcoholics Anonymous,1,0,0
Sunderland Lifeboat Multi-Group Guided Big Book Study,54.893725,-1.399695,Wednesday,19:30,Alcoholics Anonymous,1,0,0
Sunderland Unity,54.908106,-1.37716,Thursday,14:30,Alcoholics Anonymous,1,0,0
Sunningdale,51.398269,-0.633758,Friday,20:00,Alcoholics Anonymous,1,0,0
Sunninghill Just For Today,51.408039,-0.650401,Wednesday,20:15,Alcoholics Anonymous,1,0,0
Sutton Bridge Daily Reflections,52.768812,0.189962,Thursday,12:30,Alcoholics Anonymous,1,0,0
Sutton Coldfield,52.570359,-1.8232,Sunday,20:00,Alcoholics Anonymous,1,0,0
Sutton Inspire Newcomers,43.3599357,-72.1849899,Wednesday,13:00,Alcoholics Anonymous,1,0,0
Sydenham Sobriety On Saturday,51.424213,-0.052445,Saturday,09:30,Alcoholics Anonymous,1,0,0
Tadley Newcomers,51.35478,-1.152307,Monday,20:00,Alcoholics Anonymous,1,0,0
Tamworth,52.635831,-1.698061,Monday,20:00,Alcoholics Anonymous,1,0,0
Tamworth,52.635831,-1.698061,Friday,19:30,Alcoholics Anonymous,1,0,0
Tavistock 12 Steps & 12 Traditions,50.550565,-4.145909,Friday,19:00,Alcoholics Anonymous,1,0,0
Tavistock Big Book Experience,50.548781,-4.146647,Monday,18:30,Alcoholics Anonymous,1,0,0
Tavistock Big Book Study,50.547851,-4.146831,Wednesday,19:00,Alcoholics Anonymous,1,0,0
Tavistock Daily Reflections,50.547851,-4.146831,Thursday,13:00,Alcoholics Anonymous,1,0,0
Tavistock Ladies,50.547851,-4.146831,Tuesday,18:30,Alcoholics Anonymous,1,0,0
Tavistock Living Sober,50.550565,-4.145909,Sunday,19:30,Alcoholics Anonymous,1,0,0
Tenterden,51.067482,0.685796,Tuesday,20:00,Alcoholics Anonymous,1,0,0
Tetbury,51.636393,-2.158028,Tuesday,19:30,Alcoholics Anonymous,1,0,0
Tetbury Steps 3 & 11,51.636393,-2.158028,Sunday,18:00,Alcoholics Anonymous,1,0,0
Thame Freedom Through Sobriety,51.747789,-0.981685,Saturday,19:30,Alcoholics Anonymous,1,0,0
The Deepings Share,52.670756,-0.293221,Saturday,19:00,Alcoholics Anonymous,1,0,0
The Infernal Circle  (2Nd & 4Th Week Each Month Only),51.573732,-2.394668,Thursday,20:00,Alcoholics Anonymous,1,0,0
The White House,51.496522,-0.105105,Thursday,12:30,Alcoholics Anonymous,1,0,0
Theydon First,51.671073,0.094087,Friday,19:15,Alcoholics Anonymous,1,0,0
Theydon Promises,51.671073,0.094087,Tuesday,19:15,Alcoholics Anonymous,1,0,0
Thornbury Hope,51.608283,-2.526451,Friday,19:30,Alcoholics Anonymous,1,0,0
Timsbury Traditions,51.328742,-2.47717,Monday,19:30,Alcoholics Anonymous,1,0,0
Tisbury Step,51.064906,-2.080008,Wednesday,19:30,Alcoholics Anonymous,1,0,0
Todmorden,53.712226,-2.099201,Monday,19:30,Alcoholics Anonymous,1,0,0
Todmorden Steps,53.712226,-2.099201,Friday,19:00,Alcoholics Anonymous,1,0,0
Torquay Babbacombe Lunchtime,50.477034,-3.517523,Monday,12:30,Alcoholics Anonymous,1,0,0
Tottenham Indigo Polish Speaking,51.596073,-0.068348,Friday,19:30,Alcoholics Anonymous,1,0,0
Tottenham Pendolino Polish Speaking,51.596073,-0.068348,Tuesday,19:30,Alcoholics Anonymous,1,0,0
Tottenham Wrzos Polish Speaking,51.596073,-0.068348,Saturday,19:30,Alcoholics Anonymous,1,0,0
Tring,51.792464,-0.665046,Tuesday,20:00,Alcoholics Anonymous,1,0,0
Tring Serenity On Sunday,51.793255,-0.663519,Sunday,19:00,Alcoholics Anonymous,1,0,0
United Under One Roof,51.496522,-0.105105,Saturday,12:30,Alcoholics Anonymous,1,0,0
Uppingham Big Book,52.587672,-0.721938,Wednesday,19:00,Alcoholics Anonymous,1,0,0
Uxbridge,51.543474,-0.476855,Friday,20:00,Alcoholics Anonymous,1,0,0
Uxbridge Step,51.5479,-0.477494,Monday,20:00,Alcoholics Anonymous,1,0,0
Vaughan's Gillingham,51.036335,-2.27268,Monday,19:00,Alcoholics Anonymous,1,0,0
Ventnor Three Lagacies,50.593986,-1.202695,Wednesday,19:00,Alcoholics Anonymous,1,0,0
Verwood As Bill Sees It,50.880187,-1.877144,Tuesday,19:30,Alcoholics Anonymous,1,0,0
Wallingford Bridge To Living,51.601664,-1.124602,Friday,19:30,Alcoholics Anonymous,1,0,0
Waltham Cross,51.689028,-0.032986,Sunday,20:00,Alcoholics Anonymous,1,0,0
Walton-On-Thames,51.38182,-0.401208,Friday,20:00,Alcoholics Anonymous,1,0,0
Walton-On-The-Hill Tradition 5,51.279657,-0.247937,Thursday,19:45,Alcoholics Anonymous,1,0,0
Walton-On-The-Hill Tradition 5,51.279657,-0.247937,Sunday,19:30,Alcoholics Anonymous,1,0,0
Wantage,51.589022,-1.417887,Tuesday,19:45,Alcoholics Anonymous,1,0,0
Warlingham Big Book,51.308689,-0.041558,Sunday,18:00,Alcoholics Anonymous,1,0,0
Warmley Monday Morning Vision,51.456965,-2.468403,Monday,11:30,Alcoholics Anonymous,1,0,0
Warwick Bridge Steps Into Action,54.903696,-2.820332,Wednesday,19:30,Alcoholics Anonymous,1,0,0
Water Orton,52.517129,-1.740078,Monday,20:00,Alcoholics Anonymous,1,0,0
Watford Lunch As Bill Sees It,51.636574,-0.346254,Thursday,13:00,Alcoholics Anonymous,1,0,0
Wellesbourne Courage To Change Women's,52.197226,-1.594353,Tuesday,19:30,Alcoholics Anonymous,1,0,0
Wellington Big Book Study,50.979593,-3.228345,Saturday,09:30,Alcoholics Anonymous,1,0,0
Wellington Recovery,50.979593,-3.228345,Monday,19:30,Alcoholics Anonymous,1,0,0
Welwyn Garden City Chapter 5,51.799006,-0.215513,Thursday,20:00,Alcoholics Anonymous,1,0,0
Welwyn Garden City There Is A Solution,51.78556,-0.195116,Tuesday,19:30,Alcoholics Anonymous,1,0,0
West Ewell Keep It Simple,51.354347,-0.267049,Friday,18:30,Alcoholics Anonymous,1,0,0
Westbourne Big Book Discussion,50.72786,-1.905376,Saturday,10:30,Alcoholics Anonymous,1,0,0
Westminster Big Book Topic,51.497294,-0.129651,Wednesday,18:00,Alcoholics Anonymous,1,0,0
Weston-Super-Mare Daily Reflections,51.347141,-2.974542,Tuesday,19:30,Alcoholics Anonymous,1,0,0
Weston-Super-Mare Keep It In The Day,51.347092,-2.978346,Friday,15:00,Alcoholics Anonymous,1,0,0
Weston-Super-Mare Safe Harbour,51.347141,-2.974542,Sunday,10:30,Alcoholics Anonymous,1,0,0
Weston-Super-Mare Serenity By Candlelight,51.360721,-2.927878,Wednesday,19:30,Alcoholics Anonymous,1,0,0
Whaley Bridge,53.324748,-1.985352,Saturday,20:00,Alcoholics Anonymous,1,0,0
Whitchurch Daily Reflections,52.970343,-2.681858,Wednesday,12:30,Alcoholics Anonymous,1,0,0
Whitley Bay Bill W,55.041465,-1.440614,Saturday,13:00,Alcoholics Anonymous,1,0,0
Whitley Bay Into Intimacy,55.041465,-1.440614,Monday,18:00,Alcoholics Anonymous,1,0,0
Whitley Bay Morning Womens,55.041465,-1.440614,Sunday,09:30,Alcoholics Anonymous,1,0,0
Whitley Bay Serenity,55.041465,-1.440614,Thursday,12:00,Alcoholics Anonymous,1,0,0
"Whitwell Experience, Strength & Hope",53.284201,-1.207596,Thursday,19:00,Alcoholics Anonymous,1,0,0
Wincanton Big Book Study,51.056632,-2.407705,Friday,19:00,Alcoholics Anonymous,1,0,0
Windsor Big Book Step,51.477545,-0.642421,Thursday,19:45,Alcoholics Anonymous,1,0,0
Winsford Big Book Study,53.189172,-2.541067,Wednesday,20:00,Alcoholics Anonymous,1,0,0
Wisbech As Bill Sees It,52.663228,0.161418,Monday,18:00,Alcoholics Anonymous,1,0,0
Wisbech Share,52.663228,0.161418,Wednesday,20:00,Alcoholics Anonymous,1,0,0
Woburn Sands Lunchtime,52.012499,-0.645766,Thursday,13:00,Alcoholics Anonymous,1,0,0
Wolsingham,54.730321,-1.883609,Sunday,18:30,Alcoholics Anonymous,1,0,0
Wolverhampton Breakfast Daily Reflections,52.625428,-2.189493,Friday,07:00,Alcoholics Anonymous,1,0,0
Woolwich They Stopped In Time Newcomers,51.488446,0.066951,Wednesday,20:00,Alcoholics Anonymous,1,0,0
Worcester,52.190072,-2.192486,Friday,19:30,Alcoholics Anonymous,1,0,0
Worcester As Bill Sees It,52.208825,-2.227138,Thursday,19:00,Alcoholics Anonymous,1,0,0
Worcester Just For Today,52.190108,-2.208782,Saturday,09:00,Alcoholics Anonymous,1,0,0
Worksop,53.301473,-1.116375,Tuesday,19:30,Alcoholics Anonymous,1,0,0
Worksop,53.301473,-1.116375,Friday,19:30,Alcoholics Anonymous,1,0,0
Worksop Moja/Twooja Nadzieja Polish Speaking,53.309837,-1.123286,Saturday,17:30,Alcoholics Anonymous,1,0,0
Worthing Step One Newcomers,50.810792,-0.36916,Saturday,12:00,Alcoholics Anonymous,1,0,0
Wrexham,53.04378,-2.97264,Thursday,19:30,Alcoholics Anonymous,1,0,0
Wrexham Caia Park,53.045687,-2.97149,Sunday,19:30,Alcoholics Anonymous,1,0,0
Wrexham Hybrid,52.976788,-3.067225,Friday,19:30,Alcoholics Anonymous,1,0,0
Yate & Chipping Sodbury,51.540023,-2.405205,Friday,19:30,Alcoholics Anonymous,1,0,0
Yeovil Daily Reflections/Steps,50.944037,-2.624297,Monday,19:00,Alcoholics Anonymous,1,0,0
Yiewsley West Drayton  Hope & Unity,51.512842,-0.472899,Tuesday,11:30,Alcoholics Anonymous,1,0,0
Yoxall Emotional Sobriety,52.784529,-1.790659,Saturday,12:15,Alcoholics Anonymous,1,0,0
Yoxall Step,52.784529,-1.790659,Tuesday,20:00,Alcoholics Anonymous,1,0,0
Acocks Green Holy Souls,52.444856,-1.817369,Sunday,20:00,Alcoholics Anonymous,1,0,0
"Bartley Green Experience, Strength & Hope",52.435579,-2.00303,Saturday,19:00,Alcoholics Anonymous,1,0,0
Birmingham Digbeth,52.472624,-1.884421,Monday,20:00,Alcoholics Anonymous,1,0,0
Birmingham Hall Green,52.430692,-1.830171,Thursday,19:00,Alcoholics Anonymous,1,0,0
Birmingham Hodge Hill,52.501204,-1.797859,Friday,20:00,Alcoholics Anonymous,1,0,0
Birmingham Holly Lane,52.529203,-1.831568,Wednesday,18:45,Alcoholics Anonymous,1,0,0
Birmingham Jednosc Polish Speaking,52.480135,-1.892907,Sunday,14:30,Alcoholics Anonymous,1,0,0
Birmingham Kings Heath/Moseley,52.449991,-1.89214,Monday,19:30,Alcoholics Anonymous,1,0,0
Birmingham Longbridge Morning,52.395285,-1.993769,Wednesday,11:00,Alcoholics Anonymous,1,0,0
Birmingham Longridge,52.395285,-1.993769,Sunday,19:00,Alcoholics Anonymous,1,0,0
Birmingham Nechells,52.488029,-1.880021,Sunday,19:00,Alcoholics Anonymous,1,0,0
Birmingham Perry Barr,52.516178,-1.905109,Tuesday,20:00,Alcoholics Anonymous,1,0,0
Birmingham Step & Tradition,52.412206,-1.870612,Wednesday,20:00,Alcoholics Anonymous,1,0,0
Birmingham Yardley,52.463419,-1.808291,Sunday,17:30,Alcoholics Anonymous,1,0,0
Bromsgrove,52.335479,-2.055578,Monday,20:00,Alcoholics Anonymous,1,0,0
Bromsgrove Step,52.335479,-2.055578,Thursday,20:00,Alcoholics Anonymous,1,0,0
Chelmsley Wood Entire Abstinence Big Book Study,52.48044,-1.747627,Wednesday,18:30,Alcoholics Anonymous,1,0,0
Droitwich,52.261834,-2.152846,Sunday,19:30,Alcoholics Anonymous,1,0,0
Droitwich Big Book Study,52.261834,-2.152846,Tuesday,19:30,Alcoholics Anonymous,1,0,0
Edgbaston Walker Hall,52.463893,-1.918409,Saturday,11:00,Alcoholics Anonymous,1,0,0
Erdington,52.529203,-1.831568,Thursday,19:00,Alcoholics Anonymous,1,0,0
Erdington Holly Lane,52.529203,-1.831568,Tuesday,12:00,Alcoholics Anonymous,1,0,0
Erdington Morning,52.529203,-1.831568,Thursday,11:30,Alcoholics Anonymous,1,0,0
Erdington St Barnabas,52.52342,-1.840278,Saturday,12:00,Alcoholics Anonymous,1,0,0
Fordbridge,52.48044,-1.747627,Wednesday,20:00,Alcoholics Anonymous,1,0,0
Harborne,52.456783,-1.95352,Monday,20:00,Alcoholics Anonymous,1,0,0
Harborne Living Sober,52.456994,-1.955395,Monday,13:00,Alcoholics Anonymous,1,0,0
"Hodge Hill Experience, Strength & Hope",52.501204,-1.797859,Saturday,08:30,Alcoholics Anonymous,1,0,0
Moseley Chantry Road,52.449991,-1.89214,Saturday,20:00,Alcoholics Anonymous,1,0,0
Nechells Parkway,52.488029,-1.880021,Monday,12:00,Alcoholics Anonymous,1,0,0
Nechells St Vincents,52.488029,-1.880021,Friday,12:00,Alcoholics Anonymous,1,0,0
Perry Barr,52.516178,-1.905109,Thursday,20:00,Alcoholics Anonymous,1,0,0
Perry Barr Women's,52.516178,-1.905109,Saturday,18:30,Alcoholics Anonymous,1,0,0
Pype Hayes,52.527463,-1.813997,Monday,17:30,Alcoholics Anonymous,1,0,0
Pype Hayes Big Book Study,52.527463,-1.813997,Monday,19:30,Alcoholics Anonymous,1,0,0
Quinton,52.452182,-1.98324,Monday,19:30,Alcoholics Anonymous,1,0,0
Selly Oak,52.434512,-1.940723,Thursday,19:00,Alcoholics Anonymous,1,0,0
Solihull,52.450175,-1.791265,Tuesday,20:00,Alcoholics Anonymous,1,0,0
Solihull Deep Dive Big Book Study,52.413031,-1.828791,Friday,19:30,Alcoholics Anonymous,1,0,0
Solihull Discussion,52.450175,-1.791265,Friday,20:00,Alcoholics Anonymous,1,0,0
Solihull Joe & Charlie Big Book Study,52.426112,-1.80935,Saturday,08:30,Alcoholics Anonymous,1,0,0
St Josephs,52.499032,-1.871035,Wednesday,12:00,Alcoholics Anonymous,1,0,0
St Michael's,52.463419,-1.808291,Wednesday,19:30,Alcoholics Anonymous,1,0,0
Sutton Coldfield Chester Rd,52.537971,-1.837822,Sunday,13:30,Alcoholics Anonymous,1,0,0
Warstock Experience Strenth & Hope,52.412206,-1.870612,Wednesday,20:00,Alcoholics Anonymous,1,0,0
"Warstock Experience, Strength & Hope",52.412206,-1.870612,Saturday,12:00,Alcoholics Anonymous,1,0,0
Warstock Feelings,52.412206,-1.870612,Tuesday,12:00,Alcoholics Anonymous,1,0,0
Warstock Step & Tradition,52.412206,-1.870612,Tuesday,19:30,Alcoholics Anonymous,1,0,0
West Heath,52.398795,-1.963037,Friday,12:00,Alcoholics Anonymous,1,0,0
West Heath,52.39537,-1.964303,Tuesday,20:00,Alcoholics Anonymous,1,0,0
West Heath St John's Fisher,52.39537,-1.964303,Friday,20:00,Alcoholics Anonymous,1,0,0
Blackheath,52.481375,-2.042716,Thursday,20:00,Alcoholics Anonymous,1,0,0
Brierley Hill,52.473409,-2.142193,Sunday,19:00,Alcoholics Anonymous,1,0,0
Brownhills,52.644491,-1.932365,Tuesday,19:30,Alcoholics Anonymous,1,0,0
Cannock,52.70296,-2.026078,Friday,20:00,Alcoholics Anonymous,1,0,0
Cannock Morning,52.702836,-2.015555,Saturday,08:30,Alcoholics Anonymous,1,0,0
Cradley Heath,52.476676,-2.073601,Wednesday,19:45,Alcoholics Anonymous,1,0,0
"Dudley Experience, Strength & Hope",52.508857,-2.087263,Monday,19:30,Alcoholics Anonymous,1,0,0
Dudley Joe & Charlie,52.509207,-2.108672,Saturday,10:30,Alcoholics Anonymous,1,0,0
Dudley Open,52.502901,-2.116853,Saturday,18:30,Alcoholics Anonymous,1,0,0
Kidderminster,52.391235,-2.248319,Thursday,19:30,Alcoholics Anonymous,1,0,0
Kidderminster Share,52.391235,-2.248319,Tuesday,19:30,Alcoholics Anonymous,1,0,0
Lye Atlantic House,52.463532,-2.115138,Monday,12:30,Alcoholics Anonymous,1,0,0
Pomocna Dlon (Polish Speaking),52.608866,-2.131548,Sunday,14:30,Alcoholics Anonymous,1,0,0
Sedgley,52.537047,-2.120638,Friday,19:30,Alcoholics Anonymous,1,0,0
Stourbridge,52.458812,-2.150467,Tuesday,19:30,Alcoholics Anonymous,1,0,0
Stourbridge,52.450814,-2.15891,Friday,19:30,Alcoholics Anonymous,1,0,0
Stourbridge Womens Topic,52.454466,-2.145876,Friday,19:00,Alcoholics Anonymous,1,0,0
Tipton Big Book,52.530275,-2.066948,Tuesday,19:45,Alcoholics Anonymous,1,0,0
Tipton St Paul's,52.530275,-2.066948,Thursday,19:30,Alcoholics Anonymous,1,0,0
Tipton St Pauls Daytime,52.530275,-2.066948,Wednesday,12:00,Alcoholics Anonymous,1,0,0
Tipton Women In Recovery,52.530275,-2.066948,Thursday,11:00,Alcoholics Anonymous,1,0,0
Walsall,52.577929,-1.942552,Monday,20:00,Alcoholics Anonymous,1,0,0
Walsall Wood,52.626307,-1.932532,Thursday,20:00,Alcoholics Anonymous,1,0,0
West Bromwich Na Zdrowie Polish Speaking,52.519338,-1.994577,Saturday,16:00,Alcoholics Anonymous,1,0,0
Wolverhampton,52.582191,-2.125727,Thursday,19:30,Alcoholics Anonymous,1,0,0
Wolverhampton Aa At Recovery Near You,52.587473,-2.143153,Thursday,13:30,Alcoholics Anonymous,1,0,0
Wolverhampton Newcomers Big Book,52.593011,-2.151651,Saturday,10:00,Alcoholics Anonymous,1,0,0
Wolverhampton St Patrick`S,52.595781,-2.097666,Monday,11:00,Alcoholics Anonymous,1,0,0
Wolverhampton Steps & Traditions,52.595781,-2.097666,Wednesday,19:30,Alcoholics Anonymous,1,0,0
Wolverley,52.411141,-2.253448,Wednesday,19:30,Alcoholics Anonymous,1,0,0
Wolverley Big Book Study,52.411133,-2.257256,Friday,19:30,Alcoholics Anonymous,1,0,0
Blackpool Big Book Study,53.810671,-3.045941,Saturday,12:00,Alcoholics Anonymous,1,0,0
Blackpool Big Book Study,53.797491,-3.042816,Tuesday,14:00,Alcoholics Anonymous,1,0,0
Blackpool Gratitude,53.797491,-3.042816,Saturday,20:00,Alcoholics Anonymous,1,0,0
Blackpool Harmony Big Book,53.797491,-3.042816,Wednesday,20:00,Alcoholics Anonymous,1,0,0
Blackpool Harvey,53.797491,-3.042816,Monday,20:00,Alcoholics Anonymous,1,0,0
Blackpool Sunday Lunch Hybrid,53.797491,-3.042816,Sunday,12:30,Alcoholics Anonymous,1,0,0
Blackpool Young Person's,53.818343,-3.043261,Friday,19:00,Alcoholics Anonymous,1,0,0
Lytham St Annes Living Sober,53.757471,-3.025504,Thursday,20:00,Alcoholics Anonymous,1,0,0
Bournemouth,50.738154,-1.865421,Thursday,19:45,Alcoholics Anonymous,1,0,0
Bournemouth,50.728251,-1.8421,Monday,19:30,Alcoholics Anonymous,1,0,0
Bournemouth,50.728251,-1.8421,Friday,20:00,Alcoholics Anonymous,1,0,0
Bournemouth A Second Chance,50.738074,-1.81381,Saturday,14:00,Alcoholics Anonymous,1,0,0
Bournemouth Back To Basics,50.725394,-1.866081,Saturday,10:30,Alcoholics Anonymous,1,0,0
Bournemouth Beginners,50.725394,-1.866081,Tuesday,19:30,Alcoholics Anonymous,1,0,0
Bournemouth Bh1 Akron House,50.729771,-1.843971,Friday,15:00,Alcoholics Anonymous,1,0,0
Bournemouth Big Book Study,50.738154,-1.865421,Saturday,18:00,Alcoholics Anonymous,1,0,0
Bournemouth Big Book Study,50.738025,-1.864563,Wednesday,12:00,Alcoholics Anonymous,1,0,0
Bournemouth Living Sober On Monday,50.738025,-1.864563,Monday,12:00,Alcoholics Anonymous,1,0,0
Bournemouth New Beginnings,50.729771,-1.843971,Sunday,19:45,Alcoholics Anonymous,1,0,0
Bournemouth Pokesdown Multi-Mtg,50.731794,-1.823257,Monday,19:45,Alcoholics Anonymous,1,0,0
Bournemouth Pokesdown Multi-Mtg,50.731794,-1.823257,Wednesday,19:45,Alcoholics Anonymous,1,0,0
Bournemouth Pokesdown Multi-Mtg,50.731794,-1.823257,Friday,19:45,Alcoholics Anonymous,1,0,0
Bournemouth Przystan Polish,50.7244101,-1.8516201,Wednesday,19:00,Alcoholics Anonymous,1,0,0
Bournemouth Winton,50.738725,-1.869784,Sunday,20:00,Alcoholics Anonymous,1,0,0
Christchurch,50.729692,-1.75476,Thursday,20:15,Alcoholics Anonymous,1,0,0
Christchurch Big Book,50.740623,-1.785194,Monday,19:45,Alcoholics Anonymous,1,0,0
Christchurch Joys Of Recovery,50.741908,-1.794492,Saturday,17:00,Alcoholics Anonymous,1,0,0
Christchurch The Steps We Took,50.735505,-1.76557,Friday,12:00,Alcoholics Anonymous,1,0,0
Christchurch Women In Recovery,50.735505,-1.76557,Tuesday,12:30,Alcoholics Anonymous,1,0,0
Nooners @ 164,50.728251,-1.8421,Tuesday,12:30,Alcoholics Anonymous,1,0,0
Westbourne Women's Steps & Traditions,50.722335,-1.900712,Friday,12:30,Alcoholics Anonymous,1,0,0
Brighton A Vision For You,50.823425,-0.13135,Wednesday,20:00,Alcoholics Anonymous,1,0,0
Brighton Back To Basics,50.822634,-0.13946,Monday,14:00,Alcoholics Anonymous,1,0,0
Brighton Back To Basics,50.822545,-0.141565,Friday,13:00,Alcoholics Anonymous,1,0,0
Brighton Big Book Study,50.822634,-0.13946,Wednesday,18:30,Alcoholics Anonymous,1,0,0
Brighton Crypt Tradition 5,50.818723,-0.121586,Tuesday,10:30,Alcoholics Anonymous,1,0,0
Brighton Gratitude,50.825342,-0.148384,Wednesday,18:00,Alcoholics Anonymous,1,0,0
Brighton Hospital,50.819468,-0.118177,Thursday,18:00,Alcoholics Anonymous,1,0,0
Brighton Hove Gratitude,50.827185,-0.179237,Sunday,08:30,Alcoholics Anonymous,1,0,0
Brighton Keep It Simple,50.821333,-0.134046,Sunday,14:00,Alcoholics Anonymous,1,0,0
Brighton Kemptown Big Book,50.818723,-0.121586,Thursday,11:30,Alcoholics Anonymous,1,0,0
Brighton Kemptown Living Sober,50.818723,-0.121586,Saturday,19:30,Alcoholics Anonymous,1,0,0
Brighton Kemptown There's Hope Here,50.821333,-0.134046,Monday,07:30,Alcoholics Anonymous,1,0,0
Brighton Lesbian/Gay/Bi-Sexual/Transgender Big Book,50.821333,-0.134046,Thursday,20:00,Alcoholics Anonymous,1,0,0
Brighton Lgbt Chapel Royal,50.822634,-0.13946,Sunday,19:30,Alcoholics Anonymous,1,0,0
"Brighton Lgbtq+ ‘Experience, Strength & Hope’",50.818723,-0.121586,Saturday,14:00,Alcoholics Anonymous,1,0,0
Brighton Live & Let Live Step & Tradition,50.822634,-0.13946,Tuesday,19:30,Alcoholics Anonymous,1,0,0
Brighton Newcomers Big Book Study,50.820361,-0.129272,Saturday,10:30,Alcoholics Anonymous,1,0,0
Brighton On Awakening,50.822634,-0.13946,Thursday,07:30,Alcoholics Anonymous,1,0,0
Brighton St Mary Mags Candle Lit,50.825342,-0.148384,Saturday,18:30,Alcoholics Anonymous,1,0,0
Brighton Step,50.829388,-0.150765,Monday,19:00,Alcoholics Anonymous,1,0,0
Brighton Step One,50.822634,-0.13946,Thursday,14:00,Alcoholics Anonymous,1,0,0
Brighton There's Hope Here,50.821333,-0.134046,Thursday,20:00,Alcoholics Anonymous,1,0,0
Brighton Women,50.822545,-0.141565,Tuesday,18:00,Alcoholics Anonymous,1,0,0
Brighton Women's,50.818723,-0.121586,Friday,10:00,Alcoholics Anonymous,1,0,0
Brighton Women's Big Book,50.825952,-0.14055,Thursday,10:00,Alcoholics Anonymous,1,0,0
Brighton Womens Step & Tradition,50.822545,-0.141565,Wednesday,12:30,Alcoholics Anonymous,1,0,0
Brighton Womens Step & Tradition,50.825952,-0.14055,Monday,10:00,Alcoholics Anonymous,1,0,0
Brighton Young Persons,50.825342,-0.148384,Thursday,18:30,Alcoholics Anonymous,1,0,0
Hove Afternoon Keep It Simple,50.832662,-0.178271,Wednesday,15:00,Alcoholics Anonymous,1,0,0
Hove As Bill Sees It,50.831232,-0.166001,Saturday,14:00,Alcoholics Anonymous,1,0,0
Hove Cornerstone: As Bill Sees It,50.82696,-0.165955,Monday,13:00,Alcoholics Anonymous,1,0,0
Hove Daily Reflections,50.835507,-0.17613,Monday,14:00,Alcoholics Anonymous,1,0,0
Hove Discussion,50.840849,-0.200494,Wednesday,19:30,Alcoholics Anonymous,1,0,0
Hove Just For Today,50.827185,-0.179237,Friday,07:30,Alcoholics Anonymous,1,0,0
Hove Living The Dream,50.827185,-0.179237,Monday,07:30,Alcoholics Anonymous,1,0,0
Hove Newcomers,50.82696,-0.165955,Friday,18:00,Alcoholics Anonymous,1,0,0
Hove Newcomers,50.82696,-0.165955,Friday,19:30,Alcoholics Anonymous,1,0,0
Hove Odaat Big Book Step,50.830401,-0.167141,Sunday,19:00,Alcoholics Anonymous,1,0,0
Hove One Day At A Time,50.832662,-0.178271,Wednesday,07:30,Alcoholics Anonymous,1,0,0
Hove Saturday Morning Live Step,50.832662,-0.178271,Saturday,07:30,Alcoholics Anonymous,1,0,0
Hove There Is A Solution,50.831232,-0.166001,Tuesday,14:00,Alcoholics Anonymous,1,0,0
Hove We Are Not A Glum Lot,50.827185,-0.179237,Tuesday,07:30,Alcoholics Anonymous,1,0,0
Hove We Are Not Saints,50.832662,-0.178271,Saturday,16:15,Alcoholics Anonymous,1,0,0
Odaat Big Book Study,50.832265,-0.213633,Thursday,19:30,Alcoholics Anonymous,1,0,0
Portslade Acceptance,50.832265,-0.213633,Monday,19:30,Alcoholics Anonymous,1,0,0
Portslade Child Friendly,50.832265,-0.213633,Tuesday,10:30,Alcoholics Anonymous,1,0,0
Portslade Child Friendly,50.832265,-0.213633,Monday,10:30,Alcoholics Anonymous,1,0,0
Portslade Child Friendly,50.832265,-0.213633,Wednesday,10:30,Alcoholics Anonymous,1,0,0
Portslade Child Friendly,50.832265,-0.213633,Thursday,10:30,Alcoholics Anonymous,1,0,0
Portslade Child Friendly,50.832265,-0.213633,Friday,10:30,Alcoholics Anonymous,1,0,0
Portslade Friday Night Acceptance,50.832265,-0.213633,Friday,18:30,Alcoholics Anonymous,1,0,0
Southwick Step & Tradition,50.834501,-0.233899,Sunday,08:30,Alcoholics Anonymous,1,0,0
Aa And Our Mental Health,51.458896,-2.577928,Wednesday,18:00,Alcoholics Anonymous,1,0,0
Akron,51.450448,-2.617855,Friday,20:00,Alcoholics Anonymous,1,0,0
Barrow,51.425007,-2.675432,Wednesday,19:45,Alcoholics Anonymous,1,0,0
Barrow Phoenix,51.431265,-2.557555,Thursday,19:30,Alcoholics Anonymous,1,0,0
Bristol 11Th Step,51.450448,-2.617855,Monday,19:45,Alcoholics Anonymous,1,0,0
Bristol Acceptance Is The Key,51.499439,-2.518252,Tuesday,20:00,Alcoholics Anonymous,1,0,0
Bristol Downend,51.486996,-2.503478,Monday,19:30,Alcoholics Anonymous,1,0,0
Bristol Freedom To Choose,51.45509,-2.620468,Sunday,11:30,Alcoholics Anonymous,1,0,0
Bristol Frenchay Abc Of Recovery,51.496484,-2.519601,Sunday,18:00,Alcoholics Anonymous,1,0,0
Bristol How We Recover,51.486051,-2.623565,Wednesday,19:30,Alcoholics Anonymous,1,0,0
Bristol Into Action Step,51.499439,-2.518252,Saturday,11:00,Alcoholics Anonymous,1,0,0
Bristol Keep It Simple,51.467719,-2.564708,Sunday,16:00,Alcoholics Anonymous,1,0,0
Bristol Keystone Steps,51.458687,-2.593009,Thursday,18:00,Alcoholics Anonymous,1,0,0
Bristol Living Sober,51.500004,-2.49394,Wednesday,13:00,Alcoholics Anonymous,1,0,0
Bristol Made A Decision,51.474492,-2.53123,Friday,19:00,Alcoholics Anonymous,1,0,0
Bristol Mangotsfield Freedom Through Recovery,51.483673,-2.483337,Friday,20:00,Alcoholics Anonymous,1,0,0
Bristol Mens - The Dog House,51.458581,-2.608394,Monday,18:30,Alcoholics Anonymous,1,0,0
Bristol Morning Steps,51.45509,-2.620468,Wednesday,10:30,Alcoholics Anonymous,1,0,0
Bristol My Ego Is Not My Amigo,51.439892,-2.552941,Friday,10:30,Alcoholics Anonymous,1,0,0
Bristol Power To Recover,51.434989,-2.568333,Friday,20:00,Alcoholics Anonymous,1,0,0
Bristol Przyjaciele Billa W Polish Speaking,51.467001,-2.591592,Thursday,19:00,Alcoholics Anonymous,1,0,0
Bristol Przyjaciele Billa W Polish Speaking,51.467001,-2.591592,Sunday,17:00,Alcoholics Anonymous,1,0,0
Bristol Saturday Solutions,51.468728,-2.609035,Saturday,09:30,Alcoholics Anonymous,1,0,0
Bristol Sixth Sence,51.439892,-2.552941,Saturday,19:00,Alcoholics Anonymous,1,0,0
Bristol Southmead Sobriety,51.505388,-2.601815,Monday,19:00,Alcoholics Anonymous,1,0,0
Bristol Spirit Of Recovery - Lgbtqia+ And Ally,51.440279,-2.602223,Saturday,17:30,Alcoholics Anonymous,1,0,0
Bristol The Park,51.432913,-2.569789,Thursday,13:00,Alcoholics Anonymous,1,0,0
Bristol Tower Hill Discussion,51.457992,-2.582709,Wednesday,19:00,Alcoholics Anonymous,1,0,0
Bristol Uwierzylismy Polish Speaking,51.46613,-2.580725,Wednesday,17:30,Alcoholics Anonymous,1,0,0
Bristol Windmill Hill Steps,51.443145,-2.593443,Wednesday,19:00,Alcoholics Anonymous,1,0,0
Bristol Women,51.466587,-2.575506,Tuesday,19:00,Alcoholics Anonymous,1,0,0
Bristol Young Persons,51.466587,-2.575506,Sunday,19:30,Alcoholics Anonymous,1,0,0
Bristol Young Persons Topic,51.48127,-2.588377,Friday,19:00,Alcoholics Anonymous,1,0,0
Bristol: Our Primary Purpose,51.498572,-2.665397,Friday,19:30,Alcoholics Anonymous,1,0,0
Central Union Lunchtime,51.457561,-2.591355,Wednesday,12:30,Alcoholics Anonymous,1,0,0
Chapter & Verse,51.462604,-2.616292,Thursday,20:00,Alcoholics Anonymous,1,0,0
Chapter & Verse,51.462604,-2.616292,Sunday,19:00,Alcoholics Anonymous,1,0,0
Clifton,51.45509,-2.620468,Wednesday,20:00,Alcoholics Anonymous,1,0,0
Downend Gifts Of Sobriety,51.500004,-2.49394,Sunday,20:00,Alcoholics Anonymous,1,0,0
Gloucester Road Discussion,51.48127,-2.588377,Sunday,18:00,Alcoholics Anonymous,1,0,0
Headley Park Steps,51.41936,-2.615207,Tuesday,19:00,Alcoholics Anonymous,1,0,0
Just For Today,51.466481,-2.612216,Friday,12:30,Alcoholics Anonymous,1,0,0
Kingswood Back To Basics,51.461865,-2.499545,Tuesday,19:30,Alcoholics Anonymous,1,0,0
Lodge Causeway,51.474492,-2.53123,Sunday,15:00,Alcoholics Anonymous,1,0,0
Lyde Green Recovery,51.498281,-2.468495,Saturday,19:00,Alcoholics Anonymous,1,0,0
Nailsea Discussion,51.428115,-2.755268,Monday,19:30,Alcoholics Anonymous,1,0,0
Nailsea One Step Beyond,51.428115,-2.755268,Friday,20:00,Alcoholics Anonymous,1,0,0
Nailsea Step Three,51.428115,-2.755268,Saturday,19:00,Alcoholics Anonymous,1,0,0
Newcomers Feelings,51.456315,-2.613331,Saturday,19:00,Alcoholics Anonymous,1,0,0
Newcomers Speaker,51.456315,-2.613331,Monday,20:00,Alcoholics Anonymous,1,0,0
Newcomers Step And Tradition,51.456315,-2.613331,Wednesday,19:30,Alcoholics Anonymous,1,0,0
Pathfinder Newcomers,51.486537,-2.587091,Saturday,18:00,Alcoholics Anonymous,1,0,0
Pathfinder Three Speaker,51.486537,-2.587091,Saturday,19:00,Alcoholics Anonymous,1,0,0
Pill Living In The Solution,51.478609,-2.685701,Thursday,19:30,Alcoholics Anonymous,1,0,0
Portishead,51.48125,-2.768731,Wednesday,20:00,Alcoholics Anonymous,1,0,0
Portishead There Is A Solution,51.471636,-2.77574,Tuesday,19:30,Alcoholics Anonymous,1,0,0
Redland Big Book,51.468728,-2.609035,Tuesday,19:30,Alcoholics Anonymous,1,0,0
Redland Young & Young At Heart,51.472561,-2.60534,Tuesday,19:15,Alcoholics Anonymous,1,0,0
Salvation Army,51.457992,-2.582709,Saturday,19:30,Alcoholics Anonymous,1,0,0
Sea Mills How It Works,51.488271,-2.647086,Monday,20:00,Alcoholics Anonymous,1,0,0
St George,51.458988,-2.555359,Thursday,20:00,Alcoholics Anonymous,1,0,0
St Werburghs Steps To Freedom,51.467967,-2.572874,Thursday,19:00,Alcoholics Anonymous,1,0,0
Staple Hill Step & Tradition,51.482319,-2.510008,Thursday,19:30,Alcoholics Anonymous,1,0,0
Steps To Sobriety,51.458581,-2.608394,Friday,20:00,Alcoholics Anonymous,1,0,0
The Fourth Dimension,51.458581,-2.608394,Tuesday,20:00,Alcoholics Anonymous,1,0,0
Thornbury Discussion,51.587797,-2.53105,Sunday,20:00,Alcoholics Anonymous,1,0,0
Totterdown,51.434989,-2.568333,Monday,19:00,Alcoholics Anonymous,1,0,0
Westbury-On-Trym The Steps We Took,51.493005,-2.617684,Tuesday,20:00,Alcoholics Anonymous,1,0,0
1St Altrincham,53.38868,-2.352024,Wednesday,20:00,Alcoholics Anonymous,1,0,0
Alderley Edge,53.303252,-2.234033,Monday,13:00,Alcoholics Anonymous,1,0,0
Alderley Edge Step & Share,53.303252,-2.234033,Saturday,10:00,Alcoholics Anonymous,1,0,0
Alderley Edge The Big Book Comes Alive,53.303252,-2.234033,Wednesday,19:00,Alcoholics Anonymous,1,0,0
Altrincham,53.390378,-2.349286,Sunday,19:30,Alcoholics Anonymous,1,0,0
Altrincham As Bill Sees It,53.369658,-2.317495,Tuesday,19:30,Alcoholics Anonymous,1,0,0
Altrincham Big Book Study,53.389357,-2.354089,Sunday,19:00,Alcoholics Anonymous,1,0,0
Altrincham Come And Stay,53.38868,-2.352024,Friday,11:30,Alcoholics Anonymous,1,0,0
Altrincham Priory,53.36643,-2.327118,Saturday,11:00,Alcoholics Anonymous,1,0,0
Altrincham St Ambrose,53.369658,-2.317495,Saturday,11:00,Alcoholics Anonymous,1,0,0
Altrincham Step & Share,53.390378,-2.349286,Thursday,19:30,Alcoholics Anonymous,1,0,0
Altrincham Sunrise,53.38868,-2.352024,Tuesday,07:00,Alcoholics Anonymous,1,0,0
Altrincham Sunrise,53.38868,-2.352024,Thursday,07:00,Alcoholics Anonymous,1,0,0
Altrincham Sunrise Step 11,53.38868,-2.352024,Sunday,07:00,Alcoholics Anonymous,1,0,0
Altrincham Sylvan Grove Morning,53.38868,-2.352024,Saturday,09:00,Alcoholics Anonymous,1,0,0
Altrincham They Stopped In Time / Young Persons,53.390378,-2.349286,Wednesday,19:30,Alcoholics Anonymous,1,0,0
Brinnington,53.427926,-2.135408,Wednesday,19:00,Alcoholics Anonymous,1,0,0
Burnage,53.431786,-2.201176,Tuesday,19:30,Alcoholics Anonymous,1,0,0
Burnage Multi-Mtg,53.431786,-2.201176,Thursday,13:00,Alcoholics Anonymous,1,0,0
Cheadle All Hallows,53.388275,-2.18959,Tuesday,13:00,Alcoholics Anonymous,1,0,0
Cheadle Gatley Hill House,53.390457,-2.239806,Saturday,10:00,Alcoholics Anonymous,1,0,0
Cheadle Hulme,53.372807,-2.183013,Thursday,13:00,Alcoholics Anonymous,1,0,0
Cheadle Hulme,53.372807,-2.183013,Friday,20:00,Alcoholics Anonymous,1,0,0
Cheadle Hulme,53.372807,-2.183013,Wednesday,20:00,Alcoholics Anonymous,1,0,0
Chelwood,53.386979,-2.178653,Friday,13:00,Alcoholics Anonymous,1,0,0
Chorlton,53.441888,-2.282415,Wednesday,20:00,Alcoholics Anonymous,1,0,0
Chorlton,53.441888,-2.282415,Sunday,15:00,Alcoholics Anonymous,1,0,0
Chorlton Central Primary Purpose,53.439543,-2.2743,Saturday,19:30,Alcoholics Anonymous,1,0,0
Crewe Grom Z Jasnego Nieba Polish Speaking,53.101727,-2.451237,Sunday,19:00,Alcoholics Anonymous,1,0,0
Crewe Maybury Centre,53.101517,-2.451504,Wednesday,20:00,Alcoholics Anonymous,1,0,0
Crewe Maybury Centre,53.101517,-2.451504,Sunday,20:00,Alcoholics Anonymous,1,0,0
Denton Solution Based,53.457754,-2.123229,Thursday,20:00,Alcoholics Anonymous,1,0,0
Didsbury,53.416415,-2.239922,Sunday,13:30,Alcoholics Anonymous,1,0,0
Didsbury Owls,53.418569,-2.233736,Saturday,21:30,Alcoholics Anonymous,1,0,0
First Middlewich,53.195602,-2.443152,Tuesday,20:00,Alcoholics Anonymous,1,0,0
Flixton,53.447696,-2.395785,Monday,20:00,Alcoholics Anonymous,1,0,0
Gatley Hill House,53.390457,-2.239806,Monday,19:30,Alcoholics Anonymous,1,0,0
Gorton Sacred Heart,53.458041,-2.174058,Wednesday,20:00,Alcoholics Anonymous,1,0,0
Hale,53.373725,-2.344881,Sunday,12:30,Alcoholics Anonymous,1,0,0
Handforth,53.352582,-2.215572,Saturday,18:00,Alcoholics Anonymous,1,0,0
Handforth,53.352582,-2.215572,Monday,19:00,Alcoholics Anonymous,1,0,0
Handforth,53.352582,-2.215572,Sunday,19:00,Alcoholics Anonymous,1,0,0
Handforth St Chads,53.349167,-2.214727,Thursday,20:00,Alcoholics Anonymous,1,0,0
Handforth Step & Share,53.352582,-2.215572,Thursday,19:15,Alcoholics Anonymous,1,0,0
Heaton Chapel Big Book Study,53.4192235,-2.1875535,Tuesday,19:00,Alcoholics Anonymous,1,0,0
Hyde,53.445987,-2.067834,Tuesday,19:30,Alcoholics Anonymous,1,0,0
Knutsford,53.303614,-2.374507,Tuesday,20:00,Alcoholics Anonymous,1,0,0
Knutsford,53.303614,-2.374507,Friday,20:00,Alcoholics Anonymous,1,0,0
Lymm,53.380855,-2.479771,Tuesday,13:00,Alcoholics Anonymous,1,0,0
Macclesfield,53.3070578,-2.1199552,Tuesday,20:00,Alcoholics Anonymous,1,0,0
Macclesfield Bollington,53.29146,-2.119478,Thursday,20:00,Alcoholics Anonymous,1,0,0
Macclesfield King Edward Meditation,53.261274,-2.129075,Sunday,19:00,Alcoholics Anonymous,1,0,0
Macclesfield Literature Discussion,53.265644,-2.11032,Thursday,12:00,Alcoholics Anonymous,1,0,0
Macclesfield Morning,53.265644,-2.11032,Saturday,10:30,Alcoholics Anonymous,1,0,0
Manchester  Wythenshawe,53.379925,-2.265017,Monday,13:00,Alcoholics Anonymous,1,0,0
Manchester Cornerstone,53.461116,-2.240657,Tuesday,13:30,Alcoholics Anonymous,1,0,0
Manchester Fallowfield,53.442077,-2.223191,Wednesday,19:30,Alcoholics Anonymous,1,0,0
Manchester Forum Library Come & Go,53.379925,-2.265017,Thursday,13:30,Alcoholics Anonymous,1,0,0
Manchester Nowa Nadzieja/ New Hope Polish,53.458393,-2.236198,Saturday,18:00,Alcoholics Anonymous,1,0,0
Manchester Orton Rd,53.410348,-2.282055,Friday,19:30,Alcoholics Anonymous,1,0,0
Manchester Orton Rd,53.410348,-2.282055,Sunday,19:30,Alcoholics Anonymous,1,0,0
Manchester You Are Not Alone,53.442077,-2.223191,Friday,19:00,Alcoholics Anonymous,1,0,0
Marple Recovery,53.392194,-2.063267,Sunday,19:30,Alcoholics Anonymous,1,0,0
Middlewich Small Room,53.195602,-2.443152,Friday,13:00,Alcoholics Anonymous,1,0,0
New Mills,53.36875,-1.999991,Monday,19:30,Alcoholics Anonymous,1,0,0
Northwich,53.262457,-2.506911,Saturday,10:00,Alcoholics Anonymous,1,0,0
Northwich 1St,53.262595,-2.510481,Thursday,20:00,Alcoholics Anonymous,1,0,0
Northwich Castle Step,53.256352,-2.520211,Tuesday,19:30,Alcoholics Anonymous,1,0,0
Northwich Lostock Gralam Living Sober,53.269795,-2.460083,Sunday,19:00,Alcoholics Anonymous,1,0,0
Northwich Sisters Of Sobriety,53.255248,-2.513588,Friday,20:00,Alcoholics Anonymous,1,0,0
Northwich Step 11 Meditation,53.256352,-2.520211,Friday,19:00,Alcoholics Anonymous,1,0,0
Poynton,53.349026,-2.116169,Monday,20:00,Alcoholics Anonymous,1,0,0
Sale 2,53.419597,-2.293477,Monday,20:00,Alcoholics Anonymous,1,0,0
Sale Brooklands,53.408371,-2.317693,Thursday,20:00,Alcoholics Anonymous,1,0,0
Sale Women,53.419597,-2.293477,Wednesday,19:30,Alcoholics Anonymous,1,0,0
Sandbach,53.145156,-2.369149,Monday,19:30,Alcoholics Anonymous,1,0,0
Stockport,53.401826,-2.155012,Monday,19:30,Alcoholics Anonymous,1,0,0
Stockport Hazel Grove,53.381759,-2.12836,Sunday,18:00,Alcoholics Anonymous,1,0,0
Stockport Hazel Grove,53.381759,-2.12836,Thursday,19:30,Alcoholics Anonymous,1,0,0
Stockport Hazel Grove,53.378179,-2.122247,Saturday,10:30,Alcoholics Anonymous,1,0,0
Stockport Heaton Chapel Big Book Study,53.428982,-2.178753,Wednesday,13:00,Alcoholics Anonymous,1,0,0
Stockport It Works - It Really Does,53.40361,-2.164388,Friday,19:00,Alcoholics Anonymous,1,0,0
Stockport Kimberley St Newcomers,53.398329,-2.161918,Tuesday,19:30,Alcoholics Anonymous,1,0,0
Stockport Newcomers,53.381759,-2.12836,Saturday,18:30,Alcoholics Anonymous,1,0,0
Stockport There Is A Solution,53.445476,-2.160577,Wednesday,13:00,Alcoholics Anonymous,1,0,0
Stretford,53.449146,-2.309491,Monday,13:15,Alcoholics Anonymous,1,0,0
Urmston,53.449577,-2.352076,Tuesday,20:15,Alcoholics Anonymous,1,0,0
Urmston,53.449577,-2.352076,Friday,20:15,Alcoholics Anonymous,1,0,0
Urmston,53.449577,-2.352076,Saturday,19:30,Alcoholics Anonymous,1,0,0
Urmston,53.449577,-2.352076,Sunday,19:45,Alcoholics Anonymous,1,0,0
Warrington,53.382679,-2.590049,Friday,19:30,Alcoholics Anonymous,1,0,0
Warrington,53.377438,-2.571397,Thursday,19:30,Alcoholics Anonymous,1,0,0
Warrington,53.391705,-2.578942,Sunday,19:30,Alcoholics Anonymous,1,0,0
Warrington,53.402831,-2.586628,Wednesday,19:30,Alcoholics Anonymous,1,0,0
Warrington - Stockton Heath,53.368423,-2.582427,Tuesday,19:30,Alcoholics Anonymous,1,0,0
"Warrington Living Sober, Happy, Joyous & Free",53.391705,-2.578942,Saturday,11:00,Alcoholics Anonymous,1,0,0
Warrington Padgate,53.404862,-2.560484,Saturday,20:00,Alcoholics Anonymous,1,0,0
Whalley Range,53.455505,-2.259238,Thursday,19:00,Alcoholics Anonymous,1,0,0
Wilmslow,53.322511,-2.236948,Wednesday,19:30,Alcoholics Anonymous,1,0,0
Wilmslow Big Book Study,53.320765,-2.242568,Tuesday,20:00,Alcoholics Anonymous,1,0,0
Wilmslow Lunchtime,53.322511,-2.236948,Tuesday,13:00,Alcoholics Anonymous,1,0,0
Wilmslow St Anne's,53.320765,-2.242568,Friday,19:30,Alcoholics Anonymous,1,0,0
Woodley Open,53.426506,-2.098849,Thursday,19:30,Alcoholics Anonymous,1,0,0
Woodley Open,53.426506,-2.098849,Saturday,19:30,Alcoholics Anonymous,1,0,0
Wythenshawe Oatlands Rd,53.376342,-2.267716,Wednesday,19:30,Alcoholics Anonymous,1,0,0
Wythenshawe Oatlands Road,53.376342,-2.267716,Saturday,19:30,Alcoholics Anonymous,1,0,0
Wythenshawe Sacred Heart,53.396524,-2.289483,Friday,19:30,Alcoholics Anonymous,1,0,0
Chester Handbridge Lunchtime,53.182272,-2.889728,Monday,13:00,Alcoholics Anonymous,1,0,0
Chester Lunch,53.197236,-2.887315,Friday,12:00,Alcoholics Anonymous,1,0,0
Chester Przebudzenie Polish Speaking,53.188148,-2.892514,Saturday,15:30,Alcoholics Anonymous,1,0,0
Amersham,51.67757,-0.606307,Thursday,20:00,Alcoholics Anonymous,1,0,0
Amersham Lunch Bunch,51.67757,-0.606307,Wednesday,12:30,Alcoholics Anonymous,1,0,0
Aylesbury Big Book Experience,51.783788,-0.790573,Tuesday,19:30,Alcoholics Anonymous,1,0,0
Beaconsfield Beacon Lights,51.600237,-0.636436,Tuesday,20:00,Alcoholics Anonymous,1,0,0
Beaconsfield Beginners,51.600237,-0.636436,Tuesday,18:30,Alcoholics Anonymous,1,0,0
Beaconsfield Big Book Discussion,51.600237,-0.636436,Monday,12:00,Alcoholics Anonymous,1,0,0
Beaconsfield Life After 10,51.600237,-0.636436,Sunday,17:30,Alcoholics Anonymous,1,0,0
Beaconsfield Step,51.600237,-0.636436,Sunday,19:00,Alcoholics Anonymous,1,0,0
Beaconsfield The Weekend Starts Here,51.600237,-0.636436,Friday,19:00,Alcoholics Anonymous,1,0,0
Bisham Women's,51.560808,-0.777695,Wednesday,19:15,Alcoholics Anonymous,1,0,0
Bourne End Step,51.578937,-0.710913,Wednesday,20:00,Alcoholics Anonymous,1,0,0
Chesham,51.704254,-0.615183,Saturday,19:30,Alcoholics Anonymous,1,0,0
Cippenham,51.518247,-0.644912,Monday,20:00,Alcoholics Anonymous,1,0,0
Clewer Big Book Recovery,51.486655,-0.625544,Monday,11:00,Alcoholics Anonymous,1,0,0
Clewer Big Book Recovery Ii,51.486655,-0.625544,Thursday,11:00,Alcoholics Anonymous,1,0,0
Cookham As Bill Sees It,51.560604,-0.707445,Wednesday,19:30,Alcoholics Anonymous,1,0,0
Cookham Morning,51.560604,-0.707445,Friday,10:00,Alcoholics Anonymous,1,0,0
Frieth Step 3 & 11 Meditation,51.604945,-0.851588,Sunday,18:00,Alcoholics Anonymous,1,0,0
Hambleden Men's,51.572224,-0.869738,Wednesday,19:00,Alcoholics Anonymous,1,0,0
High Wycombe As Bill Sees It,51.626912,-0.742416,Saturday,19:15,Alcoholics Anonymous,1,0,0
High Wycombe Beginners,51.626912,-0.742416,Friday,20:00,Alcoholics Anonymous,1,0,0
High Wycombe Newcomers Hybrid,51.633178,-0.760911,Monday,18:30,Alcoholics Anonymous,1,0,0
High Wycombe Road To Recovery,51.630871,-0.751091,Saturday,13:00,Alcoholics Anonymous,1,0,0
Loudwater Discussion,51.605385,-0.701047,Thursday,20:00,Alcoholics Anonymous,1,0,0
Maidenhead,51.51996,-0.736605,Friday,19:30,Alcoholics Anonymous,1,0,0
Maidenhead Living Sober,51.523766,-0.720798,Thursday,13:00,Alcoholics Anonymous,1,0,0
Marlow,51.568711,-0.773284,Monday,11:00,Alcoholics Anonymous,1,0,0
Marlow Big Book,51.56893,-0.772171,Saturday,10:30,Alcoholics Anonymous,1,0,0
Marlow Newcomers,51.56893,-0.772171,Friday,18:30,Alcoholics Anonymous,1,0,0
Marlow Step,51.56893,-0.772171,Friday,20:00,Alcoholics Anonymous,1,0,0
Parmoor Spiritual,51.604945,-0.851588,Sunday,16:30,Alcoholics Anonymous,1,0,0
Prestwood As Bill Sees It,51.699949,-0.740774,Wednesday,19:00,Alcoholics Anonymous,1,0,0
Princes Risborough Big Book Monthly Mtg,51.724994,-0.832536,Sunday,07:30,Alcoholics Anonymous,1,0,0
Princes Risborough Newcomers,51.721237,-0.834073,Monday,20:00,Alcoholics Anonymous,1,0,0
Slough 12 Step,51.507913,-0.59303,Tuesday,19:30,Alcoholics Anonymous,1,0,0
Slough Experience Strength & Hope (S.E.S.H.),51.507913,-0.59303,Wednesday,20:00,Alcoholics Anonymous,1,0,0
Slough Lunchtime,51.507065,-0.594091,Tuesday,13:00,Alcoholics Anonymous,1,0,0
Slough Morning Newcomers,51.505987,-0.601159,Saturday,09:00,Alcoholics Anonymous,1,0,0
Slough Newcomers,51.505987,-0.601159,Sunday,10:30,Alcoholics Anonymous,1,0,0
Slough Nowy Rejs Polish Speaking,51.514046,-0.614949,Sunday,15:00,Alcoholics Anonymous,1,0,0
Slough Nowy Swiat (Polish Speaking),51.514046,-0.614949,Monday,20:00,Alcoholics Anonymous,1,0,0
Slough Nowy Swiat Polish Speaking,51.514046,-0.614949,Friday,20:00,Alcoholics Anonymous,1,0,0
Studley Green & Stokenchurch Hope & Recovery Hybrid,51.651859,-0.866867,Thursday,18:30,Alcoholics Anonymous,1,0,0
Wendover Back To Basics,51.757119,-0.737605,Monday,20:00,Alcoholics Anonymous,1,0,0
Windsor How It Works,51.479712,-0.643941,Monday,19:45,Alcoholics Anonymous,1,0,0
Windsor Lunchtime As Bill Sees It,51.479712,-0.643941,Wednesday,12:00,Alcoholics Anonymous,1,0,0
City Breakfast,51.512477,-0.086272,Monday,07:30,Alcoholics Anonymous,1,0,0
City Breakfast: 3-7-11 Step Hybrid,51.512477,-0.086272,Tuesday,07:30,Alcoholics Anonymous,1,0,0
City Serenity,51.513864,-0.093593,Tuesday,19:00,Alcoholics Anonymous,1,0,0
City Starters,51.511378,-0.086791,Thursday,07:30,Alcoholics Anonymous,1,0,0
Islington Barbican St Joseph's,51.522278,-0.090633,Monday,19:00,Alcoholics Anonymous,1,0,0
Lgbtq+ Newcomers Bunhill Row,51.522278,-0.090633,Thursday,19:00,Alcoholics Anonymous,1,0,0
Old Street Betty Bonkers,51.527828,-0.091969,Saturday,11:00,Alcoholics Anonymous,1,0,0
Old Street Recovery Group - Newcomer Focused Speaker,51.527828,-0.091969,Friday,18:15,Alcoholics Anonymous,1,0,0
"Shoreditch  Came For The Drinking, Stayed For The Thinking",51.530534,-0.083638,Saturday,18:30,Alcoholics Anonymous,1,0,0
Silver Linings Shoreditch Lunch,51.525074,-0.07418,Thursday,12:00,Alcoholics Anonymous,1,0,0
Sober In Shoreditch,51.530534,-0.083638,Thursday,19:30,Alcoholics Anonymous,1,0,0
Bodmin Step,50.469288,-4.733668,Tuesday,19:30,Alcoholics Anonymous,1,0,0
Callington,50.505287,-4.314069,Friday,19:30,Alcoholics Anonymous,1,0,0
Camborne,50.210749,-5.298716,Saturday,19:30,Alcoholics Anonymous,1,0,0
Camborne,50.210749,-5.298716,Thursday,19:30,Alcoholics Anonymous,1,0,0
Camborne,50.210749,-5.298716,Tuesday,19:30,Alcoholics Anonymous,1,0,0
Camborne Tuckingmill,50.219743,-5.284481,Monday,19:30,Alcoholics Anonymous,1,0,0
Chacewater The Three Legacies Hybrid,50.256664,-5.156671,Sunday,11:00,Alcoholics Anonymous,1,0,0
Falmouth,50.151045,-5.077932,Friday,19:30,Alcoholics Anonymous,1,0,0
Hayle,50.187431,-5.420796,Friday,19:30,Alcoholics Anonymous,1,0,0
Hayle Living Sober,50.187431,-5.420796,Wednesday,19:30,Alcoholics Anonymous,1,0,0
Liskeard,50.45265,-4.467721,Friday,18:00,Alcoholics Anonymous,1,0,0
Liskeard Big Book,50.45265,-4.467721,Monday,19:30,Alcoholics Anonymous,1,0,0
Liskeard Recovery - A Woman's Perspective,50.455703,-4.466183,Thursday,18:30,Alcoholics Anonymous,1,0,0
Marazion Lunchtime,50.126814,-5.464439,Friday,14:30,Alcoholics Anonymous,1,0,0
Newquay Step,50.411657,-5.086218,Monday,19:30,Alcoholics Anonymous,1,0,0
Padstow Lunchtime Big Book,50.541672,-4.942347,Tuesday,12:00,Alcoholics Anonymous,1,0,0
Penryn,50.168155,-5.10317,Tuesday,19:30,Alcoholics Anonymous,1,0,0
Penzance Just For Today,50.116857,-5.535917,Sunday,18:00,Alcoholics Anonymous,1,0,0
Penzance Morning Big Book Study,50.116857,-5.535917,Saturday,09:30,Alcoholics Anonymous,1,0,0
Perranuthnoe,50.11472,-5.445463,Saturday,19:30,Alcoholics Anonymous,1,0,0
Polperro Lunch,50.334543,-4.522893,Sunday,12:00,Alcoholics Anonymous,1,0,0
Redruth,50.233975,-5.223194,Wednesday,19:30,Alcoholics Anonymous,1,0,0
Redruth,50.233975,-5.223194,Sunday,19:30,Alcoholics Anonymous,1,0,0
St Austell,50.338752,-4.790285,Wednesday,19:30,Alcoholics Anonymous,1,0,0
Truro,50.263951,-5.047586,Monday,19:30,Alcoholics Anonymous,1,0,0
Truro,50.262398,-5.084591,Friday,19:30,Alcoholics Anonymous,1,0,0
Truro Lunch Come & Go,50.263951,-5.047586,Thursday,12:30,Alcoholics Anonymous,1,0,0
Truro There Is A Solution,50.262529,-5.058854,Thursday,19:30,Alcoholics Anonymous,1,0,0
Wadebridge,50.515463,-4.829476,Friday,19:30,Alcoholics Anonymous,1,0,0
Wadebridge Daily Reflections,50.515191,-4.834029,Sunday,18:30,Alcoholics Anonymous,1,0,0
Wadebridge Lunchtime,50.516719,-4.840316,Wednesday,12:00,Alcoholics Anonymous,1,0,0
Bedworth,52.474078,-1.500072,Friday,19:30,Alcoholics Anonymous,1,0,0
Coventry,52.409834,-1.478784,Monday,20:00,Alcoholics Anonymous,1,0,0
Coventry All Souls,52.405751,-1.537165,Thursday,19:00,Alcoholics Anonymous,1,0,0
Coventry Big Book Study Lunchtime,52.405965,-1.51158,Monday,12:30,Alcoholics Anonymous,1,0,0
Coventry Came To Believe,52.422232,-1.534855,Friday,12:30,Alcoholics Anonymous,1,0,0
Coventry Cheylesmore Step,52.385706,-1.508601,Friday,20:00,Alcoholics Anonymous,1,0,0
Coventry Daily Reflections,52.405965,-1.51158,Thursday,12:30,Alcoholics Anonymous,1,0,0
"Coventry Experience, Strength & Hope",52.408867,-1.516067,Tuesday,20:00,Alcoholics Anonymous,1,0,0
Coventry Gnp,52.415808,-1.505229,Thursday,18:30,Alcoholics Anonymous,1,0,0
Coventry Lunchtime,52.405751,-1.537165,Sunday,14:00,Alcoholics Anonymous,1,0,0
Coventry Lunchtime As Bill Sees It,52.405163,-1.513697,Wednesday,12:30,Alcoholics Anonymous,1,0,0
Coventry Oblubieniec Polish Speaking,52.417119,-1.506649,Wednesday,18:00,Alcoholics Anonymous,1,0,0
Coventry Pass It On,52.405965,-1.51158,Tuesday,12:30,Alcoholics Anonymous,1,0,0
Coventry Speaker,52.409458,-1.515502,Saturday,20:00,Alcoholics Anonymous,1,0,0
Coventry Spirituality,52.408867,-1.516067,Saturday,12:30,Alcoholics Anonymous,1,0,0
Coventry St Johns,52.408867,-1.516067,Sunday,20:00,Alcoholics Anonymous,1,0,0
Coventry Step,52.414188,-1.530911,Wednesday,20:00,Alcoholics Anonymous,1,0,0
Entire Abstinance,52.393093,-1.462449,Sunday,18:00,Alcoholics Anonymous,1,0,0
Leamington Spa,52.28817,-1.535809,Thursday,20:00,Alcoholics Anonymous,1,0,0
Leamington Spa,52.28414,-1.521588,Saturday,20:00,Alcoholics Anonymous,1,0,0
Leamington Spa Esh,52.290004,-1.53951,Tuesday,20:00,Alcoholics Anonymous,1,0,0
Leamington Spa Lunch,52.28817,-1.535809,Monday,13:00,Alcoholics Anonymous,1,0,0
Leek Wootton Step,52.319494,-1.57694,Wednesday,19:30,Alcoholics Anonymous,1,0,0
Nuneaton,52.526749,-1.474572,Thursday,19:30,Alcoholics Anonymous,1,0,0
Pokora Polish Speaking,52.371833,-1.268545,Saturday,15:00,Alcoholics Anonymous,1,0,0
Rugby,52.374942,-1.261045,Thursday,20:00,Alcoholics Anonymous,1,0,0
Rugby Big Book Study,52.376664,-1.266114,Friday,20:30,Alcoholics Anonymous,1,0,0
Ryton On Dunsmore Step 11,52.369358,-1.435364,Wednesday,20:00,Alcoholics Anonymous,1,0,0
Stratford-Upon-Avon,52.197977,-1.705101,Friday,20:00,Alcoholics Anonymous,1,0,0
Stratford-Upon-Avon,52.189774,-1.692824,Saturday,20:00,Alcoholics Anonymous,1,0,0
Warwick Big Book Study,52.279526,-1.592269,Monday,19:00,Alcoholics Anonymous,1,0,0
Warwick Breakfast,52.279526,-1.592269,Saturday,08:00,Alcoholics Anonymous,1,0,0
Warwick Newcomers Step 1,52.294877,-1.571486,Wednesday,20:00,Alcoholics Anonymous,1,0,0
Warwick Step,52.289213,-1.568209,Sunday,19:00,Alcoholics Anonymous,1,0,0
Allestree,52.945469,-1.501422,Thursday,19:30,Alcoholics Anonymous,1,0,0
Alvaston Big Book,52.898481,-1.434927,Wednesday,13:00,Alcoholics Anonymous,1,0,0
Alvaston Living Sober,52.898481,-1.434927,Thursday,18:30,Alcoholics Anonymous,1,0,0
Ashbourne,53.021666,-1.627814,Monday,19:30,Alcoholics Anonymous,1,0,0
Ashbourne,53.012862,-1.737589,Wednesday,19:15,Alcoholics Anonymous,1,0,0
Ashby-De-La-Zouch,52.746299,-1.470669,Wednesday,19:30,Alcoholics Anonymous,1,0,0
Ashby-De-La-Zouch,52.747525,-1.467306,Sunday,19:30,Alcoholics Anonymous,1,0,0
Ashby-De-La-Zouch Ladies Living Sober,52.746299,-1.470669,Saturday,11:30,Alcoholics Anonymous,1,0,0
Belper,53.022084,-1.484332,Tuesday,19:30,Alcoholics Anonymous,1,0,0
Belper,53.022084,-1.484332,Sunday,19:30,Alcoholics Anonymous,1,0,0
Belper First Things First,53.022084,-1.484332,Thursday,19:30,Alcoholics Anonymous,1,0,0
Burton-On-Trent,52.802435,-1.639743,Thursday,12:15,Alcoholics Anonymous,1,0,0
Burton-On-Trent,52.802435,-1.639743,Friday,19:30,Alcoholics Anonymous,1,0,0
Burton-On-Trent As Bill Sees It,52.802435,-1.639743,Sunday,11:00,Alcoholics Anonymous,1,0,0
Burton-On-Trent Oaza Polish Speaking,52.807579,-1.603771,Saturday,17:00,Alcoholics Anonymous,1,0,0
Derby,52.926391,-1.481957,Saturday,18:00,Alcoholics Anonymous,1,0,0
Derby,52.913186,-1.488093,Monday,19:30,Alcoholics Anonymous,1,0,0
Derby,52.927141,-1.497553,Friday,19:30,Alcoholics Anonymous,1,0,0
Derby As Bill Sees It,52.926391,-1.481957,Tuesday,13:00,Alcoholics Anonymous,1,0,0
Derby Chellaston Big Book,52.86832,-1.436685,Sunday,18:00,Alcoholics Anonymous,1,0,0
Derby Chellaston Lunchtime,52.868905,-1.436796,Thursday,13:00,Alcoholics Anonymous,1,0,0
Derby Hospital,52.910425,-1.513523,Wednesday,19:00,Alcoholics Anonymous,1,0,0
Derby Newcomers Non Religious Aa,52.934462,-1.473351,Tuesday,18:00,Alcoholics Anonymous,1,0,0
Derby Non Religious Aa,52.934462,-1.473351,Friday,18:00,Alcoholics Anonymous,1,0,0
Derby Non Religious Aa,52.934462,-1.473351,Sunday,18:00,Alcoholics Anonymous,1,0,0
Derby Polish Speaking,52.911335,-1.482092,Wednesday,19:00,Alcoholics Anonymous,1,0,0
Derby Step,52.889748,-1.453311,Saturday,11:00,Alcoholics Anonymous,1,0,0
Heanor Women's Sobriety,52.999153,-1.338864,Saturday,18:00,Alcoholics Anonymous,1,0,0
Long Eaton Little Big Book,52.904493,-1.28442,Wednesday,19:30,Alcoholics Anonymous,1,0,0
Matlock Open,53.139517,-1.55301,Wednesday,19:30,Alcoholics Anonymous,1,0,0
Middleton Morning - How It Works,53.098749,-1.587062,Saturday,10:00,Alcoholics Anonymous,1,0,0
Ripley Back To Basics,53.053013,-1.406551,Monday,19:30,Alcoholics Anonymous,1,0,0
Sawmills,53.065785,-1.460918,Friday,19:30,Alcoholics Anonymous,1,0,0
Sawmills,53.065785,-1.460918,Tuesday,12:00,Alcoholics Anonymous,1,0,0
Wirksworth,53.08055,-1.573099,Sunday,19:30,Alcoholics Anonymous,1,0,0
Axminster Experience Strength & Hope,50.781214,-2.999304,Friday,19:30,Alcoholics Anonymous,1,0,0
Crediton Big Book Study,50.790089,-3.65583,Friday,19:30,Alcoholics Anonymous,1,0,0
Crediton Step,50.792373,-3.674126,Tuesday,19:30,Alcoholics Anonymous,1,0,0
Cullompton Hybrid,50.855475,-3.395512,Wednesday,19:30,Alcoholics Anonymous,1,0,0
Exeter,50.721092,-3.52997,Tuesday,19:30,Alcoholics Anonymous,1,0,0
Exeter,50.721092,-3.52997,Monday,19:30,Alcoholics Anonymous,1,0,0
Exeter,50.721092,-3.52997,Thursday,19:30,Alcoholics Anonymous,1,0,0
Exeter,50.721092,-3.52997,Sunday,19:00,Alcoholics Anonymous,1,0,0
"Exeter Experience, Strength & Hope",50.720797,-3.525894,Saturday,19:30,Alcoholics Anonymous,1,0,0
Exeter Good Vibes,50.732321,-3.548743,Monday,19:30,Alcoholics Anonymous,1,0,0
Exeter Jezyk Serca Polish Speaking Hybrid,50.721193,-3.530681,Thursday,18:00,Alcoholics Anonymous,1,0,0
Exeter Lunchtime,50.724098,-3.529926,Tuesday,12:15,Alcoholics Anonymous,1,0,0
Exeter Lunchtime,50.724098,-3.529926,Wednesday,12:30,Alcoholics Anonymous,1,0,0
Exeter Lunchtime Daily Reflections,50.721092,-3.52997,Friday,13:00,Alcoholics Anonymous,1,0,0
Exeter Morning As Bill Sees It,50.721092,-3.52997,Sunday,10:30,Alcoholics Anonymous,1,0,0
Exeter Morning Step,50.721092,-3.52997,Saturday,10:00,Alcoholics Anonymous,1,0,0
Exeter Newcomers,50.722221,-3.535248,Friday,19:30,Alcoholics Anonymous,1,0,0
Exmouth,50.619919,-3.413195,Saturday,19:30,Alcoholics Anonymous,1,0,0
Exmouth Big Book Study,50.619919,-3.413195,Tuesday,10:30,Alcoholics Anonymous,1,0,0
Honiton,50.799331,-3.19113,Tuesday,19:30,Alcoholics Anonymous,1,0,0
Sidmouth,50.682377,-3.239392,Thursday,19:30,Alcoholics Anonymous,1,0,0
Sidmouth Just For Today,50.682377,-3.239392,Monday,19:30,Alcoholics Anonymous,1,0,0
Tiverton,50.903526,-3.489251,Wednesday,19:30,Alcoholics Anonymous,1,0,0
Billingham Bridge To Recovery,54.618156,-1.27318,Monday,19:00,Alcoholics Anonymous,1,0,0
Billingham Bridge To Recovery,54.618156,-1.27318,Thursday,11:00,Alcoholics Anonymous,1,0,0
Billingham Bridge To Recovery,54.618156,-1.27318,Friday,18:00,Alcoholics Anonymous,1,0,0
Cockfield Courage To Change,54.612679,-1.80709,Thursday,19:00,Alcoholics Anonymous,1,0,0
Darlington A New Beginning,54.524038,-1.557954,Friday,19:30,Alcoholics Anonymous,1,0,0
Darlington A New Beginning,54.524038,-1.557954,Sunday,19:30,Alcoholics Anonymous,1,0,0
Darlington Monthly Multi-Mtg,54.534773,-1.569883,Friday,18:00,Alcoholics Anonymous,1,0,0
Darlington Multi-Mtg,54.54781,-1.547037,Tuesday,10:30,Alcoholics Anonymous,1,0,0
Darlington Multi-Mtg General Share,54.534773,-1.569883,Wednesday,11:45,Alcoholics Anonymous,1,0,0
Darlington Multi-Mtg Living Sober,54.534773,-1.569883,Monday,19:45,Alcoholics Anonymous,1,0,0
Darlington Multi-Mtg: Beginners,54.534773,-1.569883,Wednesday,18:00,Alcoholics Anonymous,1,0,0
Darlington Multi-Mtg: Big Book Study,54.534773,-1.569883,Saturday,19:30,Alcoholics Anonymous,1,0,0
Darlington Multi-Mtg: Daily Reflections,54.534773,-1.569883,Saturday,12:30,Alcoholics Anonymous,1,0,0
Darlington Multi-Mtg: Discussion 12 Steps,54.534773,-1.569883,Thursday,19:30,Alcoholics Anonymous,1,0,0
Darlington Multi-Mtg: General Share,54.534773,-1.569883,Wednesday,19:30,Alcoholics Anonymous,1,0,0
Darlington Multi-Mtg: General Share,54.534773,-1.569883,Friday,19:30,Alcoholics Anonymous,1,0,0
Darlington Multi-Mtg: General Share,54.534773,-1.569883,Sunday,14:30,Alcoholics Anonymous,1,0,0
Darlington Multi-Mtg: Topic,54.534773,-1.569883,Sunday,19:30,Alcoholics Anonymous,1,0,0
Darlington Muti-Mtg Plomien Polish Speaking,54.534773,-1.569883,Tuesday,19:00,Alcoholics Anonymous,1,0,0
Durham Courage To Change,54.774082,-1.567577,Tuesday,10:30,Alcoholics Anonymous,1,0,0
Durham Keep It Simple,54.775966,-1.638152,Friday,17:30,Alcoholics Anonymous,1,0,0
Durham Multi-Mtg,54.776212,-1.580334,Friday,19:30,Alcoholics Anonymous,1,0,0
Durham Multi-Mtg,54.776212,-1.580334,Wednesday,12:15,Alcoholics Anonymous,1,0,0
Durham Multi-Mtg,54.772261,-1.591991,Monday,19:30,Alcoholics Anonymous,1,0,0
Durham Old Elvet Meditation,54.775025,-1.570076,Saturday,09:30,Alcoholics Anonymous,1,0,0
Hartlepool,54.682136,-1.221427,Friday,19:15,Alcoholics Anonymous,1,0,0
Hartlepool As Bill Sees It,54.682136,-1.221427,Wednesday,19:15,Alcoholics Anonymous,1,0,0
Hartlepool General Share,54.682136,-1.221427,Monday,19:15,Alcoholics Anonymous,1,0,0
Hartlepool Hope,54.702398,-1.227837,Wednesday,12:00,Alcoholics Anonymous,1,0,0
Hartlepool Step & Traditions,54.682136,-1.221427,Sunday,19:15,Alcoholics Anonymous,1,0,0
Middlesborough There Is A Solution,54.565251,-1.136489,Saturday,19:00,Alcoholics Anonymous,1,0,0
Middlesbrough A New Beginning,54.570782,-1.234114,Tuesday,19:00,Alcoholics Anonymous,1,0,0
Middlesbrough A New Beginning,54.570782,-1.234114,Thursday,19:00,Alcoholics Anonymous,1,0,0
Middlesbrough Big Book,54.557773,-1.241085,Friday,12:15,Alcoholics Anonymous,1,0,0
Middlesbrough Coulby Newham As Bill Sees It,54.529385,-1.216933,Wednesday,18:30,Alcoholics Anonymous,1,0,0
Middlesbrough Coulby Newham Topic,54.529385,-1.216933,Friday,18:30,Alcoholics Anonymous,1,0,0
Middlesbrough Topic,54.570782,-1.234114,Sunday,19:00,Alcoholics Anonymous,1,0,0
Middlesbrough Topic,54.557773,-1.241085,Tuesday,12:15,Alcoholics Anonymous,1,0,0
Newton Aycliffe Friends In Recovery,54.622673,-1.569463,Tuesday,18:30,Alcoholics Anonymous,1,0,0
Newton Aycliffe Friends In Recovery,54.622673,-1.569463,Friday,10:30,Alcoholics Anonymous,1,0,0
Redcar Living Sober,54.60504,-1.070983,Tuesday,18:30,Alcoholics Anonymous,1,0,0
Stockton Pure Recovery Beginners,54.563572,-1.316337,Monday,09:30,Alcoholics Anonymous,1,0,0
Stockton Recovery Hub,54.565909,-1.312264,Friday,19:00,Alcoholics Anonymous,1,0,0
Stockton-On-Tees Norton,54.593061,-1.310986,Saturday,10:30,Alcoholics Anonymous,1,0,0
Stockton-On-Tees Norton,54.593061,-1.310986,Wednesday,19:00,Alcoholics Anonymous,1,0,0
Stockton-On-Tees Sober School Big Book Study,54.593061,-1.310986,Tuesday,19:00,Alcoholics Anonymous,1,0,0
Stockton-On-Tees Step 11 Prayer & Meditation,54.593061,-1.310986,Thursday,19:00,Alcoholics Anonymous,1,0,0
Willington,54.71123,-1.691411,Wednesday,19:15,Alcoholics Anonymous,1,0,0
Yarm Serenity,54.500723,-1.355776,Sunday,19:30,Alcoholics Anonymous,1,0,0
Bishops Stortford As Bill Sees It,51.872511,0.159348,Saturday,10:30,Alcoholics Anonymous,1,0,0
Bishops Stortford Lunchtime Daily Reflection,51.869283,0.159263,Wednesday,12:00,Alcoholics Anonymous,1,0,0
Bishops Stortford Speaker,51.869283,0.159263,Monday,20:00,Alcoholics Anonymous,1,0,0
Bishops Stortford Step,51.872511,0.159348,Tuesday,20:00,Alcoholics Anonymous,1,0,0
Broxbourne Feelings,51.744535,-0.018014,Thursday,20:00,Alcoholics Anonymous,1,0,0
Harlow As Bill Sees It,51.775116,0.1127,Saturday,11:00,Alcoholics Anonymous,1,0,0
Harlow Big Book,51.783058,0.131021,Monday,20:00,Alcoholics Anonymous,1,0,0
Harlow Daily Reflections,51.775116,0.1127,Wednesday,13:00,Alcoholics Anonymous,1,0,0
Harlow Free-Sharing,51.775116,0.1127,Monday,12:30,Alcoholics Anonymous,1,0,0
Harlow General Share & Chair,51.775116,0.1127,Sunday,19:30,Alcoholics Anonymous,1,0,0
Harlow Meditation,51.775116,0.1127,Friday,19:00,Alcoholics Anonymous,1,0,0
Harlow Morning Free Sharing,51.775116,0.1127,Friday,10:30,Alcoholics Anonymous,1,0,0
Harlow Step One,51.775116,0.1127,Thursday,10:30,Alcoholics Anonymous,1,0,0
Hertford,51.798102,-0.070038,Wednesday,18:00,Alcoholics Anonymous,1,0,0
Hertford As Bill Sees It,51.79906,-0.082426,Sunday,19:00,Alcoholics Anonymous,1,0,0
Hertford Candlelit Chair,51.798821,-0.074445,Monday,20:00,Alcoholics Anonymous,1,0,0
Hertford Lunch Come & Go,51.798102,-0.070038,Friday,13:00,Alcoholics Anonymous,1,0,0
Hertford Methodist Church,51.798102,-0.070038,Monday,19:30,Alcoholics Anonymous,1,0,0
Hertford Step,51.79906,-0.082426,Saturday,14:00,Alcoholics Anonymous,1,0,0
Hoddesdon,51.762305,-0.013279,Friday,20:00,Alcoholics Anonymous,1,0,0
Sawbridgeworth,51.812342,0.151538,Saturday,17:00,Alcoholics Anonymous,1,0,0
Sawbridgeworth Step,51.807184,0.124482,Wednesday,17:30,Alcoholics Anonymous,1,0,0
Upshire,51.690171,0.045746,Thursday,20:00,Alcoholics Anonymous,1,0,0
Upshire As Bill Sees It,51.690171,0.045746,Sunday,11:00,Alcoholics Anonymous,1,0,0
Upshire Step,51.690171,0.045746,Tuesday,20:00,Alcoholics Anonymous,1,0,0
Waltham Abbey,51.686536,0.001715,Wednesday,18:00,Alcoholics Anonymous,1,0,0
Ashford,51.151933,0.872233,Sunday,19:00,Alcoholics Anonymous,1,0,0
Ashford,51.138026,0.857232,Wednesday,19:30,Alcoholics Anonymous,1,0,0
Ashford Big Book Womens,51.132638,0.886903,Thursday,12:00,Alcoholics Anonymous,1,0,0
"Ashford Carry The Message, Big Book Study",51.153592,0.847436,Saturday,09:00,Alcoholics Anonymous,1,0,0
Ashford Daily Reflections,51.132638,0.886903,Tuesday,12:00,Alcoholics Anonymous,1,0,0
Aylesham,51.223535,1.202977,Monday,19:30,Alcoholics Anonymous,1,0,0
Birchington,51.373604,1.308458,Tuesday,20:00,Alcoholics Anonymous,1,0,0
Birchington Morning,51.373604,1.308458,Thursday,10:00,Alcoholics Anonymous,1,0,0
Birchington Saturday Night Front Room,51.373604,1.308458,Saturday,19:45,Alcoholics Anonymous,1,0,0
Birchington Step & Tradition,51.373604,1.308458,Thursday,20:00,Alcoholics Anonymous,1,0,0
Canterbury,51.276648,1.085809,Saturday,19:00,Alcoholics Anonymous,1,0,0
Canterbury Beginners,51.28026,1.077559,Tuesday,19:30,Alcoholics Anonymous,1,0,0
Canterbury Big Book Step & Tradition,51.280661,1.079237,Friday,19:30,Alcoholics Anonymous,1,0,0
Canterbury Lunchtime Daily Reflections,51.276648,1.085809,Monday,13:00,Alcoholics Anonymous,1,0,0
Canterbury Meditation,51.284548,1.093323,Sunday,17:15,Alcoholics Anonymous,1,0,0
Canterbury Step,51.276648,1.085809,Thursday,19:00,Alcoholics Anonymous,1,0,0
Canterbury Young At Heart Hybrid,51.283201,1.084712,Wednesday,19:00,Alcoholics Anonymous,1,0,0
Deal Beginners,51.224784,1.400221,Tuesday,19:00,Alcoholics Anonymous,1,0,0
Deal Big Book Study,51.229964,1.399342,Friday,18:00,Alcoholics Anonymous,1,0,0
Dover Beginners,51.128877,1.31314,Friday,19:00,Alcoholics Anonymous,1,0,0
Faversham Discussion,51.32206,0.876251,Sunday,11:00,Alcoholics Anonymous,1,0,0
Faversham Multi-Mtg Speaker,51.314991,0.88429,Friday,20:00,Alcoholics Anonymous,1,0,0
Faversham Multi-Mtg Speaker,51.314991,0.88429,Wednesday,10:00,Alcoholics Anonymous,1,0,0
Faversham Multi-Mtg Step Study,51.314991,0.88429,Monday,11:00,Alcoholics Anonymous,1,0,0
Folkestone,51.088104,1.184322,Tuesday,19:45,Alcoholics Anonymous,1,0,0
Folkestone Cheriton,51.087582,1.146969,Thursday,20:00,Alcoholics Anonymous,1,0,0
Folkestone Give It Away To Keep It,51.085542,1.175348,Monday,12:00,Alcoholics Anonymous,1,0,0
Folkestone Lunchtime,51.100909,1.211621,Tuesday,12:00,Alcoholics Anonymous,1,0,0
Ramsgate,51.339673,1.425455,Friday,12:30,Alcoholics Anonymous,1,0,0
Ramsgate Lunchtime,51.339673,1.425455,Monday,12:30,Alcoholics Anonymous,1,0,0
Ramsgate Speaker & Discussion,51.334225,1.415485,Wednesday,19:30,Alcoholics Anonymous,1,0,0
Sittingbourne Beginners,51.333493,0.765467,Sunday,19:00,Alcoholics Anonymous,1,0,0
Tankerton Big Book & Beginners,51.361333,1.068124,Tuesday,19:45,Alcoholics Anonymous,1,0,0
Tankerton Happy Joyous & Free,51.3616728,1.045417,Friday,19:30,Alcoholics Anonymous,1,0,0
Tankerton Serenity Big Book Study,51.361716,1.045162,Sunday,10:00,Alcoholics Anonymous,1,0,0
Tankerton Womens Find Peace By The Sea,51.361716,1.045162,Thursday,19:00,Alcoholics Anonymous,1,0,0
Westgate-On-Sea Morning Big Book Study,51.381878,1.336638,Sunday,10:00,Alcoholics Anonymous,1,0,0
Whitstable,51.357973,1.024918,Wednesday,20:00,Alcoholics Anonymous,1,0,0
Wye Church Tower,51.18356,0.937613,Tuesday,18:00,Alcoholics Anonymous,1,0,0
Accrington,53.748475,-2.359772,Tuesday,19:30,Alcoholics Anonymous,1,0,0
Accrington,53.753092,-2.390508,Friday,13:00,Alcoholics Anonymous,1,0,0
Accrington Back To Basics,53.75778,-2.357213,Thursday,18:00,Alcoholics Anonymous,1,0,0
Accrington Keep It Simple,53.752799,-2.386623,Saturday,18:00,Alcoholics Anonymous,1,0,0
Accrington Living Sober,53.777792,-2.387429,Wednesday,19:30,Alcoholics Anonymous,1,0,0
Accrington Step,53.75778,-2.357213,Saturday,10:30,Alcoholics Anonymous,1,0,0
Bacup/Waterfoot Discussion,53.707079,-2.249118,Thursday,20:00,Alcoholics Anonymous,1,0,0
Barrowford,53.847297,-2.218171,Thursday,19:00,Alcoholics Anonymous,1,0,0
Barrowford Afternoon,53.844909,-2.219221,Sunday,15:00,Alcoholics Anonymous,1,0,0
Blackburn,53.750552,-2.486748,Friday,19:00,Alcoholics Anonymous,1,0,0
Blackburn Design For Living,53.734077,-2.502795,Thursday,19:30,Alcoholics Anonymous,1,0,0
Blackburn Fenix (Polish Speaking),53.746176,-2.486591,Wednesday,18:30,Alcoholics Anonymous,1,0,0
Blackburn Rishton Recovery,53.768719,-2.415564,Thursday,19:30,Alcoholics Anonymous,1,0,0
Blackburn Young Person's,53.743008,-2.487601,Wednesday,19:30,Alcoholics Anonymous,1,0,0
Bolton,53.580863,-2.430874,Tuesday,19:30,Alcoholics Anonymous,1,0,0
Bolton,53.580863,-2.430874,Thursday,19:30,Alcoholics Anonymous,1,0,0
Bolton Daytime Daily Reflections,53.598647,-2.43485,Tuesday,10:00,Alcoholics Anonymous,1,0,0
Bolton Hall'ithwood,53.600385,-2.416387,Tuesday,19:30,Alcoholics Anonymous,1,0,0
Bolton Hall'ithwood,53.600385,-2.416387,Thursday,19:30,Alcoholics Anonymous,1,0,0
Breightmet,53.587763,-2.390552,Friday,19:00,Alcoholics Anonymous,1,0,0
Burnley,53.788861,-2.244595,Friday,12:30,Alcoholics Anonymous,1,0,0
Burnley Traditions Workshop Monthly Mtg,53.788861,-2.244595,Friday,14:15,Alcoholics Anonymous,1,0,0
Burnley Women's,53.790629,-2.252073,Wednesday,12:30,Alcoholics Anonymous,1,0,0
Bury,53.594168,-2.297859,Saturday,19:30,Alcoholics Anonymous,1,0,0
Bury,53.594168,-2.297859,Sunday,19:30,Alcoholics Anonymous,1,0,0
Bury,53.595198,-2.294978,Monday,19:30,Alcoholics Anonymous,1,0,0
Bury Greenmount Lunchtime Come & Go,53.625107,-2.337432,Wednesday,12:30,Alcoholics Anonymous,1,0,0
Bury Main Share,53.595198,-2.294978,Friday,19:30,Alcoholics Anonymous,1,0,0
Colne,53.856159,-2.170889,Wednesday,12:30,Alcoholics Anonymous,1,0,0
Colne,53.856159,-2.170889,Tuesday,07:30,Alcoholics Anonymous,1,0,0
Darwen Arch To Freedom,53.697164,-2.459324,Tuesday,19:30,Alcoholics Anonymous,1,0,0
Deepdale Recovery,53.584286,-2.387242,Sunday,19:00,Alcoholics Anonymous,1,0,0
Heywood,53.592457,-2.220947,Thursday,19:45,Alcoholics Anonymous,1,0,0
Heywood,53.592571,-2.240845,Monday,19:30,Alcoholics Anonymous,1,0,0
Nelson,53.836433,-2.217248,Saturday,19:30,Alcoholics Anonymous,1,0,0
Nelson Back To Basics,53.836095,-2.217442,Friday,19:30,Alcoholics Anonymous,1,0,0
Oswaldtwistle Step Study,53.752799,-2.386623,Monday,19:30,Alcoholics Anonymous,1,0,0
Padiham I Am Responsible,53.801315,-2.318336,Wednesday,19:30,Alcoholics Anonymous,1,0,0
Ramsbottom Big Book Study,53.648594,-2.317559,Monday,19:30,Alcoholics Anonymous,1,0,0
Ramsbottom Step 11 Prayer & Meditation,53.648594,-2.317559,Friday,19:30,Alcoholics Anonymous,1,0,0
Rawtenstall,53.701041,-2.285739,Wednesday,19:30,Alcoholics Anonymous,1,0,0
Rawtenstall Step,53.701041,-2.285739,Sunday,19:00,Alcoholics Anonymous,1,0,0
Rossendale Sisters In Sobriety Womens,53.72325,-2.28595,Tuesday,19:00,Alcoholics Anonymous,1,0,0
Whalley Language Of The Heart,53.820913,-2.404916,Friday,19:30,Alcoholics Anonymous,1,0,0
Bethnal Green,51.526988,-0.057637,Monday,19:00,Alcoholics Anonymous,1,0,0
Bethnal Green 12 X 12,51.527774,-0.055182,Wednesday,18:30,Alcoholics Anonymous,1,0,0
Bethnal Green Big Book Stories,51.528942,-0.056846,Wednesday,07:30,Alcoholics Anonymous,1,0,0
Bethnal Green Daily Reflections,51.528942,-0.056846,Friday,07:30,Alcoholics Anonymous,1,0,0
Bethnal Green Emotional Sobriety,51.528942,-0.056846,Friday,13:00,Alcoholics Anonymous,1,0,0
Bethnal Green Lunchtime,51.5243,-0.058889,Wednesday,13:00,Alcoholics Anonymous,1,0,0
Bethnal Green Newcomers,51.528641,-0.055923,Saturday,10:00,Alcoholics Anonymous,1,0,0
Bethnal Green Newcomers Step And Tradition,51.5243,-0.058889,Monday,20:00,Alcoholics Anonymous,1,0,0
Brick Lane Big Book Study,51.525099,-0.068095,Saturday,18:00,Alcoholics Anonymous,1,0,0
Bring Your Own Big Book (Byobb),51.533784,-0.052184,Thursday,19:30,Alcoholics Anonymous,1,0,0
Buckhurst Hill As Bill Sees It Lunchtime,51.628753,0.048241,Tuesday,12:30,Alcoholics Anonymous,1,0,0
Buckhurst Hill One Day At A Time,51.627781,0.038993,Wednesday,19:30,Alcoholics Anonymous,1,0,0
Canning Town 12X12,51.51651,0.00917,Wednesday,19:00,Alcoholics Anonymous,1,0,0
Canning Town Simply Sundays,51.517754,0.01466,Sunday,19:00,Alcoholics Anonymous,1,0,0
Chingford,51.633025,0.00975,Thursday,20:00,Alcoholics Anonymous,1,0,0
Chingford Chip,51.616688,0.000115,Thursday,16:00,Alcoholics Anonymous,1,0,0
Clapton Conscious Contact,51.552738,-0.049775,Wednesday,07:30,Alcoholics Anonymous,1,0,0
East Ham,51.532435,0.051799,Monday,19:30,Alcoholics Anonymous,1,0,0
First Clapton,51.556694,-0.056791,Tuesday,19:30,Alcoholics Anonymous,1,0,0
Forest Gate Seven Till Eight,51.550855,0.028296,Thursday,19:00,Alcoholics Anonymous,1,0,0
Goodmayes Serenity Lounge/Newcomers,51.569554,0.111278,Sunday,14:30,Alcoholics Anonymous,1,0,0
"Group Of Dykes (Trans, Non-Binary People And Queer Women)",51.529993,-0.054496,Thursday,18:30,Alcoholics Anonymous,1,0,0
Hackney,51.532439,-0.055154,Monday,20:00,Alcoholics Anonymous,1,0,0
Hackney Step & Tradition,51.540904,-0.045578,Friday,19:15,Alcoholics Anonymous,1,0,0
Hackney Wick Mens Newcomer,51.545592,-0.031129,Saturday,18:30,Alcoholics Anonymous,1,0,0
Hainault,51.610787,0.111142,Sunday,19:30,Alcoholics Anonymous,1,0,0
Homerton Back To Basics Beginners,51.545456,-0.036542,Sunday,18:00,Alcoholics Anonymous,1,0,0
Ilford Barkingside Recovery,51.580873,0.072123,Thursday,12:30,Alcoholics Anonymous,1,0,0
Ilford Barkingside Recovery Hybrid,51.580873,0.072123,Monday,20:00,Alcoholics Anonymous,1,0,0
Ilford Barkingside Recovery Hybrid,51.580873,0.072123,Wednesday,20:00,Alcoholics Anonymous,1,0,0
Ilford Barkingside Recovery Step Hybrid,51.580873,0.072123,Friday,20:00,Alcoholics Anonymous,1,0,0
Ilford Seven Kings Newcomers And Suffering Alcoholics Speaker,51.570971,0.093925,Thursday,20:00,Alcoholics Anonymous,1,0,0
Ilford Wschodd Polish Speaking,51.56485,0.108739,Monday,20:00,Alcoholics Anonymous,1,0,0
Leyton Newcomers,51.560146,-0.008918,Tuesday,19:00,Alcoholics Anonymous,1,0,0
Leytonstone,51.57085,0.003442,Monday,20:00,Alcoholics Anonymous,1,0,0
Leytonstone Whipps Cross,51.578831,0.002638,Wednesday,20:00,Alcoholics Anonymous,1,0,0
Leytonstone Whipps Cross,51.57085,0.003442,Friday,20:00,Alcoholics Anonymous,1,0,0
Limitless Expansion,51.533784,-0.052184,Sunday,10:00,Alcoholics Anonymous,1,0,0
Loughton Primary Purpose,51.649588,0.05668,Wednesday,19:30,Alcoholics Anonymous,1,0,0
Mare St Step,51.540961,-0.055497,Monday,07:30,Alcoholics Anonymous,1,0,0
Poplar,51.511673,-0.015815,Tuesday,20:00,Alcoholics Anonymous,1,0,0
Poplar Chapter Five,51.511673,-0.015815,Thursday,20:00,Alcoholics Anonymous,1,0,0
Poplar Lunchtime,51.511673,-0.015815,Wednesday,12:30,Alcoholics Anonymous,1,0,0
Poplar Nadzieja (Hope) Polish Spoken,51.51219,-0.021385,Friday,20:00,Alcoholics Anonymous,1,0,0
Reading Is Fundamental Lgbtqia+ Big Book Study,51.540161,-0.074624,Monday,19:30,Alcoholics Anonymous,1,0,0
Romford Chair,51.578456,0.187508,Tuesday,20:00,Alcoholics Anonymous,1,0,0
Romford Gratitude,51.581088,0.182338,Thursday,19:30,Alcoholics Anonymous,1,0,0
Romford Serenity,51.564977,0.184353,Saturday,11:00,Alcoholics Anonymous,1,0,0
Seaman's Rest,51.511377,-0.018943,Saturday,19:30,Alcoholics Anonymous,1,0,0
South Woodford,51.596695,0.021242,Monday,20:00,Alcoholics Anonymous,1,0,0
South Woodford,51.599546,0.018105,Saturday,20:00,Alcoholics Anonymous,1,0,0
Stepney Mile End Hospital,51.525048,-0.042206,Sunday,15:00,Alcoholics Anonymous,1,0,0
Stratford Lunch,51.539118,0.002755,Monday,12:00,Alcoholics Anonymous,1,0,0
Vic Park Women's,51.540904,-0.045578,Wednesday,18:15,Alcoholics Anonymous,1,0,0
Walthamstow,51.581965,-0.006449,Saturday,20:00,Alcoholics Anonymous,1,0,0
Walthamstow,51.581622,-0.010087,Sunday,19:00,Alcoholics Anonymous,1,0,0
Walthamstow Big Book,51.581965,-0.006449,Thursday,12:00,Alcoholics Anonymous,1,0,0
Walthamstow Feelings,51.581622,-0.010087,Sunday,11:00,Alcoholics Anonymous,1,0,0
Wanstead Big Book,51.581909,0.026041,Friday,19:30,Alcoholics Anonymous,1,0,0
Wanstead Keystone To Freedom,51.578101,0.023188,Sunday,18:30,Alcoholics Anonymous,1,0,0
West Essex Newcomers & West Essex Active Service Crew (Traditions And Concepts Workshops),51.616091,0.024963,Friday,20:00,Alcoholics Anonymous,1,0,0
Whitechapel Living Sober,51.518515,-0.063646,Tuesday,18:30,Alcoholics Anonymous,1,0,0
Woodford St Andrew's,51.611083,0.019165,Friday,19:30,Alcoholics Anonymous,1,0,0
Woodford Women In Recovery,51.616091,0.024963,Friday,13:00,Alcoholics Anonymous,1,0,0
Young In Recovery East,51.526988,-0.057637,Tuesday,19:00,Alcoholics Anonymous,1,0,0
Eastbourne 12 Steps,50.774508,0.266248,Tuesday,19:30,Alcoholics Anonymous,1,0,0
Eastbourne Big Book Study,50.774508,0.266248,Sunday,18:00,Alcoholics Anonymous,1,0,0
Eastbourne Literature,50.774289,0.269642,Monday,18:45,Alcoholics Anonymous,1,0,0
Eastbourne Living Sober,50.772984,0.266218,Thursday,19:30,Alcoholics Anonymous,1,0,0
Eastbourne Newcomers,50.770469,0.28035,Tuesday,17:30,Alcoholics Anonymous,1,0,0
Eastbourne Old Town Step,50.772984,0.266218,Wednesday,18:00,Alcoholics Anonymous,1,0,0
Eastbourne Seaside Speakers Choice,50.786969,0.271108,Friday,19:30,Alcoholics Anonymous,1,0,0
Hailsham Living Sober,50.860848,0.257714,Monday,12:45,Alcoholics Anonymous,1,0,0
Lewes,50.872727,0.014363,Friday,20:00,Alcoholics Anonymous,1,0,0
Lewes,50.878039,0.016668,Wednesday,19:45,Alcoholics Anonymous,1,0,0
Lewes Daily Reflections Hybrid,50.872727,0.014363,Thursday,07:30,Alcoholics Anonymous,1,0,0
Lewes Morning Big Book Discussion,50.874377,0.017518,Monday,11:30,Alcoholics Anonymous,1,0,0
Lewes Step & Tradition,50.872738,0.017391,Monday,09:30,Alcoholics Anonymous,1,0,0
Newhaven,50.790932,0.04477,Friday,09:30,Alcoholics Anonymous,1,0,0
Newhaven How It Works,50.791432,0.049091,Thursday,19:15,Alcoholics Anonymous,1,0,0
Newhaven Morning,50.790932,0.04477,Monday,09:30,Alcoholics Anonymous,1,0,0
Ringmer Big Book Study,50.892906,0.053741,Tuesday,12:30,Alcoholics Anonymous,1,0,0
Ringmer Step & Tradition,50.892948,0.05569,Friday,12:15,Alcoholics Anonymous,1,0,0
Uckfield,50.967875,0.096625,Sunday,18:00,Alcoholics Anonymous,1,0,0
Uckfield,50.967875,0.096625,Wednesday,20:00,Alcoholics Anonymous,1,0,0
Uckfield Gratitude,50.967875,0.096625,Wednesday,07:30,Alcoholics Anonymous,1,0,0
Althorne Feelings,51.658241,0.760328,Friday,18:00,Alcoholics Anonymous,1,0,0
Basildon Honeypot,51.575187,0.46446,Saturday,18:00,Alcoholics Anonymous,1,0,0
Basildon Morning,51.589369,0.501682,Saturday,10:30,Alcoholics Anonymous,1,0,0
Basildon Oldtimers Pass It On,51.565162,0.474869,Monday,20:00,Alcoholics Anonymous,1,0,0
Basildon Step,51.575187,0.46446,Thursday,20:00,Alcoholics Anonymous,1,0,0
Basildon Trinity Methodist Church,51.565301,0.485728,Friday,20:00,Alcoholics Anonymous,1,0,0
Basildon Vnge Lunchtime,51.565301,0.485728,Wednesday,13:00,Alcoholics Anonymous,1,0,0
Billericay Discussion,51.636981,0.413583,Friday,10:00,Alcoholics Anonymous,1,0,0
Billericay Step,51.619462,0.418114,Wednesday,19:30,Alcoholics Anonymous,1,0,0
Braintree Daily Reflections,51.875929,0.547199,Thursday,13:15,Alcoholics Anonymous,1,0,0
Braintree Feelings,51.856352,0.602198,Monday,19:00,Alcoholics Anonymous,1,0,0
Braintree Recovery,51.878227,0.556892,Tuesday,20:00,Alcoholics Anonymous,1,0,0
Brentwood There Is A Solution,51.65407,0.357439,Sunday,19:00,Alcoholics Anonymous,1,0,0
Canvey Island,51.520336,0.577269,Tuesday,20:00,Alcoholics Anonymous,1,0,0
Chelmsford,51.728231,0.465967,Monday,20:00,Alcoholics Anonymous,1,0,0
Chelmsford A New Beginning,51.738159,0.463394,Friday,19:30,Alcoholics Anonymous,1,0,0
Chelmsford As Bill Sees It,51.738159,0.463394,Friday,13:00,Alcoholics Anonymous,1,0,0
Chelmsford Broomfield Hospital,51.774654,0.465993,Thursday,20:00,Alcoholics Anonymous,1,0,0
Chelmsford Broomfield Road Open,51.762338,0.473481,Saturday,11:00,Alcoholics Anonymous,1,0,0
Chelmsford Feelings,51.729727,0.4688,Tuesday,20:00,Alcoholics Anonymous,1,0,0
Chelmsford How It Works,51.748314,0.444492,Thursday,17:45,Alcoholics Anonymous,1,0,0
Chelmsford Lunch,51.728231,0.465967,Monday,12:30,Alcoholics Anonymous,1,0,0
Chelmsford Morning,51.730523,0.471595,Saturday,09:00,Alcoholics Anonymous,1,0,0
Chelmsford Morning Hybrid,51.738159,0.463394,Saturday,07:30,Alcoholics Anonymous,1,0,0
Chelmsford Primary Purpose Meditation,51.730523,0.471595,Sunday,09:00,Alcoholics Anonymous,1,0,0
Chelmsford St John's,51.727827,0.469453,Sunday,20:00,Alcoholics Anonymous,1,0,0
Chelmsford Topic,51.738159,0.463394,Saturday,18:00,Alcoholics Anonymous,1,0,0
Chelmsford Trinity Reflections,51.738159,0.463394,Sunday,16:30,Alcoholics Anonymous,1,0,0
Clacton-On-Sea Recovery,51.793286,1.145876,Monday,13:00,Alcoholics Anonymous,1,0,0
Colchester Big Book Discussion,51.905112,0.923778,Thursday,19:00,Alcoholics Anonymous,1,0,0
Colchester Book Study With A Twist,51.810713,1.023697,Wednesday,17:30,Alcoholics Anonymous,1,0,0
Colchester Do164,51.88889,0.895341,Tuesday,19:15,Alcoholics Anonymous,1,0,0
Colchester Easy Like Sunday Morning,51.810713,1.023697,Sunday,10:30,Alcoholics Anonymous,1,0,0
Colchester Feelings,51.88889,0.895341,Friday,19:30,Alcoholics Anonymous,1,0,0
Colchester How We Stay Stopped,51.905112,0.923778,Saturday,18:00,Alcoholics Anonymous,1,0,0
Colchester Lion Walk As Bill Sees It,51.888302,0.900594,Sunday,18:00,Alcoholics Anonymous,1,0,0
Colchester Lunch,51.889234,0.908125,Monday,12:00,Alcoholics Anonymous,1,0,0
Colchester Lunchtime,51.889234,0.908125,Tuesday,12:30,Alcoholics Anonymous,1,0,0
Colchester Morning Women's Topic,51.905112,0.923778,Sunday,10:00,Alcoholics Anonymous,1,0,0
Colchester Newcomers & Young Persons,51.88889,0.895341,Thursday,20:00,Alcoholics Anonymous,1,0,0
Colchester Reflections,51.88889,0.895341,Friday,13:00,Alcoholics Anonymous,1,0,0
Colchester Step,51.905112,0.923778,Monday,19:30,Alcoholics Anonymous,1,0,0
Colchester Steps,51.88889,0.895341,Wednesday,19:30,Alcoholics Anonymous,1,0,0
Colchester Straight Road To Recovery,51.874281,0.858339,Saturday,10:00,Alcoholics Anonymous,1,0,0
Hatfield Peverel,51.769799,0.603909,Wednesday,19:30,Alcoholics Anonymous,1,0,0
Jaywick Share,51.774726,1.107977,Monday,19:00,Alcoholics Anonymous,1,0,0
Leigh-On-Sea Keep It Simple,51.545141,0.664954,Friday,13:00,Alcoholics Anonymous,1,0,0
Leigh-On-Sea/Hadleigh Share,51.550031,0.630835,Monday,19:30,Alcoholics Anonymous,1,0,0
Maldon As Bill Sees It,51.731496,0.681902,Thursday,19:00,Alcoholics Anonymous,1,0,0
Maldon Feelings,51.719461,0.672907,Friday,17:15,Alcoholics Anonymous,1,0,0
Maldon Keep It Simple,51.731496,0.681902,Monday,20:00,Alcoholics Anonymous,1,0,0
Maldon Lunch Discussion,51.731496,0.681902,Tuesday,13:00,Alcoholics Anonymous,1,0,0
Maldon Lunchtime,51.730653,0.684952,Wednesday,12:30,Alcoholics Anonymous,1,0,0
Rayleigh Lunchtime Recovery,51.589501,0.606606,Tuesday,13:00,Alcoholics Anonymous,1,0,0
Rayleigh Recovery,51.589501,0.606606,Thursday,18:30,Alcoholics Anonymous,1,0,0
Southend As Bill Sees It,51.53966,0.697776,Saturday,18:30,Alcoholics Anonymous,1,0,0
Southend Big Book Discussion,51.540088,0.697729,Sunday,19:00,Alcoholics Anonymous,1,0,0
"Southend Experience, Strength & Hope",51.540088,0.697729,Friday,19:00,Alcoholics Anonymous,1,0,0
Southend Lunchtime Recovery,51.53966,0.697776,Monday,13:00,Alcoholics Anonymous,1,0,0
Southend Newcomers Q&A Topic,51.53966,0.697776,Thursday,13:00,Alcoholics Anonymous,1,0,0
Southend-On-Sea 12X12,51.540835,0.731927,Wednesday,19:00,Alcoholics Anonymous,1,0,0
Southend-On-Sea Morning Share,51.540835,0.731927,Sunday,11:00,Alcoholics Anonymous,1,0,0
Southend-On-Sea Newcomers,51.540835,0.731927,Saturday,10:30,Alcoholics Anonymous,1,0,0
Southend-On-Sea Step & Tradition,51.53966,0.697776,Tuesday,20:00,Alcoholics Anonymous,1,0,0
Southminster Keep It Simple,51.662441,0.829897,Tuesday,19:30,Alcoholics Anonymous,1,0,0
Tollesbury,51.758586,0.834661,Tuesday,19:30,Alcoholics Anonymous,1,0,0
Tollesbury Morning,51.758586,0.834661,Sunday,08:30,Alcoholics Anonymous,1,0,0
Wickford Share,51.610003,0.520034,Tuesday,19:30,Alcoholics Anonymous,1,0,0
Witham Big Book Recovery,51.799752,0.637575,Sunday,18:00,Alcoholics Anonymous,1,0,0
Witham Rivenhall,51.818615,0.66567,Thursday,20:00,Alcoholics Anonymous,1,0,0
Witham Step,51.799752,0.637575,Friday,20:00,Alcoholics Anonymous,1,0,0
Cambourne Recovery Ladder,52.215891,-0.065343,Thursday,20:00,Alcoholics Anonymous,1,0,0
Cambridge,52.21582,0.116367,Wednesday,19:45,Alcoholics Anonymous,1,0,0
Cambridge Addenbrookes Hospital,52.173741,0.139114,Monday,19:30,Alcoholics Anonymous,1,0,0
Cambridge As Bill Sees It,52.195297,0.135758,Saturday,20:00,Alcoholics Anonymous,1,0,0
Cambridge Cheddars Lane,52.212171,0.145645,Friday,12:00,Alcoholics Anonymous,1,0,0
Cambridge Lunchtime,52.202978,0.123204,Thursday,12:00,Alcoholics Anonymous,1,0,0
Cambridge Lunchtime,52.202978,0.123204,Monday,12:00,Alcoholics Anonymous,1,0,0
Cambridge Lunchtime,52.202978,0.123204,Wednesday,12:00,Alcoholics Anonymous,1,0,0
Cambridge Lunchtime,52.202978,0.123204,Friday,12:00,Alcoholics Anonymous,1,0,0
Cambridge Lunchtime,52.202978,0.123204,Tuesday,12:00,Alcoholics Anonymous,1,0,0
Cambridge Mens,52.212171,0.145645,Tuesday,19:00,Alcoholics Anonymous,1,0,0
Cambridge Primary Purpose,52.205519,0.126413,Monday,19:00,Alcoholics Anonymous,1,0,0
Cambridge Primary Purpose Meditation,52.197,0.15138,Thursday,19:15,Alcoholics Anonymous,1,0,0
Cambridge Przebudzenie Polish Speaking,52.215827,0.131707,Saturday,18:00,Alcoholics Anonymous,1,0,0
Cambridge Road To Recovery,52.187501,0.177548,Saturday,13:00,Alcoholics Anonymous,1,0,0
Cambridge Steps & Traditions,52.20715,0.125453,Friday,19:15,Alcoholics Anonymous,1,0,0
Cambridge Women,52.195297,0.135758,Tuesday,19:15,Alcoholics Anonymous,1,0,0
Cambridge Women's,52.218476,0.127911,Sunday,13:00,Alcoholics Anonymous,1,0,0
Cambridge Young People,52.212439,0.112825,Friday,19:15,Alcoholics Anonymous,1,0,0
Eaton Socon Big Book,52.227852,-0.288456,Thursday,20:00,Alcoholics Anonymous,1,0,0
Ely Discussion,52.401253,0.264989,Sunday,19:00,Alcoholics Anonymous,1,0,0
Ely Steps & Traditions,52.413145,0.275488,Wednesday,19:45,Alcoholics Anonymous,1,0,0
Huntingdon Living Sober,52.328193,-0.179665,Wednesday,19:30,Alcoholics Anonymous,1,0,0
March Step & Traditions,52.558704,0.092307,Tuesday,19:30,Alcoholics Anonymous,1,0,0
Milton Free To Talk,52.239481,0.159807,Wednesday,19:00,Alcoholics Anonymous,1,0,0
Newmarket,52.236986,0.411634,Tuesday,20:00,Alcoholics Anonymous,1,0,0
Newmarket As Bill Sees It,52.241133,0.407597,Wednesday,20:15,Alcoholics Anonymous,1,0,0
Newmarket Big Book Study,52.252394,0.402214,Wednesday,19:30,Alcoholics Anonymous,1,0,0
Newmarket Gratitude,52.252394,0.402214,Sunday,11:00,Alcoholics Anonymous,1,0,0
Newmarket Living Sober,52.258879,0.388289,Thursday,13:00,Alcoholics Anonymous,1,0,0
Newmarket Lunchtime As Bill Sees It,52.258879,0.388289,Monday,13:00,Alcoholics Anonymous,1,0,0
Newmarket Steps & Traditions,52.258879,0.388289,Friday,20:00,Alcoholics Anonymous,1,0,0
Peterborough As Bill Sees It,52.578797,-0.230011,Wednesday,19:30,Alcoholics Anonymous,1,0,0
Peterborough Big Book Study,52.579681,-0.274046,Sunday,18:00,Alcoholics Anonymous,1,0,0
Peterborough Cos Nowego Polish Speaking,52.570899,-0.28537,Saturday,18:00,Alcoholics Anonymous,1,0,0
Peterborough Daily Reflections,52.569314,-0.242184,Friday,13:00,Alcoholics Anonymous,1,0,0
Peterborough Daily Reflections,52.57222,-0.251423,Monday,10:00,Alcoholics Anonymous,1,0,0
Peterborough Krok Po Kroku Polish Speaking,52.569314,-0.242184,Friday,19:00,Alcoholics Anonymous,1,0,0
Peterborough Living Sober,52.591274,-0.254074,Thursday,19:00,Alcoholics Anonymous,1,0,0
Peterborough Lunchtime Step & Tradition,52.57222,-0.251423,Wednesday,12:00,Alcoholics Anonymous,1,0,0
Peterborough Meditation,52.570899,-0.28537,Thursday,20:00,Alcoholics Anonymous,1,0,0
Peterborough Mustard Seed Open Beginners,52.576923,-0.243001,Saturday,10:15,Alcoholics Anonymous,1,0,0
Peterborough Nadzieja Polish Speaking,52.538461,-0.265681,Tuesday,19:00,Alcoholics Anonymous,1,0,0
Peterborough Share,52.578797,-0.230011,Friday,19:30,Alcoholics Anonymous,1,0,0
Ramsey,52.449095,-0.103186,Saturday,19:30,Alcoholics Anonymous,1,0,0
Sawtry Step,52.435143,-0.281524,Monday,20:00,Alcoholics Anonymous,1,0,0
St Ives Daily Reflection,52.323135,-0.073293,Thursday,13:00,Alcoholics Anonymous,1,0,0
St Ives Recovery,52.323135,-0.073293,Tuesday,19:45,Alcoholics Anonymous,1,0,0
St Neots Beginners,52.227534,-0.266622,Saturday,09:00,Alcoholics Anonymous,1,0,0
Whittlesey As Bill Sees It,52.557346,-0.13065,Thursday,19:30,Alcoholics Anonymous,1,0,0
Beverley,53.841527,-0.410788,Thursday,19:30,Alcoholics Anonymous,1,0,0
Beverley 12 X 12 Step,53.843797,-0.409136,Monday,19:30,Alcoholics Anonymous,1,0,0
Cottingham,53.781916,-0.415674,Friday,20:00,Alcoholics Anonymous,1,0,0
Driffield,54.0051,-0.443179,Sunday,19:30,Alcoholics Anonymous,1,0,0
Holme-On-Spalding-Moor,53.836445,-0.767565,Saturday,19:00,Alcoholics Anonymous,1,0,0
Hull,53.781669,-0.361833,Thursday,10:30,Alcoholics Anonymous,1,0,0
Hull 12 X 12,53.741716,-0.361,Thursday,19:30,Alcoholics Anonymous,1,0,0
Hull Afternoon,53.740699,-0.349091,Tuesday,13:00,Alcoholics Anonymous,1,0,0
Hull Afternoon,53.787555,-0.375759,Monday,13:00,Alcoholics Anonymous,1,0,0
Hull Afternoon Step,53.740699,-0.349091,Wednesday,13:00,Alcoholics Anonymous,1,0,0
Hull Big Book,53.740699,-0.349091,Friday,13:00,Alcoholics Anonymous,1,0,0
Hull Jest Nadzieja Polish Speaking,53.749752,-0.347666,Thursday,19:00,Alcoholics Anonymous,1,0,0
Hull Lgbtq+ Daily Reflections/Traditions,53.767385,-0.358043,Friday,19:30,Alcoholics Anonymous,1,0,0
Hull Women,53.767827,-0.358654,Wednesday,19:00,Alcoholics Anonymous,1,0,0
Aldenham Lunchtime Discussion,51.673508,-0.3523,Wednesday,12:00,Alcoholics Anonymous,1,0,0
Berkhamsted Speaker,51.759775,-0.56325,Wednesday,20:00,Alcoholics Anonymous,1,0,0
Bushey Od Nowa Polish Speaking,51.646268,-0.379527,Sunday,19:30,Alcoholics Anonymous,1,0,0
Harpenden Speaker (Formerly Red House),51.814721,-0.357005,Tuesday,20:00,Alcoholics Anonymous,1,0,0
Hemel Candlelit 12 Steps & 12 Traditions,51.755442,-0.448848,Monday,19:30,Alcoholics Anonymous,1,0,0
Hemel Hempstead As Bill Sees It,51.768992,-0.44805,Saturday,11:00,Alcoholics Anonymous,1,0,0
Hemel Hempstead Big Book,51.755442,-0.448848,Sunday,19:30,Alcoholics Anonymous,1,0,0
Hemel Hempstead Candlelit Speaker,51.734091,-0.464975,Thursday,20:00,Alcoholics Anonymous,1,0,0
Hemel Hempstead Chair,51.759536,-0.470204,Friday,20:00,Alcoholics Anonymous,1,0,0
Hemel Hempstead Feelings,51.764154,-0.456803,Tuesday,12:30,Alcoholics Anonymous,1,0,0
Hemel Hempstead Just For Today,51.773188,-0.457292,Sunday,11:00,Alcoholics Anonymous,1,0,0
Hemel Hempstead Lgbtq+ Rainbow Room,51.768992,-0.44805,Wednesday,18:30,Alcoholics Anonymous,1,0,0
Hemel Hempstead Lunchtime Big Book,51.749739,-0.501218,Wednesday,13:00,Alcoholics Anonymous,1,0,0
Hemel Hempstead Lunchtime Living Sober,51.768992,-0.44805,Friday,13:00,Alcoholics Anonymous,1,0,0
Hemel Hempstead Meditation,51.764154,-0.456803,Monday,12:30,Alcoholics Anonymous,1,0,0
Hemel Hempstead Wisdom Of The Rooms,51.768992,-0.44805,Saturday,17:00,Alcoholics Anonymous,1,0,0
Hemel Pot Luck,51.748236,-0.431625,Thursday,11:00,Alcoholics Anonymous,1,0,0
Hemel Women’S Life In Recovery,51.768992,-0.44805,Tuesday,18:30,Alcoholics Anonymous,1,0,0
Kings Langley,51.711546,-0.446146,Saturday,20:00,Alcoholics Anonymous,1,0,0
London Colney Step,51.719853,-0.290607,Monday,20:00,Alcoholics Anonymous,1,0,0
London Colney There Is A Solution,51.719853,-0.290607,Friday,20:00,Alcoholics Anonymous,1,0,0
North Bushey Step,51.663358,-0.373321,Monday,12:30,Alcoholics Anonymous,1,0,0
Sober Sunrise,51.727188,-0.453509,Friday,06:30,Alcoholics Anonymous,1,0,0
St Albans Beginners,51.741514,-0.349045,Monday,20:00,Alcoholics Anonymous,1,0,0
St Albans Big Book Study,51.751698,-0.332454,Saturday,12:00,Alcoholics Anonymous,1,0,0
St Albans Candlelit,51.75873,-0.326775,Friday,20:00,Alcoholics Anonymous,1,0,0
St Albans Living Sober With Other Medical Conditions,51.764228,-0.30695,Saturday,18:00,Alcoholics Anonymous,1,0,0
St Albans Lunch Bunch,51.752125,-0.328071,Friday,13:00,Alcoholics Anonymous,1,0,0
St Albans Lunch Bunch,51.752125,-0.328071,Wednesday,13:00,Alcoholics Anonymous,1,0,0
St Albans Lunch Bunch,51.752125,-0.328071,Monday,13:00,Alcoholics Anonymous,1,0,0
St Albans Lunchtime Feelings,51.750509,-0.335273,Saturday,12:30,Alcoholics Anonymous,1,0,0
St Albans Pot Luck,51.750509,-0.335273,Sunday,17:30,Alcoholics Anonymous,1,0,0
St Albans Pot Luck,51.752568,-0.340326,Thursday,20:00,Alcoholics Anonymous,1,0,0
St Albans Reflections,51.741514,-0.349045,Saturday,20:00,Alcoholics Anonymous,1,0,0
St Albans Serenity On Saturday,51.752568,-0.340326,Saturday,11:00,Alcoholics Anonymous,1,0,0
St Albans Step,51.751698,-0.332454,Wednesday,20:00,Alcoholics Anonymous,1,0,0
St Albans Tradition 3,51.752568,-0.340326,Tuesday,20:00,Alcoholics Anonymous,1,0,0
St Albans Young Persons,51.750509,-0.335273,Friday,20:00,Alcoholics Anonymous,1,0,0
Watford,51.666636,-0.401156,Monday,20:00,Alcoholics Anonymous,1,0,0
Watford 12 Step,51.666356,-0.402158,Thursday,20:00,Alcoholics Anonymous,1,0,0
Watford Bushey Living Sober,51.644707,-0.366126,Friday,13:00,Alcoholics Anonymous,1,0,0
Watford Freedom Seekers,51.666356,-0.402158,Saturday,18:00,Alcoholics Anonymous,1,0,0
Watford Garston Step 11 Candle Lit Meditation,51.69103,-0.389006,Sunday,19:30,Alcoholics Anonymous,1,0,0
Watford Trailblazers,51.673345,-0.398398,Tuesday,20:00,Alcoholics Anonymous,1,0,0
Bourne Share,52.769112,-0.377462,Tuesday,19:00,Alcoholics Anonymous,1,0,0
Brigg,53.552085,-0.490548,Monday,19:00,Alcoholics Anonymous,1,0,0
Grimsby,53.56454,-0.08411,Tuesday,19:30,Alcoholics Anonymous,1,0,0
Horncastle As Bill Sees It,53.204807,-0.114106,Wednesday,19:00,Alcoholics Anonymous,1,0,0
Horncastle Step & Tradition,53.204807,-0.114106,Sunday,19:00,Alcoholics Anonymous,1,0,0
Lincoln,53.230418,-0.54358,Thursday,19:45,Alcoholics Anonymous,1,0,0
"Lincoln Hope, Faith & Experience",53.229716,-0.543454,Tuesday,12:00,Alcoholics Anonymous,1,0,0
Lincoln Mint Lane,53.229828,-0.541622,Wednesday,19:30,Alcoholics Anonymous,1,0,0
Lincoln Polish Speaking,53.229716,-0.543454,Wednesday,19:15,Alcoholics Anonymous,1,0,0
Lincoln St Johns,53.247648,-0.532294,Sunday,18:00,Alcoholics Anonymous,1,0,0
Lincoln Waddington,53.180888,-0.555599,Saturday,10:15,Alcoholics Anonymous,1,0,0
Lincoln Womens,53.243001,-0.518936,Friday,19:00,Alcoholics Anonymous,1,0,0
Long Sutton,52.784232,0.119112,Friday,19:30,Alcoholics Anonymous,1,0,0
Market Rasen,53.388126,-0.339396,Wednesday,19:30,Alcoholics Anonymous,1,0,0
Scunthorpe Multi-Mtg,53.566893,-0.643893,Tuesday,19:30,Alcoholics Anonymous,1,0,0
Scunthorpe Multi-Mtg,53.566893,-0.643893,Friday,19:30,Alcoholics Anonymous,1,0,0
Sleaford Multi-Mtg,52.998426,-0.414157,Monday,19:30,Alcoholics Anonymous,1,0,0
Sleaford Multi-Mtg,52.998426,-0.414157,Friday,19:30,Alcoholics Anonymous,1,0,0
Spalding,52.78758,-0.150381,Monday,20:00,Alcoholics Anonymous,1,0,0
Spalding Lunchtime,52.78995,-0.151116,Wednesday,12:30,Alcoholics Anonymous,1,0,0
Bootle,53.470626,-2.965079,Monday,19:00,Alcoholics Anonymous,1,0,0
Bootle St Leonards,53.457932,-3.00678,Tuesday,19:00,Alcoholics Anonymous,1,0,0
Charlie's Angels Big Book,53.430915,-2.913773,Thursday,12:00,Alcoholics Anonymous,1,0,0
Christ Church Anfield Soldier Bills,53.429302,-2.96324,Wednesday,19:30,Alcoholics Anonymous,1,0,0
Delamere,53.237276,-2.60568,Wednesday,19:30,Alcoholics Anonymous,1,0,0
Dovecot Step/Tradition,53.415435,-2.840545,Wednesday,13:00,Alcoholics Anonymous,1,0,0
Fazakerley Alt Bank House,53.465619,-2.912816,Sunday,19:30,Alcoholics Anonymous,1,0,0
Fazakerley Emanuel,53.467076,-2.943607,Saturday,19:30,Alcoholics Anonymous,1,0,0
Garston How It Works,53.359472,-2.901816,Tuesday,19:30,Alcoholics Anonymous,1,0,0
Hunts Cross,53.358475,-2.861616,Monday,19:30,Alcoholics Anonymous,1,0,0
Liverpool,53.377592,-2.945942,Saturday,20:00,Alcoholics Anonymous,1,0,0
Liverpool,53.390819,-2.861307,Thursday,19:30,Alcoholics Anonymous,1,0,0
Liverpool 'Bridge To Basics',53.454924,-2.853026,Wednesday,19:30,Alcoholics Anonymous,1,0,0
Liverpool All Souls,53.363841,-2.889841,Sunday,19:00,Alcoholics Anonymous,1,0,0
Liverpool As Bill Sees It,53.467309,-2.929062,Tuesday,13:00,Alcoholics Anonymous,1,0,0
Liverpool Chinatown,53.40023,-2.979158,Sunday,16:00,Alcoholics Anonymous,1,0,0
Liverpool Elm Hall,53.387508,-2.913745,Monday,19:30,Alcoholics Anonymous,1,0,0
Liverpool Emotional Sobriety,53.401075,-2.899101,Friday,19:30,Alcoholics Anonymous,1,0,0
Liverpool Huyton,53.415435,-2.840545,Friday,19:30,Alcoholics Anonymous,1,0,0
Liverpool Huyton A New Beginning,53.406311,-2.823441,Saturday,19:30,Alcoholics Anonymous,1,0,0
Liverpool Just For Today,53.420276,-2.984524,Wednesday,12:30,Alcoholics Anonymous,1,0,0
Liverpool Keep Coming Back,53.392839,-2.968372,Saturday,11:00,Alcoholics Anonymous,1,0,0
Liverpool Keep Coming Back,53.428101,-2.981634,Monday,19:00,Alcoholics Anonymous,1,0,0
Liverpool Kirkdale,53.438946,-2.977941,Thursday,18:30,Alcoholics Anonymous,1,0,0
Liverpool Newcomers,53.402173,-2.982135,Thursday,18:00,Alcoholics Anonymous,1,0,0
Liverpool Principles Before Personalities,53.389749,-2.936559,Wednesday,19:30,Alcoholics Anonymous,1,0,0
Liverpool Serene In Norris Green,53.448142,-2.910785,Wednesday,19:30,Alcoholics Anonymous,1,0,0
Liverpool Solution-Based Big Book Study,53.40674,-2.984166,Wednesday,19:30,Alcoholics Anonymous,1,0,0
Liverpool St Andrews,53.432827,-2.925735,Friday,19:30,Alcoholics Anonymous,1,0,0
Liverpool St Bernard's Lunchtime,53.394243,-2.954688,Friday,13:00,Alcoholics Anonymous,1,0,0
Liverpool St Faiths,53.480148,-3.023143,Wednesday,19:30,Alcoholics Anonymous,1,0,0
Liverpool St Lawrence,53.438946,-2.977941,Monday,12:00,Alcoholics Anonymous,1,0,0
Liverpool St Lukes,53.430525,-2.87704,Monday,13:00,Alcoholics Anonymous,1,0,0
Liverpool St Lukes,53.430525,-2.87704,Friday,13:00,Alcoholics Anonymous,1,0,0
Liverpool Step,53.401075,-2.899101,Saturday,19:30,Alcoholics Anonymous,1,0,0
Liverpool Step 11,53.471211,-2.924038,Friday,19:30,Alcoholics Anonymous,1,0,0
Liverpool Vision For You,53.410753,-2.942692,Wednesday,18:00,Alcoholics Anonymous,1,0,0
Liverpool Young Persons Big Book Study,53.408914,-2.975672,Monday,19:00,Alcoholics Anonymous,1,0,0
Misja Polish Speaking,53.421116,-2.926564,Tuesday,18:30,Alcoholics Anonymous,1,0,0
Oakfield,53.427382,-2.956259,Tuesday,19:30,Alcoholics Anonymous,1,0,0
Packington,52.728524,-1.466191,Friday,19:30,Alcoholics Anonymous,1,0,0
Runcorn Multi-Mtg,53.338738,-2.719879,Tuesday,19:45,Alcoholics Anonymous,1,0,0
Runcorn Multi-Mtg,53.338738,-2.719879,Sunday,19:00,Alcoholics Anonymous,1,0,0
Runcorn Step,53.341177,-2.734473,Thursday,20:00,Alcoholics Anonymous,1,0,0
Sandiway,53.234052,-2.59485,Monday,20:00,Alcoholics Anonymous,1,0,0
Seaforth,53.463627,-3.009537,Friday,20:00,Alcoholics Anonymous,1,0,0
St Anne's,53.369184,-2.928277,Wednesday,19:30,Alcoholics Anonymous,1,0,0
St Bernards Big Book,53.394243,-2.954688,Monday,10:30,Alcoholics Anonymous,1,0,0
St Lukes,53.430525,-2.87704,Sunday,19:15,Alcoholics Anonymous,1,0,0
St Marks Step & Tradition,53.395729,-2.868459,Tuesday,19:30,Alcoholics Anonymous,1,0,0
West Derby,53.430915,-2.913773,Saturday,13:00,Alcoholics Anonymous,1,0,0
West Derby Women's,53.430915,-2.913773,Monday,19:00,Alcoholics Anonymous,1,0,0
Widnes,53.387525,-2.761403,Monday,19:30,Alcoholics Anonymous,1,0,0
Widnes Thus We Grow Big Book Study,53.354554,-2.733862,Friday,19:00,Alcoholics Anonymous,1,0,0
Widnes Town,53.3626,-2.732197,Wednesday,19:30,Alcoholics Anonymous,1,0,0
Woolton Bridge To Normal Living,53.375738,-2.868428,Tuesday,19:30,Alcoholics Anonymous,1,0,0
Bourne Again,51.491895,-0.15439,Friday,18:00,Alcoholics Anonymous,1,0,0
Chealsea Mens Sunday Step,51.486301,-0.165793,Sunday,18:30,Alcoholics Anonymous,1,0,0
Chelsea And Westminster Hospital Boardroom,51.484308,-0.181644,Saturday,08:30,Alcoholics Anonymous,1,0,0
Chelsea Newcomers Into Action,51.493298,-0.156696,Saturday,09:30,Alcoholics Anonymous,1,0,0
Chelsea Step,51.481643,-0.179662,Friday,18:00,Alcoholics Anonymous,1,0,0
Chelsea Sunday Best,51.486301,-0.165793,Sunday,11:00,Alcoholics Anonymous,1,0,0
Chelsea The Happy Hour,51.481643,-0.179662,Wednesday,17:30,Alcoholics Anonymous,1,0,0
Chelsea There Is A Solution,51.486301,-0.165793,Saturday,11:45,Alcoholics Anonymous,1,0,0
Emotional Sobriety,51.491895,-0.15439,Wednesday,18:00,Alcoholics Anonymous,1,0,0
Knightsbridge Just For Today,51.496553,-0.162317,Friday,11:30,Alcoholics Anonymous,1,0,0
Knightsbridge Pont Street,51.496553,-0.162317,Monday,18:00,Alcoholics Anonymous,1,0,0
Knightsbridge Pont Street Beginners,51.496553,-0.162317,Monday,18:00,Alcoholics Anonymous,1,0,0
Knightsbridge Pont Street Women's Tea Time Discussion,51.496553,-0.162317,Thursday,14:00,Alcoholics Anonymous,1,0,0
Knightsbridge Women's Step,51.496553,-0.162317,Monday,10:00,Alcoholics Anonymous,1,0,0
Living The Dream,51.483562,-0.176364,Tuesday,18:00,Alcoholics Anonymous,1,0,0
Pimlico Mid Morning,51.488416,-0.143573,Saturday,10:30,Alcoholics Anonymous,1,0,0
Pimlico Noon,51.488416,-0.143573,Saturday,12:00,Alcoholics Anonymous,1,0,0
St Mary's Bourne St,51.491895,-0.15439,Monday,19:00,Alcoholics Anonymous,1,0,0
Banstead,51.320483,-0.211552,Sunday,19:30,Alcoholics Anonymous,1,0,0
Banstead Step & Tradition,51.320483,-0.211552,Wednesday,20:00,Alcoholics Anonymous,1,0,0
Carshalton Beeches Step,51.356945,-0.174085,Thursday,20:00,Alcoholics Anonymous,1,0,0
Coulsdon,51.317498,-0.147481,Wednesday,20:00,Alcoholics Anonymous,1,0,0
Croydon Big Book,51.373582,-0.10724,Sunday,14:30,Alcoholics Anonymous,1,0,0
Croydon Lunchtime,51.369961,-0.103513,Saturday,12:00,Alcoholics Anonymous,1,0,0
"Croydon Steps 1, 2 & 3",51.373582,-0.10724,Tuesday,18:30,Alcoholics Anonymous,1,0,0
East Croydon,51.374097,-0.090738,Saturday,19:00,Alcoholics Anonymous,1,0,0
East Croydon,51.374097,-0.090738,Monday,20:00,Alcoholics Anonymous,1,0,0
East Croydon Womens Big Book Study,51.370575,-0.084865,Monday,18:30,Alcoholics Anonymous,1,0,0
Epsom,51.331141,-0.260015,Saturday,19:00,Alcoholics Anonymous,1,0,0
Epsom Downs It's Not A Race,51.311149,-0.23961,Sunday,10:00,Alcoholics Anonymous,1,0,0
Epsom Lunchtime Newcomers,51.331141,-0.260015,Friday,13:00,Alcoholics Anonymous,1,0,0
Epsom Saturday Sober,51.332522,-0.266451,Saturday,10:00,Alcoholics Anonymous,1,0,0
Purley Big Book Study,51.339555,-0.115677,Saturday,09:30,Alcoholics Anonymous,1,0,0
Purley Experience Strength & Hope,51.339555,-0.115677,Tuesday,20:00,Alcoholics Anonymous,1,0,0
Purley Open Step & Tradition (Child Friendly),51.339555,-0.115677,Friday,10:15,Alcoholics Anonymous,1,0,0
Purley There Is A Solution,51.339555,-0.115677,Wednesday,20:00,Alcoholics Anonymous,1,0,0
Purley There Is A Solution (Child-Friendly),51.339555,-0.115677,Monday,10:15,Alcoholics Anonymous,1,0,0
South Croydon,51.365031,-0.097838,Thursday,19:45,Alcoholics Anonymous,1,0,0
South Croydon Newcomers Big Book,51.352964,-0.100119,Sunday,19:00,Alcoholics Anonymous,1,0,0
Sutton,51.361782,-0.193184,Friday,20:00,Alcoholics Anonymous,1,0,0
Sutton Christchurch,51.35476,-0.18909,Thursday,20:00,Alcoholics Anonymous,1,0,0
Sutton Morning,51.363281,-0.196425,Saturday,11:00,Alcoholics Anonymous,1,0,0
Wallington Newcomers,51.356932,-0.152006,Tuesday,13:00,Alcoholics Anonymous,1,0,0
Wallington St Pauls,51.35314,-0.134038,Wednesday,19:00,Alcoholics Anonymous,1,0,0
Worcester Park,51.377094,-0.234808,Tuesday,20:00,Alcoholics Anonymous,1,0,0
Bayswater There Is A Solution Big Book,51.511496,-0.191029,Thursday,19:30,Alcoholics Anonymous,1,0,0
Bayswater Womens,51.511496,-0.191029,Tuesday,19:00,Alcoholics Anonymous,1,0,0
Chelsea Beginners,51.481643,-0.180828,Saturday,09:30,Alcoholics Anonymous,1,0,0
Courage To Change,51.489784,-0.183918,Friday,19:15,Alcoholics Anonymous,1,0,0
Earls Court Lunchtime,51.488511,-0.193423,Monday,13:00,Alcoholics Anonymous,1,0,0
Earls Court One Hour Step,51.490699,-0.200073,Wednesday,19:00,Alcoholics Anonymous,1,0,0
Earls Court Step & Tradition,51.489784,-0.183918,Monday,19:00,Alcoholics Anonymous,1,0,0
Fulham Broadway,51.481147,-0.198778,Friday,19:00,Alcoholics Anonymous,1,0,0
Kensington A Design For Living That Really Works,51.498738,-0.1948,Tuesday,19:30,Alcoholics Anonymous,1,0,0
Kensington A Vision For You,51.498738,-0.1948,Wednesday,19:30,Alcoholics Anonymous,1,0,0
Kensington Shy Sharers,51.498113,-0.186272,Tuesday,19:30,Alcoholics Anonymous,1,0,0
Kensington Vision For You Step & Tradition Beginners,51.498738,-0.1948,Sunday,19:00,Alcoholics Anonymous,1,0,0
Saturday Morning At The Boltons,51.489784,-0.183918,Saturday,09:30,Alcoholics Anonymous,1,0,0
Archway To Recovery,51.563823,-0.133776,Friday,18:00,Alcoholics Anonymous,1,0,0
Archway: Sobriety Unlimited Step,51.566023,-0.134511,Monday,19:45,Alcoholics Anonymous,1,0,0
Arnos Grove,51.615924,-0.134817,Thursday,20:00,Alcoholics Anonymous,1,0,0
Barnet,51.654204,-0.20377,Wednesday,20:00,Alcoholics Anonymous,1,0,0
Barnet Big Book Study Hybrid,51.648196,-0.177089,Thursday,20:00,Alcoholics Anonymous,1,0,0
Bounds Green Higher Power Happy Hour,51.606323,-0.117885,Sunday,09:00,Alcoholics Anonymous,1,0,0
Bounds Green New Beginnings,51.606323,-0.117885,Saturday,18:30,Alcoholics Anonymous,1,0,0
Crouch End 12 Promises,51.579977,-0.117656,Sunday,19:30,Alcoholics Anonymous,1,0,0
East Finchley,51.591781,-0.174775,Friday,20:00,Alcoholics Anonymous,1,0,0
Enfield,51.644925,-0.065205,Friday,20:00,Alcoholics Anonymous,1,0,0
Enfield Chase Farm Hospital,51.666528,-0.104009,Saturday,19:45,Alcoholics Anonymous,1,0,0
Enfield Morning Meditation Step Eleven,51.643919,-0.06659,Monday,10:30,Alcoholics Anonymous,1,0,0
Enfield Oakwood,51.644732,-0.125385,Monday,20:00,Alcoholics Anonymous,1,0,0
Enfield Step,51.644925,-0.065205,Saturday,11:00,Alcoholics Anonymous,1,0,0
Fellowship In Whetstone,51.630089,-0.163817,Wednesday,20:00,Alcoholics Anonymous,1,0,0
Finsbury Park (Highbury),51.555561,-0.096391,Monday,20:00,Alcoholics Anonymous,1,0,0
Friern Barnet,51.648196,-0.177089,Monday,20:00,Alcoholics Anonymous,1,0,0
Highbury Clocktown Big Book,51.552454,-0.098702,Sunday,18:15,Alcoholics Anonymous,1,0,0
Holloway Rd Newcomers,51.548178,-0.106926,Tuesday,19:00,Alcoholics Anonymous,1,0,0
Holloway Road To Recovery,51.55075,-0.103631,Monday,18:30,Alcoholics Anonymous,1,0,0
Holloway Road To Recovery,51.5648883,-0.1323808,Wednesday,20:00,Alcoholics Anonymous,1,0,0
Muswell Hill,51.596951,-0.143377,Tuesday,20:00,Alcoholics Anonymous,1,0,0
Muswell Hill Big Book Step,51.594643,-0.146218,Friday,19:00,Alcoholics Anonymous,1,0,0
Muswell Hill Big Book Study,51.591852,-0.147916,Monday,19:00,Alcoholics Anonymous,1,0,0
Muswell Hill Meditation,51.594137,-0.145152,Wednesday,18:30,Alcoholics Anonymous,1,0,0
Muswell Hill Morning Meditation,51.591852,-0.147916,Saturday,08:30,Alcoholics Anonymous,1,0,0
Muswell Hill Sober On Saturday,51.590696,-0.148728,Saturday,10:00,Alcoholics Anonymous,1,0,0
Muswell Hill Sober On Saturday - Newcomers,51.590696,-0.148728,Saturday,11:30,Alcoholics Anonymous,1,0,0
Muswell Hill Step,51.595805,-0.133476,Thursday,20:00,Alcoholics Anonymous,1,0,0
Neurodivergent Friendly Women's,51.594643,-0.146218,Friday,10:30,Alcoholics Anonymous,1,0,0
New Barnet A New Beginning,51.650325,-0.167708,Sunday,12:45,Alcoholics Anonymous,1,0,0
Recovery Goes Rogue,51.585479,-0.147312,Saturday,10:00,Alcoholics Anonymous,1,0,0
Recovery Goes Rogue In Highgate Wood,51.585479,-0.147312,Thursday,11:00,Alcoholics Anonymous,1,0,0
Recovery Goes Rogue On A Sunday,51.585479,-0.147312,Sunday,11:00,Alcoholics Anonymous,1,0,0
"Ringcross Serenity Seekers, Newcomers & Oldtimers",51.547895,-0.113341,Friday,18:30,Alcoholics Anonymous,1,0,0
Sober Smiles For Newcomers,51.645138,-0.138634,Tuesday,19:15,Alcoholics Anonymous,1,0,0
Southgate,51.632198,-0.117622,Wednesday,20:00,Alcoholics Anonymous,1,0,0
Southgate Beginners,51.632198,-0.117622,Wednesday,18:30,Alcoholics Anonymous,1,0,0
Southgate Women's Step,51.634336,-0.133397,Friday,18:00,Alcoholics Anonymous,1,0,0
Surviving To Thriving Women In Recovery,51.594643,-0.146218,Tuesday,11:00,Alcoholics Anonymous,1,0,0
Unity In Culture Step,51.552454,-0.098702,Wednesday,18:30,Alcoholics Anonymous,1,0,0
Upper Holloway St Gabriels,51.565225,-0.126937,Thursday,18:00,Alcoholics Anonymous,1,0,0
Wood Green As Bill Sees It,51.59269,-0.107977,Monday,19:00,Alcoholics Anonymous,1,0,0
Wood Green Keep It Simple,51.592705,-0.109464,Saturday,11:00,Alcoholics Anonymous,1,0,0
Wood Green Newcomers,51.59269,-0.107977,Thursday,19:30,Alcoholics Anonymous,1,0,0
Wood Green Newcomers,51.599344,-0.112802,Sunday,13:00,Alcoholics Anonymous,1,0,0
"Wood Green Newcomers Happy, Joyous & Free",51.599344,-0.112802,Saturday,10:30,Alcoholics Anonymous,1,0,0
Wood Green There Is A Solution,51.59269,-0.107977,Tuesday,19:30,Alcoholics Anonymous,1,0,0
"Angel Atheist, Agnostic And Freethinkers",51.536681,-0.096631,Friday,18:30,Alcoholics Anonymous,1,0,0
Angel Language Of The Heart,51.538405,-0.10201,Sunday,19:00,Alcoholics Anonymous,1,0,0
Angel Step & Tradition,51.538015,-0.096302,Saturday,11:00,Alcoholics Anonymous,1,0,0
Hackney Mens,51.540766,-0.080209,Tuesday,19:30,Alcoholics Anonymous,1,0,0
Honesty In Islington,51.538405,-0.10201,Friday,19:00,Alcoholics Anonymous,1,0,0
Hoxton Big Book Step,51.53376,-0.082407,Friday,19:30,Alcoholics Anonymous,1,0,0
Islington 1-2-3 Newcomer & Beginners,51.539232,-0.100361,Wednesday,18:00,Alcoholics Anonymous,1,0,0
Islington Angel As Bill Sees It,51.538405,-0.10201,Friday,20:30,Alcoholics Anonymous,1,0,0
Islington Angel Id,51.538405,-0.10201,Thursday,19:15,Alcoholics Anonymous,1,0,0
Islington Angel Quickstep,51.538405,-0.10201,Monday,18:15,Alcoholics Anonymous,1,0,0
Islington Daily Reflections (Mildmay),51.548956,-0.081724,Thursday,13:00,Alcoholics Anonymous,1,0,0
Islington Family Friendly,51.538405,-0.10201,Tuesday,10:30,Alcoholics Anonymous,1,0,0
Islington Feelings,51.547678,-0.081663,Friday,18:00,Alcoholics Anonymous,1,0,0
Islington Friendship On Friday,51.540854,-0.096702,Friday,19:00,Alcoholics Anonymous,1,0,0
Islington Lesbian,51.538405,-0.10201,Saturday,14:00,Alcoholics Anonymous,1,0,0
Islington Lgbtq+ Reflections Hybrid,51.538405,-0.10201,Tuesday,19:30,Alcoholics Anonymous,1,0,0
Islington Lunchtime,51.536521,-0.110639,Tuesday,13:15,Alcoholics Anonymous,1,0,0
Islington St Mary's Reflections,51.538405,-0.10201,Saturday,10:00,Alcoholics Anonymous,1,0,0
Islington St Marys Late Night,51.538405,-0.10201,Saturday,22:00,Alcoholics Anonymous,1,0,0
Islington Step & Meditation,51.538405,-0.10201,Sunday,09:15,Alcoholics Anonymous,1,0,0
Mildmay Saturday's Daily Reflection,51.548956,-0.081724,Saturday,18:00,Alcoholics Anonymous,1,0,0
Mildmay Step 11 Meditation,51.548956,-0.081724,Monday,16:30,Alcoholics Anonymous,1,0,0
Seven Sisters (Polish) Krokus,51.576385,-0.073065,Thursday,19:30,Alcoholics Anonymous,1,0,0
Sroke Newington Big Book,51.552496,-0.079354,Tuesday,19:30,Alcoholics Anonymous,1,0,0
Stoke Newington Feelings,51.563419,-0.079197,Sunday,19:30,Alcoholics Anonymous,1,0,0
Tufnell Park Hilldrop As Bill Sees It,51.552414,-0.129396,Sunday,12:00,Alcoholics Anonymous,1,0,0
We Stopped In Time: Young In Recovery,51.538405,-0.10201,Monday,19:30,Alcoholics Anonymous,1,0,0
"Beckenham Experience, Strength & Hope",51.393588,-0.026909,Friday,19:30,Alcoholics Anonymous,1,0,0
"Beckenham Lunch Experience, Strength & Hope",51.393588,-0.026909,Thursday,13:00,Alcoholics Anonymous,1,0,0
Bexleyheath Morning Came To Believe,51.457367,0.140531,Saturday,09:00,Alcoholics Anonymous,1,0,0
Bexleyheath Newcomers,51.457367,0.140531,Friday,19:30,Alcoholics Anonymous,1,0,0
Bromley,51.413369,0.015561,Monday,19:00,Alcoholics Anonymous,1,0,0
Bromley Big Book Study,51.395313,0.025373,Tuesday,20:00,Alcoholics Anonymous,1,0,0
Bromley Big Book Study,51.374186,0.043094,Wednesday,13:00,Alcoholics Anonymous,1,0,0
Bromley Common Chip,51.379534,0.044309,Wednesday,13:00,Alcoholics Anonymous,1,0,0
Bromley Common Friends Of Bill Chip,51.392665,0.034416,Wednesday,19:30,Alcoholics Anonymous,1,0,0
Bromley Lunch,51.402095,0.014821,Monday,12:00,Alcoholics Anonymous,1,0,0
Bromley Lunchtime Discussion,51.409196,0.0145,Saturday,13:00,Alcoholics Anonymous,1,0,0
Bromley Morning,51.402095,0.014821,Friday,11:00,Alcoholics Anonymous,1,0,0
Bromley Newcomer Chip,51.420513,0.021082,Sunday,19:30,Alcoholics Anonymous,1,0,0
Chislehurst Keep It Simple 12 & 12,51.41474,0.068444,Thursday,20:00,Alcoholics Anonymous,1,0,0
Dartford,51.444626,0.216409,Tuesday,20:00,Alcoholics Anonymous,1,0,0
Dartford 12 Step 12 Tradition & Big Book Discussion,51.444626,0.216409,Wednesday,20:00,Alcoholics Anonymous,1,0,0
Dartford Discussion,51.421737,0.231656,Sunday,10:30,Alcoholics Anonymous,1,0,0
Dartford Hawley Road,51.421737,0.231656,Monday,20:00,Alcoholics Anonymous,1,0,0
Erith Step,51.476274,0.162859,Sunday,19:30,Alcoholics Anonymous,1,0,0
Hayes Step,51.376742,0.017126,Thursday,19:30,Alcoholics Anonymous,1,0,0
Mottingham 12 Steps & 12 Traditions (Newcomers),51.43699,0.047363,Sunday,18:00,Alcoholics Anonymous,1,0,0
Mottingham It Works If You Work It,51.43699,0.047363,Tuesday,19:30,Alcoholics Anonymous,1,0,0
Mottingham Primary Purpose,51.43699,0.047363,Monday,20:00,Alcoholics Anonymous,1,0,0
Mottingham We Are Not A Glum Lot,51.43699,0.047363,Saturday,09:00,Alcoholics Anonymous,1,0,0
Orpington,51.37254,0.094643,Monday,19:45,Alcoholics Anonymous,1,0,0
Orpington As Bill Sees It,51.352043,0.090219,Sunday,13:30,Alcoholics Anonymous,1,0,0
Orpington Chip - The Road To Recovery,51.384528,0.1106,Tuesday,10:30,Alcoholics Anonymous,1,0,0
Orpington Desire To Stop (Candlelit),51.384528,0.1106,Saturday,19:30,Alcoholics Anonymous,1,0,0
Petts Wood Chip,51.388791,0.078424,Friday,20:00,Alcoholics Anonymous,1,0,0
Petts Wood Principles Of Recovery,51.388791,0.078424,Monday,19:30,Alcoholics Anonymous,1,0,0
Sidcup Chip,51.426481,0.105038,Wednesday,19:45,Alcoholics Anonymous,1,0,0
Sidcup Into Action,51.427589,0.105405,Thursday,19:45,Alcoholics Anonymous,1,0,0
Sidcup Lunch Discussion,51.426481,0.105038,Tuesday,12:30,Alcoholics Anonymous,1,0,0
Sidcup Turning Study Into Action,51.426481,0.105038,Sunday,19:30,Alcoholics Anonymous,1,0,0
Swanley,51.394656,0.179708,Wednesday,20:00,Alcoholics Anonymous,1,0,0
Welling As Bill Sees It,51.464024,0.09663,Monday,12:30,Alcoholics Anonymous,1,0,0
Welling Here`S Hope For You,51.464024,0.09663,Wednesday,20:00,Alcoholics Anonymous,1,0,0
Welling Lunchtime,51.464024,0.09663,Friday,12:30,Alcoholics Anonymous,1,0,0
Wilmington Living Sober & 12 Steps,51.429981,0.212334,Sunday,18:30,Alcoholics Anonymous,1,0,0
Harrow 3-7-11,51.589319,-0.363504,Thursday,20:00,Alcoholics Anonymous,1,0,0
"Harrow Experience, Strength & Hope",51.582816,-0.337677,Saturday,19:30,Alcoholics Anonymous,1,0,0
Harrow Newcomers At Via,51.581074,-0.346928,Thursday,17:45,Alcoholics Anonymous,1,0,0
Harrow North: Count Your Blessings,51.580073,-0.365958,Wednesday,20:00,Alcoholics Anonymous,1,0,0
Harrow Step,51.582816,-0.337677,Sunday,10:00,Alcoholics Anonymous,1,0,0
Pinner Discussion As Bill Sees It,51.59588,-0.379287,Tuesday,20:15,Alcoholics Anonymous,1,0,0
Ruislip,51.578681,-0.426652,Saturday,19:00,Alcoholics Anonymous,1,0,0
Ruislip Step,51.573019,-0.428839,Wednesday,20:00,Alcoholics Anonymous,1,0,0
Bayswater,51.518069,-0.194612,Friday,18:30,Alcoholics Anonymous,1,0,0
Belsize Park Beginners,51.550538,-0.15747,Saturday,09:00,Alcoholics Anonymous,1,0,0
Belsize Park Steps,51.553651,-0.158685,Saturday,09:00,Alcoholics Anonymous,1,0,0
Camden Town Spiritual Awakening,51.539824,-0.141809,Saturday,10:00,Alcoholics Anonymous,1,0,0
Cricklewood,51.560737,-0.210225,Friday,20:00,Alcoholics Anonymous,1,0,0
Cricklewood,51.555727,-0.22454,Tuesday,20:00,Alcoholics Anonymous,1,0,0
Gospel Oak Acceptance,51.553651,-0.158685,Tuesday,18:30,Alcoholics Anonymous,1,0,0
Gospel Oak Step,51.553651,-0.158685,Friday,18:30,Alcoholics Anonymous,1,0,0
Gospel Oak There Is A Solution,51.553651,-0.158685,Saturday,10:00,Alcoholics Anonymous,1,0,0
Hampstead,51.557674,-0.192832,Thursday,20:00,Alcoholics Anonymous,1,0,0
Hampstead Big Book Study,51.555164,-0.181892,Tuesday,12:00,Alcoholics Anonymous,1,0,0
Hampstead Emotional Sobriety,51.555164,-0.181892,Thursday,19:00,Alcoholics Anonymous,1,0,0
Hampstead Emotional Sobriety,51.555164,-0.181892,Tuesday,10:30,Alcoholics Anonymous,1,0,0
Hampstead Expect Miracles,51.555164,-0.181892,Wednesday,12:00,Alcoholics Anonymous,1,0,0
Hampstead Hour,51.555367,-0.173377,Tuesday,20:10,Alcoholics Anonymous,1,0,0
Hampstead Living Sober,51.555164,-0.181892,Wednesday,19:00,Alcoholics Anonymous,1,0,0
Hampstead Midday,51.555522,-0.176386,Wednesday,12:00,Alcoholics Anonymous,1,0,0
Hampstead Midday,51.555522,-0.176386,Friday,12:00,Alcoholics Anonymous,1,0,0
Hampstead Midday,51.555522,-0.176386,Saturday,12:00,Alcoholics Anonymous,1,0,0
Hampstead Midday,51.555522,-0.176386,Sunday,12:00,Alcoholics Anonymous,1,0,0
Hampstead Midday,51.555164,-0.181892,Thursday,12:00,Alcoholics Anonymous,1,0,0
Hampstead Midday Reflections,51.555522,-0.176386,Monday,12:00,Alcoholics Anonymous,1,0,0
Hampstead Newcomers Hybrid,51.557674,-0.192832,Thursday,18:30,Alcoholics Anonymous,1,0,0
Hampstead Women,51.555164,-0.181892,Sunday,17:00,Alcoholics Anonymous,1,0,0
Hendon Lunchtime,51.578745,-0.235467,Sunday,12:30,Alcoholics Anonymous,1,0,0
Kensal Rise,51.535871,-0.21917,Monday,19:30,Alcoholics Anonymous,1,0,0
Kensal Rise,51.535871,-0.21917,Tuesday,19:30,Alcoholics Anonymous,1,0,0
Kilburn Bills Story,51.540848,-0.188754,Saturday,20:00,Alcoholics Anonymous,1,0,0
Kilburn Park Newcomers,51.530967,-0.195822,Monday,19:30,Alcoholics Anonymous,1,0,0
Primrose Hill,51.541964,-0.162344,Wednesday,19:00,Alcoholics Anonymous,1,0,0
Primrose Hill St Mark's Step,51.537867,-0.152286,Saturday,17:00,Alcoholics Anonymous,1,0,0
Surrender & Serenity Women,51.518069,-0.194612,Thursday,19:00,Alcoholics Anonymous,1,0,0
Swiss Cottage Recovery Hour,51.543487,-0.172757,Thursday,19:00,Alcoholics Anonymous,1,0,0
Willesden Wizja Dla Ciebie Polish Speaking,51.552531,-0.216616,Tuesday,20:15,Alcoholics Anonymous,1,0,0
Abbeville Reflections,51.454535,-0.140453,Sunday,19:00,Alcoholics Anonymous,1,0,0
Balham Aa-Dhd & Neurodiversity,51.44258,-0.154379,Saturday,18:30,Alcoholics Anonymous,1,0,0
Balham Jest Sposob Polish Speaking Hybrid,51.44258,-0.154379,Thursday,20:00,Alcoholics Anonymous,1,0,0
Balham Krok Po Kroku Polish Speaking,51.44258,-0.154379,Tuesday,20:15,Alcoholics Anonymous,1,0,0
Balham Midweek,51.44258,-0.154379,Wednesday,20:00,Alcoholics Anonymous,1,0,0
Balham Monday Morning Meditation,51.447977,-0.148807,Monday,07:00,Alcoholics Anonymous,1,0,0
Balham Singleness Of Purpose,51.44258,-0.154379,Sunday,18:15,Alcoholics Anonymous,1,0,0
Balham Step,51.447977,-0.148807,Saturday,10:00,Alcoholics Anonymous,1,0,0
Balham The Sobriety Bus 12 Stops 1 Promise,51.44258,-0.154379,Tuesday,07:00,Alcoholics Anonymous,1,0,0
Balham We Are Not Saints,51.44258,-0.154379,Wednesday,07:00,Alcoholics Anonymous,1,0,0
Battersea,51.477385,-0.149435,Thursday,19:30,Alcoholics Anonymous,1,0,0
Battersea Beginners,51.461438,-0.160647,Tuesday,19:30,Alcoholics Anonymous,1,0,0
"Brixton ( Ex Oval) Experience, Strength And Hope",51.460172,-0.114373,Sunday,11:30,Alcoholics Anonymous,1,0,0
Brixton Basics 123,51.448658,-0.126545,Monday,19:30,Alcoholics Anonymous,1,0,0
Brixton Lunchtime,51.457741,-0.115924,Wednesday,13:00,Alcoholics Anonymous,1,0,0
Camberwell Growing In Understanding,51.473724,-0.087258,Saturday,19:30,Alcoholics Anonymous,1,0,0
Camberwell Love Walk,51.475561,-0.0908654,Tuesday,19:00,Alcoholics Anonymous,1,0,0
Camberwell Newcomers,51.475561,-0.0908654,Saturday,12:00,Alcoholics Anonymous,1,0,0
Clapham Common,51.463848,-0.135053,Monday,19:30,Alcoholics Anonymous,1,0,0
Clapham Lunch As Bill Sees It,51.462432,-0.142234,Wednesday,13:30,Alcoholics Anonymous,1,0,0
Clapham Manor Street,51.463848,-0.135053,Thursday,19:30,Alcoholics Anonymous,1,0,0
Clapham Men's,51.45115,-0.149284,Wednesday,19:00,Alcoholics Anonymous,1,0,0
Clapham Union Grove,51.471407,-0.133172,Saturday,12:00,Alcoholics Anonymous,1,0,0
Croydon Polish Speaking,51.399034,-0.078073,Wednesday,20:00,Alcoholics Anonymous,1,0,0
Crystal Palace Step,51.417426,-0.082073,Monday,20:00,Alcoholics Anonymous,1,0,0
Dulwich Women's Daily Reprieve,51.433677,-0.078846,Wednesday,19:30,Alcoholics Anonymous,1,0,0
Earlsfield Eyeopener,51.425038,-0.166607,Sunday,09:00,Alcoholics Anonymous,1,0,0
East Dulwich 3Rd & 11Th Step,51.456305,-0.0708,Sunday,19:00,Alcoholics Anonymous,1,0,0
East Dulwich Newcomers,51.449611,-0.07327,Tuesday,12:30,Alcoholics Anonymous,1,0,0
East Dulwich Step On The Green,51.461704,-0.074272,Friday,20:00,Alcoholics Anonymous,1,0,0
Holy Trinity Newcomers,51.436988,-0.161381,Thursday,20:00,Alcoholics Anonymous,1,0,0
Kennington Chips & Big Book,51.488611,-0.105231,Saturday,18:00,Alcoholics Anonymous,1,0,0
Los Amigos (Spanish Speaking),51.473164,-0.092595,Saturday,13:00,Alcoholics Anonymous,1,0,0
Maudsley Hospital Living Sober,51.47065,-0.090079,Monday,18:00,Alcoholics Anonymous,1,0,0
Oval St Marks,51.481457,-0.11221,Wednesday,19:30,Alcoholics Anonymous,1,0,0
Peckham As Bill Sees It,51.479844,-0.066192,Monday,20:00,Alcoholics Anonymous,1,0,0
Peckham Candlelight,51.480288,-0.08226,Friday,22:00,Alcoholics Anonymous,1,0,0
Peckham Upon Awakening,51.46915,-0.070405,Monday,07:00,Alcoholics Anonymous,1,0,0
Peckham Women,51.470117,-0.072391,Thursday,19:30,Alcoholics Anonymous,1,0,0
Pimlico 12 Steps & 12 Traditions,51.490582,-0.132778,Friday,07:30,Alcoholics Anonymous,1,0,0
Pimlico Big Book Study Morning,51.490582,-0.132778,Thursday,07:30,Alcoholics Anonymous,1,0,0
Pimlico Daily Reflections Round Robin,51.490582,-0.132778,Wednesday,07:30,Alcoholics Anonymous,1,0,0
Pimlico Just For Today,51.490582,-0.132778,Tuesday,07:30,Alcoholics Anonymous,1,0,0
Pimlico Keep It Simple,51.487035,-0.13311,Tuesday,13:00,Alcoholics Anonymous,1,0,0
Pimlico Newcomers Night,51.490582,-0.132778,Friday,20:30,Alcoholics Anonymous,1,0,0
Pimlico Promises,51.490582,-0.132778,Sunday,08:30,Alcoholics Anonymous,1,0,0
Pimlico Rise & Shine,51.490582,-0.132778,Monday,07:30,Alcoholics Anonymous,1,0,0
South Norwood,51.400054,-0.079985,Monday,20:00,Alcoholics Anonymous,1,0,0
South Norwood Wyspa (Polish Speaking),51.399034,-0.078073,Friday,20:15,Alcoholics Anonymous,1,0,0
Streatham 4Th Dimension,51.424516,-0.142552,Friday,07:00,Alcoholics Anonymous,1,0,0
Streatham Breakfast,51.42637,-0.139856,Saturday,09:00,Alcoholics Anonymous,1,0,0
Streatham English Martyrs,51.428408,-0.132293,Monday,19:30,Alcoholics Anonymous,1,0,0
Streatham How It Works,51.420654,-0.128757,Friday,19:30,Alcoholics Anonymous,1,0,0
Streatham Krzemien Polish Speaking,51.420654,-0.128757,Monday,19:45,Alcoholics Anonymous,1,0,0
Streatham Prepare Not Repair,51.424516,-0.142552,Thursday,07:00,Alcoholics Anonymous,1,0,0
Streatham Steps To Freedom,51.42637,-0.139856,Sunday,10:30,Alcoholics Anonymous,1,0,0
Streatham The Aa Way Of Life,51.420654,-0.128757,Tuesday,19:30,Alcoholics Anonymous,1,0,0
Sydenham Big Book Study,51.42922,-0.060447,Thursday,19:00,Alcoholics Anonymous,1,0,0
Sydenham Step,51.42922,-0.060447,Tuesday,20:00,Alcoholics Anonymous,1,0,0
The Balham Big Book Club (Bbbc),51.44258,-0.154379,Monday,19:00,Alcoholics Anonymous,1,0,0
The Harbour Women And Trans/Non-Binary People,51.465104,-0.102897,Sunday,18:00,Alcoholics Anonymous,1,0,0
Tooting Amen Corner,51.428239,-0.165458,Saturday,19:30,Alcoholics Anonymous,1,0,0
Tooting Bec Step,51.435688,-0.157566,Friday,19:30,Alcoholics Anonymous,1,0,0
Tooting Open,51.436988,-0.161381,Monday,19:30,Alcoholics Anonymous,1,0,0
Tooting Women's,51.436988,-0.161381,Saturday,10:00,Alcoholics Anonymous,1,0,0
Vauxhall  Lgbtqai+ Newcomers & Friends,51.488936,-0.1221,Saturday,17:00,Alcoholics Anonymous,1,0,0
Vauxhall Beginners,51.48289,-0.124037,Friday,19:00,Alcoholics Anonymous,1,0,0
Vauxhall Beginners Step & Tradition,51.48289,-0.124037,Monday,19:00,Alcoholics Anonymous,1,0,0
Walworth Lunch Discussion,51.486169,-0.093305,Monday,12:30,Alcoholics Anonymous,1,0,0
West Norwood As Bill Sees It Beginners,51.431983,-0.10346,Monday,19:00,Alcoholics Anonymous,1,0,0
West Norwood Newcomers & Step,51.431983,-0.10346,Wednesday,19:00,Alcoholics Anonymous,1,0,0
West Norwood Newcomers & Steps,51.431983,-0.10346,Saturday,09:00,Alcoholics Anonymous,1,0,0
Women's Hour,51.456149,-0.110304,Friday,19:00,Alcoholics Anonymous,1,0,0
Blackheath As Bill Sees It,51.467956,0.025409,Thursday,20:00,Alcoholics Anonymous,1,0,0
Blackheath Newcomers,51.465077,0.006652,Saturday,20:00,Alcoholics Anonymous,1,0,0
Blackheath Newcomers,51.479618,0.026585,Tuesday,20:00,Alcoholics Anonymous,1,0,0
Blackheath Step & Tradition,51.470357,0.03738,Friday,20:00,Alcoholics Anonymous,1,0,0
Brockley Reflections,51.44571,-0.042997,Thursday,13:00,Alcoholics Anonymous,1,0,0
Catford Big Book Discussion,51.439733,-0.031931,Sunday,19:30,Alcoholics Anonymous,1,0,0
Eltham Middle Park,51.446106,0.038788,Sunday,12:00,Alcoholics Anonymous,1,0,0
Forest Hill Friday Morning Fellowship,51.439611,-0.047733,Friday,07:30,Alcoholics Anonymous,1,0,0
Forest Hill Newcomers,51.433853,-0.042712,Monday,19:00,Alcoholics Anonymous,1,0,0
Greenwich Big Book Discussion,51.481045,-0.010016,Tuesday,20:00,Alcoholics Anonymous,1,0,0
Greenwich Recovery & Fellowship,51.476553,-0.012948,Sunday,19:30,Alcoholics Anonymous,1,0,0
Greenwich Reflection,51.476553,-0.012948,Friday,19:45,Alcoholics Anonymous,1,0,0
Greenwich Road To Recovery,51.475752,-0.018213,Tuesday,20:00,Alcoholics Anonymous,1,0,0
Greenwich Step 11,51.476553,-0.012948,Sunday,17:00,Alcoholics Anonymous,1,0,0
Lee Bright Spot Of Our Lives,51.455259,0.018572,Thursday,10:00,Alcoholics Anonymous,1,0,0
Lewisham Discussion,51.456304,-0.015759,Wednesday,11:45,Alcoholics Anonymous,1,0,0
Lewisham Newcomers,51.451685,-0.017557,Thursday,18:00,Alcoholics Anonymous,1,0,0
New Cross Gate Step & Tradition,51.474219,-0.038825,Saturday,19:45,Alcoholics Anonymous,1,0,0
New Cross Nareszcie Polish Speaking,51.474602,-0.027839,Tuesday,19:15,Alcoholics Anonymous,1,0,0
Rainbow Recovery - Lgbtq+,51.438351,-0.049326,Wednesday,19:30,Alcoholics Anonymous,1,0,0
St. Johns Sobriety,51.468927,-0.024135,Saturday,11:15,Alcoholics Anonymous,1,0,0
Telegraph Hill Newcomers,51.467789,-0.044745,Wednesday,20:00,Alcoholics Anonymous,1,0,0
Nunhead Newcomers,51.466704,-0.059534,Tuesday,19:00,Alcoholics Anonymous,1,0,0
Walworth Balfour,51.493225,-0.091398,Friday,12:30,Alcoholics Anonymous,1,0,0
Walworth Balfour Street,51.493225,-0.091398,Sunday,19:00,Alcoholics Anonymous,1,0,0
Ashford Daily Reflections,51.435234,-0.467797,Thursday,20:00,Alcoholics Anonymous,1,0,0
Ashford Prayer & Meditation,51.435234,-0.467797,Friday,19:30,Alcoholics Anonymous,1,0,0
Brentford As Bill Sees It Beginners,51.484798,-0.30492,Friday,19:30,Alcoholics Anonymous,1,0,0
But For The Grace Of God (Konkani Language),51.468666,-0.363843,Sunday,19:00,Alcoholics Anonymous,1,0,0
Chiswick Way To Recovery Russian Speaking,51.489881,-0.275527,Wednesday,19:00,Alcoholics Anonymous,1,0,0
Ealing Candlelight And Kindness,51.501314,-0.319169,Saturday,19:30,Alcoholics Anonymous,1,0,0
Ealing Friends Of Bill & Bob,51.509772,-0.305139,Thursday,19:45,Alcoholics Anonymous,1,0,0
Ealing Friends Of Bill & Bob,51.513754,-0.306828,Sunday,19:15,Alcoholics Anonymous,1,0,0
Ealing Kobieca Mpolish,51.512623,-0.30084,Sunday,10:00,Alcoholics Anonymous,1,0,0
Ealing Northfields,51.501314,-0.319169,Sunday,10:00,Alcoholics Anonymous,1,0,0
Ealing Northfields Early Evening,51.501314,-0.319169,Tuesday,18:00,Alcoholics Anonymous,1,0,0
Ealing Odrodzienie (Polish Speaking),51.512623,-0.30084,Sunday,19:00,Alcoholics Anonymous,1,0,0
Ealing Pierwszy Krok Polish Speaking,51.512623,-0.30084,Sunday,12:45,Alcoholics Anonymous,1,0,0
Ealing Step,51.509772,-0.305139,Wednesday,19:45,Alcoholics Anonymous,1,0,0
Ealing The Steps We Took,51.509772,-0.305139,Tuesday,19:00,Alcoholics Anonymous,1,0,0
Feltham Step,51.452824,-0.419814,Monday,20:00,Alcoholics Anonymous,1,0,0
Feltham Who Me Beginners,51.452824,-0.419814,Tuesday,19:30,Alcoholics Anonymous,1,0,0
Greenford,51.523476,-0.35176,Sunday,20:00,Alcoholics Anonymous,1,0,0
Hanwell,51.500479,-0.329329,Thursday,20:00,Alcoholics Anonymous,1,0,0
Hanwell Live & Let Live,51.52395,-0.336355,Monday,18:30,Alcoholics Anonymous,1,0,0
Hanwell Living Sober,51.52395,-0.336355,Saturday,12:30,Alcoholics Anonymous,1,0,0
Hayes Botwell Big Book Study,51.507422,-0.419491,Saturday,19:45,Alcoholics Anonymous,1,0,0
Hounslow Akceptacja Polish Speaking,51.468666,-0.363843,Thursday,19:45,Alcoholics Anonymous,1,0,0
Hounslow Newcomers,51.468666,-0.363843,Friday,19:45,Alcoholics Anonymous,1,0,0
Northfields Ealing Living Sober Lunchtime,51.501314,-0.319169,Friday,13:00,Alcoholics Anonymous,1,0,0
Sober Heston,51.484007,-0.380743,Tuesday,19:00,Alcoholics Anonymous,1,0,0
Staines Big Book Discussion,51.435295,-0.514423,Wednesday,10:45,Alcoholics Anonymous,1,0,0
Staines Big Book Step,51.435857,-0.518327,Thursday,19:30,Alcoholics Anonymous,1,0,0
Staines Morning As Bill Sees It,51.435857,-0.518327,Saturday,11:15,Alcoholics Anonymous,1,0,0
Staines Women In Recovery,51.435295,-0.514423,Monday,19:30,Alcoholics Anonymous,1,0,0
West Drayton,51.504429,-0.47052,Thursday,20:00,Alcoholics Anonymous,1,0,0
Whitton Daily Reflections,51.44496,-0.361741,Sunday,10:00,Alcoholics Anonymous,1,0,0
Aa-Dhd And Neurodiversity,51.409272,-0.213069,Wednesday,13:00,Alcoholics Anonymous,1,0,0
Barnes,51.473623,-0.248249,Sunday,20:00,Alcoholics Anonymous,1,0,0
Barnes Big Book Study,51.473623,-0.248249,Saturday,18:00,Alcoholics Anonymous,1,0,0
Barnes Practice These Steps & Traditions,51.470608,-0.252871,Friday,19:00,Alcoholics Anonymous,1,0,0
Colliers Wood,51.419474,-0.175992,Sunday,18:00,Alcoholics Anonymous,1,0,0
"Dzialanie, Dzialanie, Dzialanie Hybrid (Polish Speaking)",51.413738,-0.299238,Sunday,09:30,Alcoholics Anonymous,1,0,0
Earlsfield Carry This Message Bb Discussion,51.442082,-0.186434,Tuesday,19:00,Alcoholics Anonymous,1,0,0
Earlsfield Daily Reflections Meditation,51.442082,-0.186434,Thursday,19:00,Alcoholics Anonymous,1,0,0
East Sheen Step,51.462562,-0.285324,Sunday,13:00,Alcoholics Anonymous,1,0,0
East Twickenham,51.454999,-0.315091,Monday,20:00,Alcoholics Anonymous,1,0,0
"East Twickenham Came To Believe Step 2, 3 & 11",51.456121,-0.30994,Monday,18:15,Alcoholics Anonymous,1,0,0
East Twickenham Daily Reflections,51.454999,-0.315091,Sunday,18:15,Alcoholics Anonymous,1,0,0
East Twickenham Entire Psychic Change,51.456121,-0.30994,Tuesday,13:00,Alcoholics Anonymous,1,0,0
East Twickenham Great At Eight,51.456121,-0.30994,Friday,08:00,Alcoholics Anonymous,1,0,0
East Twickenham Step,51.454999,-0.315091,Saturday,17:00,Alcoholics Anonymous,1,0,0
Hampton Wick Step,51.412296,-0.31337,Monday,19:00,Alcoholics Anonymous,1,0,0
Kew Big Book,51.473686,-0.287844,Saturday,11:00,Alcoholics Anonymous,1,0,0
Kew Staying Sober,51.468181,-0.289591,Friday,12:00,Alcoholics Anonymous,1,0,0
Keys To The Kingdom Newcomers,51.442602,-0.198612,Monday,19:00,Alcoholics Anonymous,1,0,0
Kingston,51.417487,-0.297366,Tuesday,19:30,Alcoholics Anonymous,1,0,0
Kingston Gratitude In Action Big Book Study,51.411387,-0.300849,Thursday,20:00,Alcoholics Anonymous,1,0,0
Kingston Hill How It Works Beginners,51.432943,-0.258667,Friday,19:00,Alcoholics Anonymous,1,0,0
New Malden Step,51.408622,-0.277148,Saturday,13:00,Alcoholics Anonymous,1,0,0
Putney Living Sober,51.462055,-0.21396,Thursday,18:45,Alcoholics Anonymous,1,0,0
Putney Meditation & Step,51.459395,-0.225387,Wednesday,12:00,Alcoholics Anonymous,1,0,0
Putney Medytacja Polish Speaking,51.460493,-0.220067,Friday,20:00,Alcoholics Anonymous,1,0,0
Putney Nowa Grupa Polish Speaking,51.460493,-0.220067,Monday,20:00,Alcoholics Anonymous,1,0,0
Raynes Park To Be Helpful Is Our Only Aim,51.411482,-0.22952,Wednesday,19:00,Alcoholics Anonymous,1,0,0
Richmond  Women In Recovery,51.456121,-0.30994,Thursday,18:15,Alcoholics Anonymous,1,0,0
Richmond Alive & Well,51.462562,-0.285324,Thursday,13:00,Alcoholics Anonymous,1,0,0
Richmond Big Book Under The Bridge,51.456121,-0.30994,Friday,19:00,Alcoholics Anonymous,1,0,0
Richmond Bridge Sober Am,51.456121,-0.30994,Saturday,07:30,Alcoholics Anonymous,1,0,0
Richmond Bridge Step,51.456121,-0.30994,Monday,07:30,Alcoholics Anonymous,1,0,0
Richmond How It Works,51.458495,-0.304348,Tuesday,19:30,Alcoholics Anonymous,1,0,0
Richmond Lunchtime Newcomers,51.458832,-0.306515,Wednesday,12:30,Alcoholics Anonymous,1,0,0
Richmond Newcomers There Is A Solution,51.464107,-0.300684,Thursday,19:30,Alcoholics Anonymous,1,0,0
Richmond Sheen Park Newcomers,51.463513,-0.29443,Wednesday,19:00,Alcoholics Anonymous,1,0,0
Roehampton Attitude Of Gratitude,51.450116,-0.23977,Saturday,12:00,Alcoholics Anonymous,1,0,0
Roehampton Priory,51.462539,-0.251509,Tuesday,19:00,Alcoholics Anonymous,1,0,0
Roehampton Priory - A New Beginning,51.462539,-0.251509,Thursday,19:00,Alcoholics Anonymous,1,0,0
"Roehampton Priory Steps 1,2 & 3",51.462539,-0.251509,Sunday,10:30,Alcoholics Anonymous,1,0,0
Roehampton Step & Tradition,51.450116,-0.23977,Wednesday,19:00,Alcoholics Anonymous,1,0,0
"Roehampton Step 3,7,11 & Speakers Choice",51.450116,-0.23977,Tuesday,19:00,Alcoholics Anonymous,1,0,0
Roehampton Steps 3 & 11,51.450116,-0.23977,Sunday,16:00,Alcoholics Anonymous,1,0,0
St George's Newcomers,51.426682,-0.175694,Monday,19:00,Alcoholics Anonymous,1,0,0
Surbiton (Formerly Tolworth),51.392245,-0.297993,Friday,20:00,Alcoholics Anonymous,1,0,0
Surbiton As Bill Sees It,51.384908,-0.298653,Wednesday,20:00,Alcoholics Anonymous,1,0,0
Surbiton Lunchtime Courage To Change,51.392245,-0.297993,Friday,13:00,Alcoholics Anonymous,1,0,0
Teddington,51.425337,-0.337407,Wednesday,20:00,Alcoholics Anonymous,1,0,0
Teddington As Bill Sees It,51.428202,-0.342223,Sunday,19:00,Alcoholics Anonymous,1,0,0
Teddington Thought For The Weekend,51.41884,-0.316933,Friday,19:00,Alcoholics Anonymous,1,0,0
Tolworth Newcomers,51.38244,-0.283626,Thursday,19:30,Alcoholics Anonymous,1,0,0
Tooting Any Lengths,51.437358,-0.172348,Tuesday,20:00,Alcoholics Anonymous,1,0,0
Twickenham  Green Newcomers,51.443445,-0.344218,Tuesday,18:00,Alcoholics Anonymous,1,0,0
Twickenham As Bill Sees It,51.456121,-0.30994,Tuesday,07:30,Alcoholics Anonymous,1,0,0
Twickenham Green One Primary Purpose,51.444708,-0.341323,Thursday,19:30,Alcoholics Anonymous,1,0,0
Twickenham Here And Now,51.456868,-0.308732,Thursday,07:30,Alcoholics Anonymous,1,0,0
West Molesey As Bill See's It,51.403355,-0.371653,Thursday,12:45,Alcoholics Anonymous,1,0,0
Wimbledon,51.422201,-0.207631,Monday,20:00,Alcoholics Anonymous,1,0,0
Wimbledon As Bill Sees It,51.419706,-0.194497,Thursday,19:30,Alcoholics Anonymous,1,0,0
Wimbledon Design For Living,51.419245,-0.194874,Sunday,10:30,Alcoholics Anonymous,1,0,0
Wimbledon Discussion,51.419774,-0.191891,Saturday,10:45,Alcoholics Anonymous,1,0,0
Wimbledon Lunchtime As Bill Sees It,51.443571,-0.219065,Thursday,13:00,Alcoholics Anonymous,1,0,0
Wimbledon Lunchtime Step,51.419245,-0.194874,Tuesday,12:30,Alcoholics Anonymous,1,0,0
Wimbledon Men's  Gratitude In Action - Big Book Study,51.421863,-0.21078,Tuesday,20:00,Alcoholics Anonymous,1,0,0
Wimbledon Newcomers: How It Works,51.419929,-0.210194,Friday,19:00,Alcoholics Anonymous,1,0,0
Wimbledon St Pauls,51.443571,-0.219065,Sunday,20:00,Alcoholics Anonymous,1,0,0
Wimbledon St Winefride`S,51.420072,-0.194281,Friday,19:15,Alcoholics Anonymous,1,0,0
Wimbledon Step,51.422201,-0.207631,Tuesday,19:30,Alcoholics Anonymous,1,0,0
Wimbledon The Broad Highway Big Book Study,51.420393,-0.211111,Monday,19:00,Alcoholics Anonymous,1,0,0
Wimbledon Three Legacies,51.419706,-0.194497,Wednesday,19:30,Alcoholics Anonymous,1,0,0
Wimbledon Women,51.419929,-0.210194,Friday,10:00,Alcoholics Anonymous,1,0,0
"Worcester Park Recovery, Unity & Service",51.379733,-0.247745,Saturday,14:00,Alcoholics Anonymous,1,0,0
Bloomsbury Friends Of Bill W,51.515056,-0.130224,Wednesday,13:00,Alcoholics Anonymous,1,0,0
Bloomsbury The Weekend Starts Here,51.515362,-0.12854,Friday,15:00,Alcoholics Anonymous,1,0,0
Camden Town Gratitude,51.538271,-0.14127,Sunday,09:00,Alcoholics Anonymous,1,0,0
Clerkenwell Step 1,51.523353,-0.105462,Thursday,18:00,Alcoholics Anonymous,1,0,0
Daily Reprieve,51.517293,-0.151201,Friday,18:00,Alcoholics Anonymous,1,0,0
Emotional Sobriety,51.517293,-0.151201,Friday,12:30,Alcoholics Anonymous,1,0,0
Euston Quick Step & Tradition,51.528419,-0.131461,Tuesday,18:00,Alcoholics Anonymous,1,0,0
Euston Tylko Dzisiaj Polish Speaking,51.528068,-0.131306,Sunday,15:00,Alcoholics Anonymous,1,0,0
Euston We Have A Solution,51.528419,-0.131461,Friday,18:00,Alcoholics Anonymous,1,0,0
Fitzrovia 1St Step,51.520058,-0.140077,Sunday,19:00,Alcoholics Anonymous,1,0,0
Holborn Keep It Simple,51.519673,-0.118212,Thursday,19:30,Alcoholics Anonymous,1,0,0
Lgbtq+ A Vision For You,51.515056,-0.130224,Saturday,10:30,Alcoholics Anonymous,1,0,0
Lgbtqi Newcomers,51.517837,-0.165766,Tuesday,19:00,Alcoholics Anonymous,1,0,0
Living Sober Lgbtqi+,51.517487,-0.125901,Friday,19:00,Alcoholics Anonymous,1,0,0
Marylebone Newcomers,51.524349,-0.166456,Wednesday,19:30,Alcoholics Anonymous,1,0,0
Mayfair As Bill Sees It,51.512999,-0.153191,Friday,13:00,Alcoholics Anonymous,1,0,0
Oxford Circus Road To Recovery,51.514847,-0.143215,Thursday,19:00,Alcoholics Anonymous,1,0,0
Soho,51.515056,-0.130224,Tuesday,16:30,Alcoholics Anonymous,1,0,0
Soho Brunch,51.515362,-0.12854,Thursday,10:30,Alcoholics Anonymous,1,0,0
Soho Chips At 6,51.515056,-0.130224,Monday,18:00,Alcoholics Anonymous,1,0,0
Soho Early Days,51.515056,-0.130224,Friday,13:00,Alcoholics Anonymous,1,0,0
Soho Friday 6Pm,51.515056,-0.130224,Friday,18:00,Alcoholics Anonymous,1,0,0
Soho La Puerta Negra (Spanish Speaking / Español),51.515056,-0.130224,Sunday,16:30,Alcoholics Anonymous,1,0,0
Soho Newcomers,51.512437,-0.131899,Wednesday,17:00,Alcoholics Anonymous,1,0,0
Soho Newcomers,51.512437,-0.131899,Monday,17:00,Alcoholics Anonymous,1,0,0
Soho Sober,51.512437,-0.131899,Tuesday,18:00,Alcoholics Anonymous,1,0,0
Soho Sober,51.512437,-0.131899,Wednesday,18:00,Alcoholics Anonymous,1,0,0
Soho Sober Lgbt,51.515056,-0.130224,Saturday,18:00,Alcoholics Anonymous,1,0,0
Soho Spiritual Concepts Lgbtqi  Hybrid,51.515056,-0.130224,Sunday,12:00,Alcoholics Anonymous,1,0,0
Soho St Giles Step & Tradition,51.515362,-0.12854,Tuesday,13:00,Alcoholics Anonymous,1,0,0
Soho Step,51.512437,-0.131899,Tuesday,19:20,Alcoholics Anonymous,1,0,0
Soho Step Into Serenity,51.515056,-0.130224,Thursday,16:30,Alcoholics Anonymous,1,0,0
Soho Sunday Gratitude,51.515056,-0.130224,Sunday,18:00,Alcoholics Anonymous,1,0,0
Soho The Joy Of Six,51.512437,-0.131899,Thursday,18:00,Alcoholics Anonymous,1,0,0
Soho The Sun Will Rise,51.515056,-0.130224,Tuesday,07:30,Alcoholics Anonymous,1,0,0
Soho The Sun Will Rise,51.5150362,-0.1301072,Wednesday,07:30,Alcoholics Anonymous,1,0,0
Soho The Sun Will Rise,51.515056,-0.130224,Thursday,07:30,Alcoholics Anonymous,1,0,0
Soho The Sun Will Rise,51.515056,-0.130224,Friday,07:30,Alcoholics Anonymous,1,0,0
Soho The Sun Will Rise,51.515056,-0.130224,Saturday,09:00,Alcoholics Anonymous,1,0,0
Soho The Sun Will Rise,51.515056,-0.130224,Sunday,09:00,Alcoholics Anonymous,1,0,0
Soho The Sun Will Rise,51.515056,-0.130224,Monday,07:30,Alcoholics Anonymous,1,0,0
Soho The Sun Will Rise Step & Tradition,51.5150362,-0.1301072,Saturday,07:30,Alcoholics Anonymous,1,0,0
Soho There Is A Solution - Big Book,51.515056,-0.130224,Wednesday,18:00,Alcoholics Anonymous,1,0,0
Soho These Are The Steps We Took,51.512437,-0.131899,Thursday,19:20,Alcoholics Anonymous,1,0,0
Soho Womens Sobriety Chip,51.515056,-0.130224,Sunday,19:30,Alcoholics Anonymous,1,0,0
Step 11 Lgbtq+ Meditation,51.515362,-0.12854,Wednesday,19:00,Alcoholics Anonymous,1,0,0
The First 164 Big Book Experience,51.515362,-0.12854,Friday,16:00,Alcoholics Anonymous,1,0,0
Venice Beach Revival,51.520058,-0.140077,Wednesday,18:30,Alcoholics Anonymous,1,0,0
West End (Source Of Power) Russian Speaking,51.517293,-0.151201,Friday,18:00,Alcoholics Anonymous,1,0,0
West End 1St London,51.517837,-0.165766,Thursday,19:30,Alcoholics Anonymous,1,0,0
West End Hinde Street Newcomers,51.517293,-0.151201,Monday,13:00,Alcoholics Anonymous,1,0,0
West End Into Action,51.520058,-0.140077,Monday,18:30,Alcoholics Anonymous,1,0,0
West End Just For Today,51.517293,-0.151201,Wednesday,13:00,Alcoholics Anonymous,1,0,0
West End Just For Today Candlelight,51.517293,-0.151201,Friday,19:00,Alcoholics Anonymous,1,0,0
West End Live And Let Live Lgbt,51.515056,-0.130224,Sunday,15:00,Alcoholics Anonymous,1,0,0
West End Living Sober,51.517837,-0.165766,Monday,19:30,Alcoholics Anonymous,1,0,0
West End Living Sober Lunchtime,51.517293,-0.151201,Friday,13:00,Alcoholics Anonymous,1,0,0
West End Marble Arch Men's Step,51.515571,-0.161764,Tuesday,19:30,Alcoholics Anonymous,1,0,0
West End Morning As Bill Sees It,51.517293,-0.151201,Monday,11:00,Alcoholics Anonymous,1,0,0
West End Newcomers,51.517293,-0.151201,Monday,18:30,Alcoholics Anonymous,1,0,0
West End Soho Lgbt+ Step,51.512437,-0.131899,Monday,18:30,Alcoholics Anonymous,1,0,0
West End Step,51.518018,-0.152671,Saturday,15:00,Alcoholics Anonymous,1,0,0
West End Step & Tradition,51.520058,-0.140077,Friday,18:30,Alcoholics Anonymous,1,0,0
West End They Stopped In Time Young People,51.519673,-0.118212,Friday,19:00,Alcoholics Anonymous,1,0,0
West End Young People's,51.528419,-0.131461,Wednesday,19:45,Alcoholics Anonymous,1,0,0
Acton Early Steps,51.507457,-0.272694,Saturday,11:00,Alcoholics Anonymous,1,0,0
Acton Living Sober,51.506165,-0.269336,Sunday,17:30,Alcoholics Anonymous,1,0,0
Acton: Into Action In Acton Step & Tradition,51.507457,-0.272694,Friday,18:30,Alcoholics Anonymous,1,0,0
Chiswick,51.490715,-0.260045,Sunday,15:30,Alcoholics Anonymous,1,0,0
Chiswick Sober Feet,51.49656,-0.268072,Monday,18:00,Alcoholics Anonymous,1,0,0
Chiswick Step & Tradition,51.49656,-0.268072,Wednesday,18:30,Alcoholics Anonymous,1,0,0
Friday Night At The Den,51.518925,-0.218246,Friday,19:00,Alcoholics Anonymous,1,0,0
Hammersmith Bradmore,51.498561,-0.236977,Tuesday,19:30,Alcoholics Anonymous,1,0,0
"Hammersmith Don't Be Afraid,  Change",51.496069,-0.232065,Friday,20:00,Alcoholics Anonymous,1,0,0
Hammersmith Morning Just For Today,51.496069,-0.232065,Tuesday,08:00,Alcoholics Anonymous,1,0,0
Hammersmith Step,51.492497,-0.233097,Saturday,19:30,Alcoholics Anonymous,1,0,0
Illness In Recovery,51.518925,-0.218246,Sunday,20:00,Alcoholics Anonymous,1,0,0
Ladbroke Grove,51.518925,-0.218246,Saturday,19:00,Alcoholics Anonymous,1,0,0
Notting Hill Gate Tabernacle Meditation,51.516701,-0.20157,Thursday,12:30,Alcoholics Anonymous,1,0,0
Notting Hill Just For Today,51.516701,-0.20157,Friday,12:30,Alcoholics Anonymous,1,0,0
Notting Hill Let's Not Mess This Up,51.516481,-0.197803,Sunday,18:30,Alcoholics Anonymous,1,0,0
Notting Hill Lunchtime There Is A Solution,51.516701,-0.20157,Monday,12:30,Alcoholics Anonymous,1,0,0
Notting Hill Men`S Step & Meditation,51.506523,-0.201078,Thursday,19:30,Alcoholics Anonymous,1,0,0
Notting Hill Newcomer A Vision For You,51.511944,-0.200854,Friday,19:30,Alcoholics Anonymous,1,0,0
Notting Hill Newcomers,51.511944,-0.200854,Sunday,10:30,Alcoholics Anonymous,1,0,0
Notting Hill Newcomers Chips,51.511944,-0.200854,Wednesday,19:30,Alcoholics Anonymous,1,0,0
Notting Hill Portobello Newcomers,51.516312,-0.205549,Thursday,12:30,Alcoholics Anonymous,1,0,0
Notting Hill Step Into The Solution,51.516701,-0.20157,Saturday,11:00,Alcoholics Anonymous,1,0,0
Notting Hill Step One Newcomers Chips,51.511944,-0.200854,Monday,19:30,Alcoholics Anonymous,1,0,0
Notting Hill Wednesday At Tabernacle,51.516701,-0.20157,Wednesday,12:30,Alcoholics Anonymous,1,0,0
Portobello Lunchtime,51.511944,-0.200854,Tuesday,12:30,Alcoholics Anonymous,1,0,0
Primetime Is Now London,51.518925,-0.218246,Sunday,13:00,Alcoholics Anonymous,1,0,0
Shepherd`S Bush Young Person`S Step & Tradition,51.506993,-0.216002,Tuesday,19:00,Alcoholics Anonymous,1,0,0
Shepherds Bush,51.502834,-0.248979,Monday,20:00,Alcoholics Anonymous,1,0,0
Shepherds Bush,51.502834,-0.248979,Wednesday,20:00,Alcoholics Anonymous,1,0,0
Shepherds Bush Sisterhood & Sobriety,51.504862,-0.229054,Friday,20:00,Alcoholics Anonymous,1,0,0
Sober In The City,51.511497,-0.233696,Wednesday,19:30,Alcoholics Anonymous,1,0,0
The Road To Happy Destiny,51.51594,-0.19069,Saturday,09:30,Alcoholics Anonymous,1,0,0
Ancoats Acceptance,53.491404,-2.219004,Tuesday,10:30,Alcoholics Anonymous,1,0,0
Ashton-Under-Lyne,53.50141,-2.10353,Monday,19:30,Alcoholics Anonymous,1,0,0
Ashton-Under-Lyne Christ Church,53.493558,-2.100407,Sunday,19:00,Alcoholics Anonymous,1,0,0
Ashton-Under-Lyne Womens,53.50141,-2.10353,Wednesday,19:00,Alcoholics Anonymous,1,0,0
Atherton Recovery,53.524551,-2.493762,Saturday,19:00,Alcoholics Anonymous,1,0,0
Boothstown Recovery,53.504161,-2.425062,Monday,20:00,Alcoholics Anonymous,1,0,0
By The Book,53.509617,-2.201197,Thursday,19:00,Alcoholics Anonymous,1,0,0
Dramblys Lithuanian & Russian Speaking,53.516889,-2.270366,Friday,19:00,Alcoholics Anonymous,1,0,0
Dukinfield,53.480783,-2.092797,Thursday,19:30,Alcoholics Anonymous,1,0,0
Dukinfield Recovery,53.480783,-2.092797,Monday,19:30,Alcoholics Anonymous,1,0,0
Dukinfield Recovery,53.480783,-2.092797,Tuesday,19:00,Alcoholics Anonymous,1,0,0
Eccles,53.48253,-2.339314,Thursday,19:30,Alcoholics Anonymous,1,0,0
Eccles Library,53.48253,-2.339314,Tuesday,19:00,Alcoholics Anonymous,1,0,0
Eccles Step 11,53.485169,-2.334166,Wednesday,19:00,Alcoholics Anonymous,1,0,0
Farsi Manchester,53.483541,-2.217108,Wednesday,18:30,Alcoholics Anonymous,1,0,0
Gay Men In Recovery,53.476341,-2.250476,Saturday,10:30,Alcoholics Anonymous,1,0,0
Hindley Big Book Study,53.534545,-2.569045,Wednesday,19:00,Alcoholics Anonymous,1,0,0
Hindley Topic,53.534545,-2.569045,Monday,19:00,Alcoholics Anonymous,1,0,0
Lees,53.537081,-2.074981,Wednesday,19:30,Alcoholics Anonymous,1,0,0
Leigh,53.496388,-2.519316,Friday,19:30,Alcoholics Anonymous,1,0,0
Leigh Unity,53.497772,-2.520028,Thursday,19:30,Alcoholics Anonymous,1,0,0
Live And Let Live,53.477898,-2.235825,Wednesday,19:00,Alcoholics Anonymous,1,0,0
Lowton,53.473972,-2.579684,Sunday,19:00,Alcoholics Anonymous,1,0,0
Manchester City Centre,53.481898,-2.236058,Monday,12:00,Alcoholics Anonymous,1,0,0
Manchester City Centre Big Book Study,53.476341,-2.250476,Thursday,18:00,Alcoholics Anonymous,1,0,0
Manchester Courage To Change,53.481898,-2.236058,Friday,13:00,Alcoholics Anonymous,1,0,0
Manchester Live & Let Live,53.471172,-2.237279,Friday,19:30,Alcoholics Anonymous,1,0,0
Manchester Nexus Spiritual Exploration,53.483541,-2.217108,Sunday,14:00,Alcoholics Anonymous,1,0,0
Manchester St Cuthberts,53.491404,-2.219004,Monday,19:30,Alcoholics Anonymous,1,0,0
Manchester Step 11,53.471172,-2.237279,Monday,19:30,Alcoholics Anonymous,1,0,0
Manchester Young Person's,53.483541,-2.217108,Tuesday,19:30,Alcoholics Anonymous,1,0,0
Monton,53.495062,-2.3509,Friday,19:30,Alcoholics Anonymous,1,0,0
Mount Street,53.478353,-2.245619,Tuesday,18:00,Alcoholics Anonymous,1,0,0
Oldham Apfel Lane,53.544983,-2.142482,Friday,19:30,Alcoholics Anonymous,1,0,0
Oldham Apfel Lane,53.544983,-2.142482,Sunday,12:00,Alcoholics Anonymous,1,0,0
Oldham Royton,53.5624,-2.120348,Tuesday,19:30,Alcoholics Anonymous,1,0,0
Oldham Royton,53.5624,-2.120348,Thursday,19:30,Alcoholics Anonymous,1,0,0
Oldham Royton,53.5624,-2.120348,Sunday,19:30,Alcoholics Anonymous,1,0,0
Oldham St Patricks Morning,53.539022,-2.119391,Saturday,11:30,Alcoholics Anonymous,1,0,0
Prestwich,53.533968,-2.284942,Tuesday,19:30,Alcoholics Anonymous,1,0,0
Salford,53.483476,-2.301543,Friday,19:30,Alcoholics Anonymous,1,0,0
Salford,53.492657,-2.327608,Saturday,19:45,Alcoholics Anonymous,1,0,0
Salford,53.492657,-2.327608,Sunday,19:30,Alcoholics Anonymous,1,0,0
Salford How It Works,53.483538,-2.263295,Thursday,18:30,Alcoholics Anonymous,1,0,0
Salford Lunchtime,53.492657,-2.327608,Thursday,12:30,Alcoholics Anonymous,1,0,0
Swinton,53.511996,-2.335614,Sunday,14:30,Alcoholics Anonymous,1,0,0
Whitefield,53.550991,-2.285601,Wednesday,19:30,Alcoholics Anonymous,1,0,0
Whitefield,53.550991,-2.285601,Friday,19:30,Alcoholics Anonymous,1,0,0
Wigan,53.547748,-2.633606,Wednesday,19:00,Alcoholics Anonymous,1,0,0
Wigan Sunshine House,53.545914,-2.623392,Tuesday,19:30,Alcoholics Anonymous,1,0,0
Winwick,53.431899,-2.59779,Monday,13:00,Alcoholics Anonymous,1,0,0
Kirkby,53.469779,-2.876703,Sunday,12:00,Alcoholics Anonymous,1,0,0
Liverpool Kirkby Step,53.469779,-2.876703,Thursday,19:30,Alcoholics Anonymous,1,0,0
Maghull Step,53.510462,-2.942821,Saturday,19:30,Alcoholics Anonymous,1,0,0
Newton-Le-Willows Step,53.453705,-2.639146,Wednesday,19:30,Alcoholics Anonymous,1,0,0
One Day At A Time (Big Book Study),53.454712,-2.737364,Saturday,11:00,Alcoholics Anonymous,1,0,0
Ormskirk Step,53.567875,-2.878897,Tuesday,19:30,Alcoholics Anonymous,1,0,0
Ormskirk The Road To Happy Destiny,53.564077,-2.969335,Tuesday,18:15,Alcoholics Anonymous,1,0,0
Skelmersdale,53.537254,-2.757704,Monday,19:00,Alcoholics Anonymous,1,0,0
Skelmersdale Living Sober,53.547542,-2.798593,Friday,19:00,Alcoholics Anonymous,1,0,0
Southport,53.631513,-3.010215,Monday,20:00,Alcoholics Anonymous,1,0,0
Southport,53.631513,-3.010215,Friday,18:15,Alcoholics Anonymous,1,0,0
Southport,53.639413,-3.004943,Thursday,20:00,Alcoholics Anonymous,1,0,0
Southport Alive & Sober,53.640206,-2.992877,Monday,11:00,Alcoholics Anonymous,1,0,0
Southport Jest Sposob Polish Speaking,53.631513,-3.010215,Thursday,18:30,Alcoholics Anonymous,1,0,0
Southport Lunchtime,53.640814,-2.995447,Tuesday,13:00,Alcoholics Anonymous,1,0,0
Southport St Peters,53.631513,-3.010215,Wednesday,20:00,Alcoholics Anonymous,1,0,0
St Helens Gamble Hall,53.46729,-2.744467,Sunday,19:00,Alcoholics Anonymous,1,0,0
St Helens Holy Cross,53.453727,-2.732619,Friday,19:30,Alcoholics Anonymous,1,0,0
St Helens Multi-Mtg,53.454244,-2.700371,Tuesday,13:00,Alcoholics Anonymous,1,0,0
Warrington,53.392522,-2.597358,Monday,20:00,Alcoholics Anonymous,1,0,0
Warrington Lunchtime,53.38698,-2.596394,Wednesday,12:15,Alcoholics Anonymous,1,0,0
Warrington Pathways Big Book,53.38698,-2.596394,Tuesday,17:00,Alcoholics Anonymous,1,0,0
Byfleet,51.337701,-0.477999,Sunday,18:30,Alcoholics Anonymous,1,0,0
Chertsey Men's Feelings,51.391019,-0.504742,Thursday,19:30,Alcoholics Anonymous,1,0,0
Chertsey St Peters Hospital,51.377832,-0.52706,Tuesday,19:30,Alcoholics Anonymous,1,0,0
Chobham,51.350589,-0.602273,Monday,19:45,Alcoholics Anonymous,1,0,0
Cobham Big Book,51.323225,-0.392703,Thursday,20:00,Alcoholics Anonymous,1,0,0
Cobham Lunchtime,51.323225,-0.392703,Monday,13:00,Alcoholics Anonymous,1,0,0
Dorking,51.232729,-0.333243,Wednesday,20:00,Alcoholics Anonymous,1,0,0
Dorking As Bill Sees It,51.230999,-0.33554,Monday,20:00,Alcoholics Anonymous,1,0,0
Dorking Newcomers,51.225153,-0.336696,Saturday,10:30,Alcoholics Anonymous,1,0,0
Dorking North Holmwood Big Book Study,51.211096,-0.329056,Saturday,19:00,Alcoholics Anonymous,1,0,0
East Horsley Big Book Study,51.289227,-0.423901,Friday,20:00,Alcoholics Anonymous,1,0,0
Egham Hythe Step,51.428274,-0.522418,Wednesday,19:00,Alcoholics Anonymous,1,0,0
Hersham,51.366158,-0.400137,Tuesday,19:30,Alcoholics Anonymous,1,0,0
Laleham,51.410152,-0.486954,Sunday,19:15,Alcoholics Anonymous,1,0,0
North Holmwood Women's As Bill Sees It,51.211096,-0.329056,Thursday,20:00,Alcoholics Anonymous,1,0,0
Shere Attitude Adjustment,51.220234,-0.463031,Tuesday,07:30,Alcoholics Anonymous,1,0,0
Walton-On-Thames Big Book,51.388998,-0.416552,Wednesday,20:00,Alcoholics Anonymous,1,0,0
Walton-On-Thames Step,51.388998,-0.416552,Monday,20:00,Alcoholics Anonymous,1,0,0
Westcott Literature,51.226827,-0.365509,Sunday,17:00,Alcoholics Anonymous,1,0,0
Westcott Meditation,51.227595,-0.364494,Friday,18:30,Alcoholics Anonymous,1,0,0
Weybridge,51.370165,-0.462916,Saturday,19:45,Alcoholics Anonymous,1,0,0
Weybridge Morning Discussion,51.3618802,-0.4512529,Saturday,10:30,Alcoholics Anonymous,1,0,0
Weybridge Step,51.370165,-0.462916,Monday,19:45,Alcoholics Anonymous,1,0,0
Woking Brookwood & St Johns,51.310425,-0.592866,Wednesday,19:30,Alcoholics Anonymous,1,0,0
Woking First Thing First Newcomers,51.302778,-0.536092,Thursday,19:30,Alcoholics Anonymous,1,0,0
Woking Just For Today,51.315833,-0.55555,Monday,13:00,Alcoholics Anonymous,1,0,0
Woking Living Sober/Big Book,51.315833,-0.55555,Thursday,19:45,Alcoholics Anonymous,1,0,0
Woking Sheerwater A Desire To Stop Drinking,51.333789,-0.528021,Monday,19:30,Alcoholics Anonymous,1,0,0
Woking Step & Tradition,51.323815,-0.582564,Tuesday,20:00,Alcoholics Anonymous,1,0,0
Woking Sunday Salvation,51.323815,-0.582564,Sunday,09:00,Alcoholics Anonymous,1,0,0
Milton Keynes As Bill Sees It,52.033925,-0.77208,Wednesday,20:00,Alcoholics Anonymous,1,0,0
Milton Keynes Big Book,52.033925,-0.77208,Friday,20:00,Alcoholics Anonymous,1,0,0
Milton Keynes Heelands,52.051371,-0.778564,Tuesday,20:00,Alcoholics Anonymous,1,0,0
Milton Keynes North Sixth St,52.042121,-0.764769,Wednesday,19:00,Alcoholics Anonymous,1,0,0
Milton Keynes Polish Speaking,52.033925,-0.77208,Monday,20:00,Alcoholics Anonymous,1,0,0
Yazik Serdca (The Language Of The Heart) Russian Speaking,52.051371,-0.778564,Thursday,19:00,Alcoholics Anonymous,1,0,0
Barton Mills Progress Not Perfection,52.335236,0.518864,Monday,19:00,Alcoholics Anonymous,1,0,0
Beccles,52.451522,1.523068,Tuesday,19:30,Alcoholics Anonymous,1,0,0
Beccles Lunchtime,52.451522,1.523068,Wednesday,12:00,Alcoholics Anonymous,1,0,0
Beccles Step,52.457643,1.564313,Saturday,19:00,Alcoholics Anonymous,1,0,0
Beck Row Living Sober A Day At A Time,52.365603,0.493018,Thursday,19:00,Alcoholics Anonymous,1,0,0
Bungay Steps & Traditions,52.452808,1.43821,Friday,19:30,Alcoholics Anonymous,1,0,0
Bury St Edmunds,52.246487,0.713654,Thursday,19:30,Alcoholics Anonymous,1,0,0
Bury St Edmunds As Bill Sees It,52.247655,0.710955,Friday,13:00,Alcoholics Anonymous,1,0,0
Bury St Edmunds Big Book,52.245214,0.742641,Tuesday,19:30,Alcoholics Anonymous,1,0,0
Bury St Edmunds Daily Reflections,52.241012,0.710843,Wednesday,12:00,Alcoholics Anonymous,1,0,0
Bury St Edmunds Step,52.25466,0.714093,Saturday,18:00,Alcoholics Anonymous,1,0,0
Bury St Edmunds We Are Not Saints,52.246487,0.713654,Sunday,08:30,Alcoholics Anonymous,1,0,0
Dereham How It Works,52.677848,0.942118,Monday,19:00,Alcoholics Anonymous,1,0,0
Diss,52.375057,1.109217,Friday,19:30,Alcoholics Anonymous,1,0,0
Diss Lunchtime,52.375057,1.109217,Tuesday,13:00,Alcoholics Anonymous,1,0,0
Fakenham,52.831497,0.846275,Wednesday,19:00,Alcoholics Anonymous,1,0,0
Gorleston Big Book Study,52.576463,1.72787,Thursday,19:30,Alcoholics Anonymous,1,0,0
Holt Big Book Study,52.90431,1.089403,Sunday,18:00,Alcoholics Anonymous,1,0,0
Lowestoft Discussion,52.470707,1.709136,Monday,19:30,Alcoholics Anonymous,1,0,0
Lowestoft Primary Purpose,52.464307,1.739503,Sunday,18:00,Alcoholics Anonymous,1,0,0
North Walsham,52.81965,1.387167,Monday,20:00,Alcoholics Anonymous,1,0,0
Norwich As Bill Sees It Hybrid,52.624722,1.288798,Saturday,11:00,Alcoholics Anonymous,1,0,0
Norwich Back To Basics Hybrid,52.619574,1.28958,Sunday,10:00,Alcoholics Anonymous,1,0,0
Norwich Big Book,52.624722,1.288798,Friday,18:15,Alcoholics Anonymous,1,0,0
Norwich Big Book Step,52.629747,1.291399,Saturday,16:00,Alcoholics Anonymous,1,0,0
Norwich Diamond Centre How It Works Hybrid,52.65252,1.309815,Thursday,20:00,Alcoholics Anonymous,1,0,0
Norwich Happy Destiny Hybrid,52.633471,1.292441,Tuesday,10:00,Alcoholics Anonymous,1,0,0
Norwich Hybrid,52.65252,1.309815,Tuesday,19:30,Alcoholics Anonymous,1,0,0
Norwich Morning Awakenings,52.633471,1.292441,Friday,07:30,Alcoholics Anonymous,1,0,0
Norwich One Day At A Time,52.622369,1.241391,Wednesday,19:00,Alcoholics Anonymous,1,0,0
Norwich Primary Purpose,52.629747,1.291399,Sunday,16:00,Alcoholics Anonymous,1,0,0
Norwich Recovery,52.629747,1.291399,Monday,13:00,Alcoholics Anonymous,1,0,0
Norwich Round Robin,52.65252,1.309815,Saturday,19:30,Alcoholics Anonymous,1,0,0
Norwich Slonecznik (Polish),52.631425,1.235428,Monday,19:00,Alcoholics Anonymous,1,0,0
Norwich There Is A Solution,52.629747,1.291399,Friday,09:45,Alcoholics Anonymous,1,0,0
Norwich Women In Recovery,52.624722,1.288798,Thursday,18:15,Alcoholics Anonymous,1,0,0
Oulton Broad Beginners,52.470707,1.709136,Wednesday,19:30,Alcoholics Anonymous,1,0,0
Oulton Broad Main Share,52.470707,1.709136,Sunday,16:00,Alcoholics Anonymous,1,0,0
Sprowston As Bill Sees It,52.656164,1.315223,Monday,18:30,Alcoholics Anonymous,1,0,0
Swaffham Hybrid,52.646722,0.691141,Tuesday,19:00,Alcoholics Anonymous,1,0,0
Thetford Big Book Study - New Beginning,52.411127,0.743223,Wednesday,19:30,Alcoholics Anonymous,1,0,0
Wymondham,52.569308,1.114353,Friday,20:00,Alcoholics Anonymous,1,0,0
Wymondham Big Book And Steps & Traditions,52.569308,1.114353,Tuesday,19:30,Alcoholics Anonymous,1,0,0
Wymondham Women's,52.569308,1.114353,Sunday,16:00,Alcoholics Anonymous,1,0,0
Bletchingley Beginners,51.241145,-0.100031,Friday,19:30,Alcoholics Anonymous,1,0,0
Caterham,51.278772,-0.08077,Saturday,19:30,Alcoholics Anonymous,1,0,0
Caterham Big Book,51.292197,-0.10663,Monday,19:30,Alcoholics Anonymous,1,0,0
Caterham Lunchtime As Bill Sees It,51.278772,-0.08077,Monday,13:00,Alcoholics Anonymous,1,0,0
Caterham Step & Tradition,51.278772,-0.08077,Tuesday,19:45,Alcoholics Anonymous,1,0,0
Coulsdon,51.324056,-0.133452,Monday,20:00,Alcoholics Anonymous,1,0,0
Merstham,51.261301,-0.143948,Sunday,19:30,Alcoholics Anonymous,1,0,0
Oxted,51.255988,-0.005793,Monday,19:45,Alcoholics Anonymous,1,0,0
Oxted 12 X 12,51.255988,-0.005793,Wednesday,19:00,Alcoholics Anonymous,1,0,0
Oxted Morning Big Book Study,51.261882,-0.005951,Saturday,09:00,Alcoholics Anonymous,1,0,0
Redhill Big Book Step & Tradition,51.237773,-0.179806,Monday,19:30,Alcoholics Anonymous,1,0,0
Redhill Big Book Study,51.247955,-0.170707,Wednesday,12:30,Alcoholics Anonymous,1,0,0
Redhill Newcomers,51.242509,-0.169894,Tuesday,19:30,Alcoholics Anonymous,1,0,0
Redhill Road To Recovery,51.247955,-0.170707,Wednesday,20:00,Alcoholics Anonymous,1,0,0
Buckley,53.16617,-3.067909,Tuesday,19:30,Alcoholics Anonymous,1,0,0
Chester Holy Trinity,53.209347,-2.927393,Thursday,19:30,Alcoholics Anonymous,1,0,0
Chester St Mark's,53.17797,-2.916392,Wednesday,19:30,Alcoholics Anonymous,1,0,0
Denbigh 164 Big Book Step,53.184488,-3.418583,Wednesday,19:00,Alcoholics Anonymous,1,0,0
Flint,53.248499,-3.137627,Wednesday,19:30,Alcoholics Anonymous,1,0,0
Holywell Big Book Well Being,53.277666,-3.22317,Friday,19:30,Alcoholics Anonymous,1,0,0
Mold Fellowship,53.170011,-3.135938,Monday,19:30,Alcoholics Anonymous,1,0,0
Northop Serenity,53.202545,-3.092228,Sunday,19:00,Alcoholics Anonymous,1,0,0
Queensferry,53.20652,-3.026345,Thursday,19:30,Alcoholics Anonymous,1,0,0
Rhyl,53.31433,-3.494128,Thursday,19:00,Alcoholics Anonymous,1,0,0
Rhyl 164 Freedom,53.318787,-3.491415,Sunday,17:00,Alcoholics Anonymous,1,0,0
Wrexham Lunchtime Step,53.047333,-2.998497,Monday,12:45,Alcoholics Anonymous,1,0,0
Wrexham Maelor,53.047691,-3.003831,Wednesday,20:00,Alcoholics Anonymous,1,0,0
Baldock Lunchtime,51.98404,-0.183537,Friday,12:30,Alcoholics Anonymous,1,0,0
Baldock Lunchtime As Bill Sees It,51.98404,-0.183537,Monday,12:30,Alcoholics Anonymous,1,0,0
Baldock Newcomers,51.98404,-0.183537,Sunday,19:30,Alcoholics Anonymous,1,0,0
Bedford,52.140513,-0.466435,Saturday,11:15,Alcoholics Anonymous,1,0,0
Bedford A Bridge To Freedom,52.119534,-0.493908,Tuesday,19:30,Alcoholics Anonymous,1,0,0
Bedford Big Book Study,52.139307,-0.450966,Thursday,13:00,Alcoholics Anonymous,1,0,0
Bedford Discussion,52.141095,-0.476674,Thursday,19:30,Alcoholics Anonymous,1,0,0
Bedford Emotional Sobriety And Introduction To Meditation,52.135076,-0.467068,Wednesday,18:00,Alcoholics Anonymous,1,0,0
Bedford Ladies Meditation And Twelve And Twelve Reading,52.135076,-0.467068,Monday,12:30,Alcoholics Anonymous,1,0,0
Bedford Lunchtime,52.141095,-0.476674,Tuesday,13:30,Alcoholics Anonymous,1,0,0
Bedford Primary Purpose,52.140513,-0.466435,Sunday,19:30,Alcoholics Anonymous,1,0,0
Bedford Przyjaciele Billa W Polish Speaking,52.136823,-0.465211,Friday,20:15,Alcoholics Anonymous,1,0,0
Bedford Topic,52.140513,-0.466435,Monday,19:30,Alcoholics Anonymous,1,0,0
Bedford Wixams Beginners,52.0912079,-0.4601993,Sunday,10:00,Alcoholics Anonymous,1,0,0
Bedford Wixams Friday Night Vibes,52.0912079,-0.4601993,Friday,19:30,Alcoholics Anonymous,1,0,0
Biggleswade,52.087363,-0.260169,Tuesday,20:00,Alcoholics Anonymous,1,0,0
Biggleswade Lunch,52.087363,-0.260169,Sunday,12:30,Alcoholics Anonymous,1,0,0
Bishops Stortford Daily Reflections,51.874804,0.136152,Friday,12:45,Alcoholics Anonymous,1,0,0
Bishops Stortford Living Sober,51.874804,0.136152,Thursday,20:00,Alcoholics Anonymous,1,0,0
Buntingford Candlelit,51.946773,-0.019834,Tuesday,19:00,Alcoholics Anonymous,1,0,0
Buntingford Daily Reflections,51.946773,-0.019834,Tuesday,12:00,Alcoholics Anonymous,1,0,0
Buntingford Free Sharing,51.942292,-0.023406,Thursday,11:30,Alcoholics Anonymous,1,0,0
Hitchin,51.953749,-0.274586,Monday,20:00,Alcoholics Anonymous,1,0,0
Hitchin Big Book,51.958109,-0.259238,Thursday,20:00,Alcoholics Anonymous,1,0,0
Letchworth,51.973196,-0.228384,Friday,20:00,Alcoholics Anonymous,1,0,0
Letchworth As Bill Sees It,51.973196,-0.228384,Saturday,10:30,Alcoholics Anonymous,1,0,0
Shefford,52.041442,-0.335596,Wednesday,20:00,Alcoholics Anonymous,1,0,0
Stevenage,51.901855,-0.192857,Saturday,19:00,Alcoholics Anonymous,1,0,0
Stevenage,51.90155,-0.197652,Sunday,19:00,Alcoholics Anonymous,1,0,0
Stevenage All Saints,51.918881,-0.179159,Tuesday,19:00,Alcoholics Anonymous,1,0,0
Stevenage Daily Reprieve,51.90155,-0.197652,Monday,19:30,Alcoholics Anonymous,1,0,0
Stevenage Feelings,51.908103,-0.202798,Wednesday,12:30,Alcoholics Anonymous,1,0,0
Stevenage Lunchtime Open Dialogue,51.918881,-0.179159,Thursday,12:30,Alcoholics Anonymous,1,0,0
Stevenage Steps,51.920909,-0.198185,Friday,19:00,Alcoholics Anonymous,1,0,0
Stotfold Sober Saturday,52.015158,-0.22464,Saturday,18:00,Alcoholics Anonymous,1,0,0
Stotfold Topic (Formerly Baldock),52.015158,-0.22464,Thursday,19:15,Alcoholics Anonymous,1,0,0
Watton At Stone Big Book,51.854037,-0.112328,Tuesday,20:00,Alcoholics Anonymous,1,0,0
Cranham Discussion,51.573214,0.269331,Tuesday,20:00,Alcoholics Anonymous,1,0,0
Gidea Park Discussion,51.580345,0.209062,Saturday,18:30,Alcoholics Anonymous,1,0,0
Gidea Park Mens,51.586935,0.200518,Saturday,18:30,Alcoholics Anonymous,1,0,0
Gidea Park Step,51.580345,0.209062,Sunday,18:30,Alcoholics Anonymous,1,0,0
Grays Discussion,51.492217,0.310499,Sunday,19:30,Alcoholics Anonymous,1,0,0
Grays Keep It Simple,51.479439,0.325883,Tuesday,14:00,Alcoholics Anonymous,1,0,0
Grays Prawda Polish Speaking,51.492217,0.310499,Wednesday,20:00,Alcoholics Anonymous,1,0,0
Hornchurch Discussion,51.534812,0.194746,Tuesday,19:30,Alcoholics Anonymous,1,0,0
Hornchurch Step 1 Newcomers,51.563355,0.215253,Wednesday,19:30,Alcoholics Anonymous,1,0,0
Hornchurch Step 11,51.583278,0.220896,Monday,20:00,Alcoholics Anonymous,1,0,0
Romford No Half Measures,51.586935,0.200518,Friday,19:00,Alcoholics Anonymous,1,0,0
Shenfield,51.629015,0.323933,Tuesday,20:00,Alcoholics Anonymous,1,0,0
Shenfield Lunchtime Discussion,51.629015,0.323933,Thursday,13:30,Alcoholics Anonymous,1,0,0
Upminster Step & Tradition,51.553145,0.250487,Thursday,20:00,Alcoholics Anonymous,1,0,0
Upminster Unity,51.554038,0.248483,Sunday,16:00,Alcoholics Anonymous,1,0,0
Upminster Welcome Women,51.569245,0.27645,Monday,19:00,Alcoholics Anonymous,1,0,0
Adlington,53.616466,-2.600214,Friday,19:30,Alcoholics Anonymous,1,0,0
Ainsdale Recovery,53.602257,-3.041204,Friday,20:15,Alcoholics Anonymous,1,0,0
Barrow,54.121244,-3.217465,Wednesday,13:30,Alcoholics Anonymous,1,0,0
Barrow Road To Recovery,54.121244,-3.217465,Thursday,19:30,Alcoholics Anonymous,1,0,0
Barrow-In-Furness,54.117877,-3.23034,Friday,19:00,Alcoholics Anonymous,1,0,0
Bispham Living The Steps,53.858832,-3.024883,Tuesday,19:30,Alcoholics Anonymous,1,0,0
Blackburn,53.749882,-2.503894,Sunday,19:30,Alcoholics Anonymous,1,0,0
Blackpool A Woman's Way,53.858832,-3.024883,Thursday,19:30,Alcoholics Anonymous,1,0,0
Blackpool Bispham Growing For Change,53.858832,-3.024883,Wednesday,19:00,Alcoholics Anonymous,1,0,0
"Blackpool Hope, Faith & Gratitude",53.858832,-3.024883,Monday,13:30,Alcoholics Anonymous,1,0,0
Blackpool Leverndale,53.792682,-3.049425,Monday,19:30,Alcoholics Anonymous,1,0,0
Blackpool Principles Of Recovery,53.82593,-3.043161,Tuesday,12:00,Alcoholics Anonymous,1,0,0
Blackpool Spencer Court  12 X 12,53.82593,-3.043161,Wednesday,12:00,Alcoholics Anonymous,1,0,0
Blackpool Spencer Serenity,53.82593,-3.043161,Sunday,19:30,Alcoholics Anonymous,1,0,0
Blackpool The Gateway,53.82593,-3.043161,Friday,20:00,Alcoholics Anonymous,1,0,0
Blackpool Unity,53.792682,-3.049425,Wednesday,19:30,Alcoholics Anonymous,1,0,0
Blackpool Wentworth Lunch,53.82593,-3.043161,Thursday,12:00,Alcoholics Anonymous,1,0,0
Carlisle,54.889728,-2.95813,Monday,19:30,Alcoholics Anonymous,1,0,0
Carlisle,54.889728,-2.95813,Saturday,19:30,Alcoholics Anonymous,1,0,0
Carlisle Big Book Study,54.893303,-2.930388,Sunday,19:30,Alcoholics Anonymous,1,0,0
Carlisle Step & Traditions,54.889728,-2.95813,Tuesday,19:30,Alcoholics Anonymous,1,0,0
Carlisle Women In Recovery,54.895538,-2.938828,Wednesday,13:00,Alcoholics Anonymous,1,0,0
Carnforth,54.125877,-2.762576,Tuesday,20:00,Alcoholics Anonymous,1,0,0
Chorley,53.622649,-2.660068,Tuesday,19:30,Alcoholics Anonymous,1,0,0
Chorley,53.655222,-2.631659,Friday,13:30,Alcoholics Anonymous,1,0,0
Chorley,53.67763,-2.604172,Monday,18:30,Alcoholics Anonymous,1,0,0
Chorley,53.67763,-2.604172,Sunday,18:30,Alcoholics Anonymous,1,0,0
Chorley St Gregory Big Book,53.640012,-2.632372,Saturday,19:30,Alcoholics Anonymous,1,0,0
Chorley St Mary's,53.668014,-2.675757,Wednesday,11:00,Alcoholics Anonymous,1,0,0
Chorley St. Chad's,53.682341,-2.61449,Saturday,11:15,Alcoholics Anonymous,1,0,0
Clayton Brook,53.712476,-2.636971,Tuesday,19:30,Alcoholics Anonymous,1,0,0
Clitheroe,53.866126,-2.393066,Thursday,19:30,Alcoholics Anonymous,1,0,0
Cockermouth Hope,54.663866,-3.365955,Saturday,17:30,Alcoholics Anonymous,1,0,0
Farrington Newcomers,53.704596,-2.684103,Tuesday,18:30,Alcoholics Anonymous,1,0,0
Fleetwood Freedom,53.906636,-3.033907,Tuesday,19:30,Alcoholics Anonymous,1,0,0
Garstang Discussion,53.881292,-2.764276,Monday,20:00,Alcoholics Anonymous,1,0,0
Garstang Tradition 3 Gratitude,53.881292,-2.764276,Friday,20:00,Alcoholics Anonymous,1,0,0
Grange-Over-Sands Big Book Study,54.19146,-2.912432,Tuesday,14:00,Alcoholics Anonymous,1,0,0
Horwich St Catherine's,53.598397,-2.552224,Tuesday,19:30,Alcoholics Anonymous,1,0,0
Kendal,54.330188,-2.738382,Monday,19:30,Alcoholics Anonymous,1,0,0
Kendal Morning,54.330841,-2.73898,Saturday,10:30,Alcoholics Anonymous,1,0,0
Lancaster,54.046499,-2.791256,Thursday,19:30,Alcoholics Anonymous,1,0,0
Lancaster Arch To Freedom Hybrid,54.048414,-2.796623,Tuesday,19:30,Alcoholics Anonymous,1,0,0
Lancaster Discussion,54.061249,-2.812742,Saturday,19:00,Alcoholics Anonymous,1,0,0
Lancaster Living Sober,54.048385,-2.806412,Monday,20:00,Alcoholics Anonymous,1,0,0
Lancaster Step & Tradition,54.048385,-2.806412,Wednesday,20:00,Alcoholics Anonymous,1,0,0
Lancaster Women,54.048385,-2.806412,Saturday,10:00,Alcoholics Anonymous,1,0,0
Leyland,53.695465,-2.697964,Thursday,19:30,Alcoholics Anonymous,1,0,0
Leyland Friends Of Bill W,53.690077,-2.730145,Saturday,19:00,Alcoholics Anonymous,1,0,0
Leyland Young Persons,53.698736,-2.684053,Sunday,19:00,Alcoholics Anonymous,1,0,0
Lindale,54.216701,-2.897546,Sunday,18:00,Alcoholics Anonymous,1,0,0
Lytham Big Book Study,53.73755,-2.963027,Monday,18:30,Alcoholics Anonymous,1,0,0
Lytham Step & Solution,53.7364,-2.962849,Friday,14:00,Alcoholics Anonymous,1,0,0
Morecambe Lunchtime,54.064496,-2.886131,Tuesday,13:30,Alcoholics Anonymous,1,0,0
Morecambe Newcomers,54.065563,-2.879217,Wednesday,19:30,Alcoholics Anonymous,1,0,0
Morecambe Reflection,54.064496,-2.886131,Sunday,19:00,Alcoholics Anonymous,1,0,0
Morecambe St Mary's,54.074725,-2.859143,Friday,20:00,Alcoholics Anonymous,1,0,0
Morecambe St Mary's,54.074725,-2.859143,Sunday,20:00,Alcoholics Anonymous,1,0,0
Morecambe St Mary's Reflection,54.074725,-2.859143,Wednesday,10:00,Alcoholics Anonymous,1,0,0
Parbold Themed Meeting,53.589331,-2.756854,Saturday,11:00,Alcoholics Anonymous,1,0,0
Penrith,54.664429,-2.751519,Tuesday,19:30,Alcoholics Anonymous,1,0,0
Penrith,54.664429,-2.751519,Friday,19:30,Alcoholics Anonymous,1,0,0
Penrith Back To Basics,54.668571,-2.757394,Thursday,19:00,Alcoholics Anonymous,1,0,0
Penwortham,53.750911,-2.729665,Thursday,20:00,Alcoholics Anonymous,1,0,0
Poulton-Le-Fylde,53.846804,-2.99086,Thursday,20:00,Alcoholics Anonymous,1,0,0
Preston Ashton,53.766691,-2.727621,Tuesday,19:30,Alcoholics Anonymous,1,0,0
Preston Bamber Bridge One Day At A Time,53.730627,-2.667928,Friday,10:30,Alcoholics Anonymous,1,0,0
Preston Bartle Beginners,53.775016,-2.820538,Saturday,10:30,Alcoholics Anonymous,1,0,0
Preston Fulwood: Primary Purpose,53.778745,-2.707935,Wednesday,20:00,Alcoholics Anonymous,1,0,0
Preston How It Works,53.826741,-2.599343,Monday,19:30,Alcoholics Anonymous,1,0,0
Preston Just For Today,53.725276,-2.658367,Monday,10:30,Alcoholics Anonymous,1,0,0
Preston Oczekiwanie Polish Speaking,53.782933,-2.659212,Sunday,19:00,Alcoholics Anonymous,1,0,0
Preston Recovery,53.766691,-2.727621,Monday,20:30,Alcoholics Anonymous,1,0,0
Preston St Wilfrid's Afternoon,53.756904,-2.702999,Thursday,14:00,Alcoholics Anonymous,1,0,0
Preston Tu I Teraz (Polish Speaking),53.766691,-2.727621,Saturday,18:30,Alcoholics Anonymous,1,0,0
Preston You're Not Alone,53.766691,-2.727621,Saturday,18:00,Alcoholics Anonymous,1,0,0
Rochdale Newcomers,53.615804,-2.155116,Sunday,19:00,Alcoholics Anonymous,1,0,0
Rochdale Zrodlo Zycia Polish Speaking,53.606502,-2.167505,Sunday,18:30,Alcoholics Anonymous,1,0,0
Shaw,53.575533,-2.099061,Monday,20:00,Alcoholics Anonymous,1,0,0
Southport Back To Basics,53.652084,-2.996742,Tuesday,20:00,Alcoholics Anonymous,1,0,0
Southport Big Book Study,53.643097,-3.014697,Sunday,20:00,Alcoholics Anonymous,1,0,0
Southport Living Sober,53.647215,-3.001556,Saturday,20:00,Alcoholics Anonymous,1,0,0
St Annes,53.749667,-3.032032,Friday,20:00,Alcoholics Anonymous,1,0,0
St Annes Hope,53.740398,-2.995435,Tuesday,19:45,Alcoholics Anonymous,1,0,0
Stalybridge Lunch,53.480596,-2.062434,Wednesday,12:30,Alcoholics Anonymous,1,0,0
Wigan Parbold Just For Today,53.589331,-2.756854,Sunday,12:30,Alcoholics Anonymous,1,0,0
Wigan Shevington We Do Recover,53.571105,-2.694238,Monday,19:30,Alcoholics Anonymous,1,0,0
Wigan Standish,53.585246,-2.660542,Saturday,19:30,Alcoholics Anonymous,1,0,0
Windermere Just For Today,54.370348,-2.911208,Tuesday,19:45,Alcoholics Anonymous,1,0,0
Zaczynamy ?Y? (Polish Speaking),53.858832,-3.024883,Monday,18:30,Alcoholics Anonymous,1,0,0
Baildon,53.853066,-1.768928,Friday,19:30,Alcoholics Anonymous,1,0,0
Baildon Lunchtime,53.853066,-1.768928,Monday,13:30,Alcoholics Anonymous,1,0,0
Bedale Recovery,54.287452,-1.594413,Thursday,10:00,Alcoholics Anonymous,1,0,0
Bingley Speaker,53.850696,-1.832316,Wednesday,19:30,Alcoholics Anonymous,1,0,0
Bingley Speaker,53.850696,-1.832316,Sunday,19:00,Alcoholics Anonymous,1,0,0
Burley In Wharfedale Step,53.912685,-1.747758,Saturday,17:00,Alcoholics Anonymous,1,0,0
Garforth Women's,53.792994,-1.381436,Wednesday,13:00,Alcoholics Anonymous,1,0,0
Harrogate A Bridge To Normal Living,53.990253,-1.539669,Monday,18:00,Alcoholics Anonymous,1,0,0
Harrogate Big Book Study,53.991142,-1.530849,Wednesday,19:30,Alcoholics Anonymous,1,0,0
Harrogate Discussion,53.991142,-1.530849,Friday,20:00,Alcoholics Anonymous,1,0,0
Harrogate How It Works,53.991142,-1.530849,Thursday,20:00,Alcoholics Anonymous,1,0,0
Harrogate Just For Today,53.993421,-1.541531,Friday,09:45,Alcoholics Anonymous,1,0,0
Harrogate Step,53.993421,-1.541531,Sunday,19:30,Alcoholics Anonymous,1,0,0
Helmsley Living Sober,54.246589,-1.055512,Tuesday,19:30,Alcoholics Anonymous,1,0,0
Heworth Lunchtime,53.97317,-1.047617,Thursday,13:00,Alcoholics Anonymous,1,0,0
Ilkley,53.924334,-1.823948,Friday,13:30,Alcoholics Anonymous,1,0,0
Ilkley Aa Comes Of Age,53.923948,-1.795657,Wednesday,17:00,Alcoholics Anonymous,1,0,0
Ilkley Discussion,53.925925,-1.795815,Monday,20:00,Alcoholics Anonymous,1,0,0
Keighley,53.854708,-1.918084,Tuesday,19:00,Alcoholics Anonymous,1,0,0
Keighley Eastburn & Steeton,53.896058,-1.970062,Wednesday,19:30,Alcoholics Anonymous,1,0,0
Kirbymoorside By The Book,54.27054,-0.932884,Saturday,07:30,Alcoholics Anonymous,1,0,0
Leeds 11Th Step Prayer & Meditation,53.827443,-1.562739,Sunday,11:00,Alcoholics Anonymous,1,0,0
Leeds 1St,53.807267,-1.565728,Thursday,20:00,Alcoholics Anonymous,1,0,0
Leeds 5 Ways Newcomers & Beginners,53.803169,-1.566013,Tuesday,19:00,Alcoholics Anonymous,1,0,0
Leeds Big Book,53.806183,-1.579269,Monday,20:00,Alcoholics Anonymous,1,0,0
Leeds Cross Gates - There Is A Solution,53.812221,-1.445987,Thursday,19:30,Alcoholics Anonymous,1,0,0
Leeds Cross Gates - There Is A Solution,53.812221,-1.445987,Saturday,19:00,Alcoholics Anonymous,1,0,0
Leeds Druga Szansa Za Rogiem Polish Speaking,53.810679,-1.606559,Tuesday,19:00,Alcoholics Anonymous,1,0,0
Leeds Fearnville,53.807217,-1.491336,Thursday,19:30,Alcoholics Anonymous,1,0,0
Leeds Garforth Our Primary Purpose,53.794862,-1.387997,Friday,20:00,Alcoholics Anonymous,1,0,0
"Leeds Happy, Joyous & Free",53.820336,-1.578504,Saturday,11:00,Alcoholics Anonymous,1,0,0
Leeds Headingley Recovery,53.820336,-1.578504,Friday,19:30,Alcoholics Anonymous,1,0,0
Leeds Horsforth Road To Recovery,53.84067,-1.640366,Wednesday,20:00,Alcoholics Anonymous,1,0,0
Leeds Living Sober,53.800393,-1.512477,Tuesday,13:30,Alcoholics Anonymous,1,0,0
Leeds Rawdon Recovery,53.856087,-1.685888,Monday,19:30,Alcoholics Anonymous,1,0,0
Leeds Rawdon Sober Life,53.856087,-1.685888,Thursday,19:00,Alcoholics Anonymous,1,0,0
Leeds Recovery At Heart,53.820336,-1.578504,Wednesday,13:00,Alcoholics Anonymous,1,0,0
Leeds Slogans & Recovery,53.803169,-1.566013,Sunday,19:15,Alcoholics Anonymous,1,0,0
Leeds Street Lane,53.845134,-1.514744,Tuesday,19:30,Alcoholics Anonymous,1,0,0
Leeds Street Lane,53.845134,-1.514744,Sunday,16:30,Alcoholics Anonymous,1,0,0
Leeds Street Lane,53.845134,-1.514744,Monday,13:30,Alcoholics Anonymous,1,0,0
Leeds Wrangthorn Newcomers,53.814309,-1.564379,Saturday,20:00,Alcoholics Anonymous,1,0,0
Leeds Wrangthorn Step,53.814309,-1.564379,Monday,20:00,Alcoholics Anonymous,1,0,0
Leeds Young Persons,53.814093,-1.555046,Wednesday,19:30,Alcoholics Anonymous,1,0,0
Leeds: Droga Do Trzezwosci/Road To Sobriety/Polish Spoken,53.823934,-1.531319,Sunday,12:30,Alcoholics Anonymous,1,0,0
Malton There Is A Solution,54.136493,-0.796849,Tuesday,19:30,Alcoholics Anonymous,1,0,0
Otley,53.905821,-1.688869,Tuesday,20:00,Alcoholics Anonymous,1,0,0
Pickering Castle,54.248475,-0.776419,Thursday,19:30,Alcoholics Anonymous,1,0,0
Pickering Castle Newcomers,54.248475,-0.776419,Monday,19:30,Alcoholics Anonymous,1,0,0
Pocklington One Day At A Time,53.932327,-0.777445,Tuesday,19:00,Alcoholics Anonymous,1,0,0
"Pocklington Together, Strength & Hope",53.932327,-0.777445,Saturday,10:00,Alcoholics Anonymous,1,0,0
Ripon Living Sober,54.138165,-1.521745,Monday,19:00,Alcoholics Anonymous,1,0,0
Ripon Morning Speaker,54.131608,-1.52055,Saturday,08:00,Alcoholics Anonymous,1,0,0
Saltaire,53.836783,-1.789851,Thursday,19:30,Alcoholics Anonymous,1,0,0
Saltaire Big Book Study,53.834928,-1.795074,Tuesday,19:30,Alcoholics Anonymous,1,0,0
Sherburn In Elmet,53.794788,-1.260073,Thursday,19:30,Alcoholics Anonymous,1,0,0
Skipton,53.955694,-2.019013,Friday,19:30,Alcoholics Anonymous,1,0,0
Skipton New Beginnings,53.957456,-2.01374,Monday,20:00,Alcoholics Anonymous,1,0,0
Thirsk Aa,54.233706,-1.344905,Thursday,19:30,Alcoholics Anonymous,1,0,0
Thirsk Discuss The Steps,54.233706,-1.344905,Sunday,19:00,Alcoholics Anonymous,1,0,0
Wetherby Freedom In Recovery,53.932693,-1.388304,Monday,20:00,Alcoholics Anonymous,1,0,0
York Aa Readings,53.951584,-1.081535,Sunday,19:30,Alcoholics Anonymous,1,0,0
York Acomb Into Action,53.955258,-1.124512,Wednesday,19:00,Alcoholics Anonymous,1,0,0
York Came To Believe,53.954871,-1.091801,Saturday,18:00,Alcoholics Anonymous,1,0,0
York Daily Reflections,53.9511,-1.088768,Thursday,19:30,Alcoholics Anonymous,1,0,0
York Daily Reflections,53.956981,-1.090262,Tuesday,12:00,Alcoholics Anonymous,1,0,0
"York Newcomers: Desire To Stop, Courage To Change",53.9511,-1.088768,Monday,19:30,Alcoholics Anonymous,1,0,0
York No Longer Alone,53.953156,-1.130865,Friday,12:30,Alcoholics Anonymous,1,0,0
York Staying Sober,53.967425,-1.079739,Saturday,09:30,Alcoholics Anonymous,1,0,0
"York Strensall Experience, Strength & Hope",54.039969,-1.034221,Friday,19:30,Alcoholics Anonymous,1,0,0
York The First 164 Pages,53.957037,-1.081178,Tuesday,19:30,Alcoholics Anonymous,1,0,0
York There Is A Solution,53.957037,-1.081178,Friday,19:30,Alcoholics Anonymous,1,0,0
York Women In Recovery,53.955184,-1.075116,Wednesday,19:15,Alcoholics Anonymous,1,0,0
Central Northampton Sharers,52.239011,-0.892689,Tuesday,11:00,Alcoholics Anonymous,1,0,0
Corby,52.487256,-0.723449,Tuesday,11:00,Alcoholics Anonymous,1,0,0
Corby 12 Steps & Traditions,52.496929,-0.704402,Saturday,13:00,Alcoholics Anonymous,1,0,0
Corby Big Book Study,52.496929,-0.704402,Monday,19:00,Alcoholics Anonymous,1,0,0
Corby Share,52.485989,-0.697124,Wednesday,19:00,Alcoholics Anonymous,1,0,0
East Farndon Reflections,52.457823,-0.946416,Wednesday,13:00,Alcoholics Anonymous,1,0,0
"Experience, Strength & Hope",52.274543,-0.70751,Monday,11:30,Alcoholics Anonymous,1,0,0
Irthlingborough Big Book,52.324714,-0.6134,Tuesday,20:00,Alcoholics Anonymous,1,0,0
Kettering,52.394979,-0.725319,Sunday,19:00,Alcoholics Anonymous,1,0,0
Kettering Big Book,52.403132,-0.72357,Tuesday,19:00,Alcoholics Anonymous,1,0,0
Kettering Step,52.403132,-0.72357,Friday,19:00,Alcoholics Anonymous,1,0,0
Northampton As Bill Sees It,52.226336,-0.90703,Wednesday,19:30,Alcoholics Anonymous,1,0,0
Northampton Chapel Main,52.258,-0.952534,Thursday,18:00,Alcoholics Anonymous,1,0,0
Northampton Francis St,52.242443,-0.902944,Friday,19:00,Alcoholics Anonymous,1,0,0
Northampton Francis St Reflections,52.242443,-0.902944,Monday,19:00,Alcoholics Anonymous,1,0,0
Northampton Francis St: A Vision For You,52.242443,-0.902944,Saturday,19:00,Alcoholics Anonymous,1,0,0
Northampton Just For Today,52.242183,-0.897926,Saturday,11:00,Alcoholics Anonymous,1,0,0
Northampton Share,52.242183,-0.897926,Sunday,11:00,Alcoholics Anonymous,1,0,0
Northampton Step,52.226336,-0.90703,Sunday,19:00,Alcoholics Anonymous,1,0,0
Northampton Uwolnienie Polish Speaking,52.236627,-0.899221,Sunday,17:30,Alcoholics Anonymous,1,0,0
Northampton Weston Favell Hybrid,52.257065,-0.833606,Tuesday,19:30,Alcoholics Anonymous,1,0,0
Rothwell Rule 62,52.422762,-0.799725,Tuesday,19:30,Alcoholics Anonymous,1,0,0
Rushden Share,52.297794,-0.59654,Thursday,20:00,Alcoholics Anonymous,1,0,0
Towcester,52.131594,-0.988663,Monday,19:30,Alcoholics Anonymous,1,0,0
Wellingborough Najpierw Rzeczy Najwazniejsze Polish Speaking,52.300688,-0.69717,Sunday,18:30,Alcoholics Anonymous,1,0,0
Wellingborough Share,52.30015,-0.720022,Monday,20:00,Alcoholics Anonymous,1,0,0
Wellingborough Share,52.302302,-0.696844,Wednesday,19:30,Alcoholics Anonymous,1,0,0
Alresford Topic,51.090406,-1.161365,Monday,19:30,Alcoholics Anonymous,1,0,0
Basingstoke Discussion,51.238743,-1.11637,Tuesday,20:00,Alcoholics Anonymous,1,0,0
Basingstoke Lunchtime Daily Reflections,51.264873,-1.089311,Monday,12:00,Alcoholics Anonymous,1,0,0
Basingstoke Newcomers Hybrid,51.264873,-1.089311,Thursday,20:00,Alcoholics Anonymous,1,0,0
Basingstoke Step & Tradition,51.238743,-1.11637,Friday,20:00,Alcoholics Anonymous,1,0,0
Colden Common Young Persons,50.990587,-1.309265,Sunday,18:00,Alcoholics Anonymous,1,0,0
Eastleigh A Fresh Start,50.969284,-1.354716,Tuesday,20:00,Alcoholics Anonymous,1,0,0
Overton Topic,51.246832,-1.265562,Saturday,09:30,Alcoholics Anonymous,1,0,0
Whitchurch Let Go And Let God,51.22915,-1.33877,Monday,19:00,Alcoholics Anonymous,1,0,0
Winchester,51.064627,-1.31333,Wednesday,19:30,Alcoholics Anonymous,1,0,0
Winchester Beginners Hybrid,51.060233,-1.309257,Sunday,18:30,Alcoholics Anonymous,1,0,0
Winchester Big Book Study,51.064347,-1.315677,Saturday,19:30,Alcoholics Anonymous,1,0,0
Winchester Courage To Change,51.060233,-1.309257,Thursday,18:30,Alcoholics Anonymous,1,0,0
Winchester Living Sober,51.060233,-1.309257,Monday,19:30,Alcoholics Anonymous,1,0,0
Winchester Lunchtime,51.064347,-1.315677,Tuesday,12:30,Alcoholics Anonymous,1,0,0
Winchester Morning Daily Reflections,51.064347,-1.315677,Saturday,09:30,Alcoholics Anonymous,1,0,0
Winchester Otterbourne,51.007212,-1.34639,Friday,19:30,Alcoholics Anonymous,1,0,0
Winchester Step,51.060233,-1.309257,Sunday,20:00,Alcoholics Anonymous,1,0,0
Ashington As Bill Sees It,55.181815,-1.585449,Sunday,17:30,Alcoholics Anonymous,1,0,0
Beeston Keep It Simple,52.926915,-1.21074,Monday,19:30,Alcoholics Anonymous,1,0,0
Beeston Lenton Abbey Step,52.937783,-1.20821,Friday,19:30,Alcoholics Anonymous,1,0,0
Bingham Living Sober,52.951664,-0.953476,Tuesday,19:15,Alcoholics Anonymous,1,0,0
Bottesford Hybrid,52.943654,-0.802767,Monday,19:30,Alcoholics Anonymous,1,0,0
Bulwell Tesco,53.003636,-1.192742,Friday,18:00,Alcoholics Anonymous,1,0,0
Coalville Big Book Study,52.729728,-1.343985,Monday,19:00,Alcoholics Anonymous,1,0,0
Cropwell Butler,52.926226,-0.983012,Thursday,19:45,Alcoholics Anonymous,1,0,0
Cropwell Butler How It Works,52.926226,-0.983012,Tuesday,12:30,Alcoholics Anonymous,1,0,0
Edwinstowe,53.195268,-1.066946,Wednesday,19:30,Alcoholics Anonymous,1,0,0
Enderby,52.58743,-1.210233,Monday,19:15,Alcoholics Anonymous,1,0,0
Forest Polish,52.994988,-1.184783,Friday,19:00,Alcoholics Anonymous,1,0,0
Hucknall Just For Today,53.028835,-1.194433,Saturday,18:00,Alcoholics Anonymous,1,0,0
Ilkeston Step,52.966974,-1.306166,Monday,20:00,Alcoholics Anonymous,1,0,0
Kimberley Living Sober,52.997942,-1.261555,Wednesday,19:30,Alcoholics Anonymous,1,0,0
Leicester,52.63342,-1.131456,Monday,19:30,Alcoholics Anonymous,1,0,0
Leicester,52.63342,-1.131456,Thursday,18:30,Alcoholics Anonymous,1,0,0
Leicester  Daily Reflections,52.619534,-1.117306,Tuesday,19:30,Alcoholics Anonymous,1,0,0
Leicester As Bill Sees It,52.63342,-1.131456,Sunday,13:00,Alcoholics Anonymous,1,0,0
Leicester Big Book,52.619534,-1.117306,Friday,19:30,Alcoholics Anonymous,1,0,0
Leicester Daily Reflection,52.63342,-1.131456,Friday,19:30,Alcoholics Anonymous,1,0,0
Leicester Exodus (Polish Speaking),52.625569,-1.152139,Saturday,18:30,Alcoholics Anonymous,1,0,0
Leicester Indian/English,52.648719,-1.12261,Tuesday,18:30,Alcoholics Anonymous,1,0,0
Leicester Ladies Living Sober,52.63342,-1.131456,Friday,11:00,Alcoholics Anonymous,1,0,0
Leicester Lunchtime,52.63342,-1.131456,Saturday,12:00,Alcoholics Anonymous,1,0,0
Leicester Lunchtime,52.636977,-1.127381,Tuesday,12:00,Alcoholics Anonymous,1,0,0
Leicester Newcomers,52.63342,-1.131456,Wednesday,19:30,Alcoholics Anonymous,1,0,0
Leicester Oadby,52.600277,-1.063485,Thursday,20:00,Alcoholics Anonymous,1,0,0
Leicester Spikerka (Polish Speaking),52.63342,-1.131456,Sunday,19:00,Alcoholics Anonymous,1,0,0
Leicester The Steps We Took,52.63342,-1.131456,Saturday,18:00,Alcoholics Anonymous,1,0,0
Long Eaton Sisters In Sobriety,52.898696,-1.271191,Thursday,10:30,Alcoholics Anonymous,1,0,0
Loughborough Daily Reflections,52.771293,-1.214702,Friday,19:30,Alcoholics Anonymous,1,0,0
Loughborough Ladies,52.769063,-1.207805,Monday,19:30,Alcoholics Anonymous,1,0,0
Loughborough Living Sober,52.769063,-1.207805,Wednesday,19:30,Alcoholics Anonymous,1,0,0
Mansfield Big Book Study,53.145997,-1.201798,Friday,19:30,Alcoholics Anonymous,1,0,0
Mansfield Just For Today,53.139977,-1.205051,Thursday,19:00,Alcoholics Anonymous,1,0,0
Mansfield Steps To Life The Big Book Way,53.147333,-1.205347,Saturday,19:15,Alcoholics Anonymous,1,0,0
Melton Friday Fellowship,52.765786,-0.887653,Friday,19:00,Alcoholics Anonymous,1,0,0
Newark Na Luzie 62 Polish Speaking,53.079496,-0.811708,Sunday,19:00,Alcoholics Anonymous,1,0,0
Nottingham,52.960372,-1.150346,Monday,19:30,Alcoholics Anonymous,1,0,0
Nottingham,52.976552,-1.136476,Wednesday,20:30,Alcoholics Anonymous,1,0,0
Nottingham As Bill Sees It,52.952374,-1.15202,Wednesday,12:45,Alcoholics Anonymous,1,0,0
Nottingham Beginners,52.963409,-1.076618,Thursday,19:00,Alcoholics Anonymous,1,0,0
Nottingham Big Book Study,52.952374,-1.15202,Sunday,11:00,Alcoholics Anonymous,1,0,0
Nottingham Carlton,52.966248,-1.096256,Saturday,15:00,Alcoholics Anonymous,1,0,0
Nottingham Chilwell,52.926915,-1.21074,Thursday,19:30,Alcoholics Anonymous,1,0,0
Nottingham Chilwell Ladies,52.92139,-1.225182,Wednesday,10:30,Alcoholics Anonymous,1,0,0
Nottingham Daily Reflections,52.952374,-1.15202,Saturday,10:30,Alcoholics Anonymous,1,0,0
Nottingham Dunkirk,52.939647,-1.182091,Sunday,19:45,Alcoholics Anonymous,1,0,0
Nottingham Living Sobar,52.952374,-1.15202,Wednesday,17:30,Alcoholics Anonymous,1,0,0
Nottingham Newcomers,52.968139,-1.176283,Monday,19:30,Alcoholics Anonymous,1,0,0
Nottingham Serenity,52.942677,-1.149903,Sunday,12:00,Alcoholics Anonymous,1,0,0
Nottingham Sherwood,52.986129,-1.143482,Sunday,17:30,Alcoholics Anonymous,1,0,0
Nottingham Spiritual Awakening,52.978756,-1.150777,Friday,12:00,Alcoholics Anonymous,1,0,0
Nottingham Stapleford,52.929187,-1.272588,Sunday,16:00,Alcoholics Anonymous,1,0,0
Nottingham Stapleford,52.929187,-1.272588,Tuesday,19:30,Alcoholics Anonymous,1,0,0
Nottingham Step & Traditions,52.976283,-1.136615,Tuesday,19:00,Alcoholics Anonymous,1,0,0
Nottingham Women Living Sober,52.976552,-1.136476,Saturday,10:30,Alcoholics Anonymous,1,0,0
Nottingham Women`S Emotional Sobriety,52.92139,-1.225182,Monday,10:30,Alcoholics Anonymous,1,0,0
Nottingham Woodborough Rd,52.976552,-1.136476,Sunday,19:30,Alcoholics Anonymous,1,0,0
Nottingham Young Persons,52.956328,-1.15592,Friday,19:30,Alcoholics Anonymous,1,0,0
Retford Primary Purpose,53.327528,-0.934186,Monday,19:30,Alcoholics Anonymous,1,0,0
Southwell,53.076884,-0.957041,Sunday,19:30,Alcoholics Anonymous,1,0,0
Sutton-In-Ashfield,53.127865,-1.255893,Tuesday,19:15,Alcoholics Anonymous,1,0,0
Syston,52.699839,-1.074446,Wednesday,19:30,Alcoholics Anonymous,1,0,0
Syston Morning,52.699839,-1.074446,Sunday,10:00,Alcoholics Anonymous,1,0,0
West Bridgford,52.927651,-1.13824,Friday,18:30,Alcoholics Anonymous,1,0,0
West Bridgford Lunch,52.933661,-1.132523,Thursday,13:00,Alcoholics Anonymous,1,0,0
Plymouth Back To Basics,50.390649,-4.161893,Wednesday,19:30,Alcoholics Anonymous,1,0,0
Plymouth Big Book & Good Book Beginners,50.369958,-4.124079,Tuesday,19:30,Alcoholics Anonymous,1,0,0
Plymouth First Things First,50.435399,-4.101406,Sunday,11:00,Alcoholics Anonymous,1,0,0
Plymouth Living Sober,50.380978,-4.133771,Thursday,19:30,Alcoholics Anonymous,1,0,0
Plymouth Road To Recovery,50.37861,-4.136871,Wednesday,19:30,Alcoholics Anonymous,1,0,0
Plymouth Road To Recovery,50.373362,-4.120126,Friday,19:30,Alcoholics Anonymous,1,0,0
Plymouth Road To Recovery Big Book Study,50.37861,-4.136871,Sunday,19:00,Alcoholics Anonymous,1,0,0
Plymouth Step,50.387721,-4.16632,Friday,19:30,Alcoholics Anonymous,1,0,0
"Plymouth Unity, Service & Recovery",50.380978,-4.133771,Saturday,18:30,Alcoholics Anonymous,1,0,0
Plymouth:  Wolseley,50.387721,-4.16632,Wednesday,19:30,Alcoholics Anonymous,1,0,0
Bournemouth Bearwood,50.76822,-1.932124,Thursday,19:00,Alcoholics Anonymous,1,0,0
Bournemouth Kinson,50.771195,-1.903857,Friday,19:30,Alcoholics Anonymous,1,0,0
Kinson There Is A Solution,50.771195,-1.903857,Tuesday,19:30,Alcoholics Anonymous,1,0,0
Poole Brixey Road,50.740572,-1.940185,Monday,19:45,Alcoholics Anonymous,1,0,0
Poole St Aldhelms,50.726081,-1.918357,Thursday,19:30,Alcoholics Anonymous,1,0,0
Wimborne,50.798355,-1.988966,Saturday,19:00,Alcoholics Anonymous,1,0,0
Alsager,53.096337,-2.30259,Monday,20:00,Alcoholics Anonymous,1,0,0
Alsager,53.096337,-2.30259,Thursday,20:00,Alcoholics Anonymous,1,0,0
Cheadle,52.984977,-1.983246,Friday,19:30,Alcoholics Anonymous,1,0,0
Cheadle,52.986272,-1.988042,Sunday,18:30,Alcoholics Anonymous,1,0,0
Cheadle,52.9854,-1.987774,Tuesday,19:30,Alcoholics Anonymous,1,0,0
Crewe,53.093183,-2.457061,Friday,20:00,Alcoholics Anonymous,1,0,0
Crewe,53.093183,-2.457061,Sunday,20:00,Alcoholics Anonymous,1,0,0
Crewe All Saints Daily Reflections,53.093183,-2.457061,Thursday,09:30,Alcoholics Anonymous,1,0,0
Crewe Big Book,53.093183,-2.457061,Sunday,18:30,Alcoholics Anonymous,1,0,0
Market Drayton,52.901785,-2.492031,Friday,20:00,Alcoholics Anonymous,1,0,0
Newcastle Under Lyme 12 Steps,53.01201,-2.230427,Tuesday,19:30,Alcoholics Anonymous,1,0,0
Newcastle-Under-Lyme,53.01201,-2.230427,Friday,19:30,Alcoholics Anonymous,1,0,0
Newcastle-Under-Lyme,53.01201,-2.230427,Sunday,19:30,Alcoholics Anonymous,1,0,0
Newchurch Big Book,52.807072,-1.784014,Tuesday,19:00,Alcoholics Anonymous,1,0,0
Newchurch Daily Reflections,52.807072,-1.784014,Sunday,11:00,Alcoholics Anonymous,1,0,0
Sandbach,53.144606,-2.363912,Thursday,20:00,Alcoholics Anonymous,1,0,0
Stafford,52.810828,-2.11996,Wednesday,19:30,Alcoholics Anonymous,1,0,0
Stafford,52.8176047,-2.1273888,Sunday,10:30,Alcoholics Anonymous,1,0,0
Stafford Big Book Study,52.8176047,-2.1273888,Tuesday,15:00,Alcoholics Anonymous,1,0,0
Stafford Friday Freedom,52.810596,-2.12069,Friday,12:30,Alcoholics Anonymous,1,0,0
Stoke-On-Trent Enargia Zycia Polish Speaking,52.99796,-2.165912,Friday,19:00,Alcoholics Anonymous,1,0,0
Stoke-On-Trent Fenton Big Book Study,52.999304,-2.168405,Wednesday,19:30,Alcoholics Anonymous,1,0,0
Stoke-On-Trent Fenton Multi-Mtg,52.999304,-2.168405,Saturday,19:30,Alcoholics Anonymous,1,0,0
Stoke-On-Trent Hanford Shy Sharers,52.981092,-2.197198,Thursday,19:30,Alcoholics Anonymous,1,0,0
Stoke-On-Trent Hanley,53.020005,-2.168947,Monday,19:30,Alcoholics Anonymous,1,0,0
Stoke-On-Trent Hanley,53.020005,-2.168947,Thursday,19:30,Alcoholics Anonymous,1,0,0
Stone Friends Of Bill W,52.904554,-2.149777,Monday,19:30,Alcoholics Anonymous,1,0,0
Uttoxeter Big Book Study,52.897565,-1.867241,Thursday,19:00,Alcoholics Anonymous,1,0,0
Uttoxeter Living Sober,52.897565,-1.867241,Tuesday,13:00,Alcoholics Anonymous,1,0,0
Cam Hybrid,51.699877,-2.362111,Monday,19:30,Alcoholics Anonymous,1,0,0
Charlton Kings Steps And Traditions,51.882053,-2.050728,Wednesday,19:00,Alcoholics Anonymous,1,0,0
Cheltenham Beginners,51.902568,-2.071667,Friday,19:00,Alcoholics Anonymous,1,0,0
Cheltenham Breakfast,51.899171,-2.080883,Thursday,07:45,Alcoholics Anonymous,1,0,0
Cheltenham Discussion,51.902568,-2.071667,Sunday,20:00,Alcoholics Anonymous,1,0,0
Cheltenham Into Action,51.895787,-2.072608,Saturday,09:30,Alcoholics Anonymous,1,0,0
Cheltenham Joys Of Recovery,51.899171,-2.080883,Monday,18:00,Alcoholics Anonymous,1,0,0
Cheltenham Living Sober,51.877102,-2.074088,Tuesday,18:15,Alcoholics Anonymous,1,0,0
Cheltenham Lunchtime Discussion,51.895911,-2.075573,Wednesday,12:00,Alcoholics Anonymous,1,0,0
Cheltenham Lunchtime Recovery,51.901639,-2.089368,Friday,12:30,Alcoholics Anonymous,1,0,0
Cheltenham No 1,51.895787,-2.072608,Thursday,19:30,Alcoholics Anonymous,1,0,0
Cheltenham No 2,51.899171,-2.080883,Tuesday,19:00,Alcoholics Anonymous,1,0,0
Cheltenham Our Primary Purpose,51.947557,-2.056753,Saturday,18:30,Alcoholics Anonymous,1,0,0
Cheltenham Outsiders,51.899171,-2.080883,Sunday,18:30,Alcoholics Anonymous,1,0,0
Cheltenham Sunday Morning,51.900674,-2.080631,Sunday,10:00,Alcoholics Anonymous,1,0,0
Cinderford,51.825207,-2.503004,Wednesday,19:30,Alcoholics Anonymous,1,0,0
Cirencester,51.719071,-1.971059,Friday,19:30,Alcoholics Anonymous,1,0,0
Cirencester Discussion,51.715069,-1.967819,Monday,18:00,Alcoholics Anonymous,1,0,0
Cirencester Reflections,51.717901,-1.9643,Sunday,09:15,Alcoholics Anonymous,1,0,0
Cirencester Step,51.719071,-1.971059,Thursday,18:00,Alcoholics Anonymous,1,0,0
"Dursley Experience, Strength & Hope",51.681931,-2.354184,Thursday,19:00,Alcoholics Anonymous,1,0,0
Gloucester,51.860891,-2.251111,Monday,19:30,Alcoholics Anonymous,1,0,0
Gloucester,51.859018,-2.206493,Saturday,18:00,Alcoholics Anonymous,1,0,0
Gloucester Big Book Chapter & Verse,51.859018,-2.206493,Tuesday,19:30,Alcoholics Anonymous,1,0,0
Gloucester Emotional Sobriety,51.875146,-2.167943,Friday,20:00,Alcoholics Anonymous,1,0,0
Gloucester Horyzont Polish Speaking,51.869153,-2.247337,Sunday,19:00,Alcoholics Anonymous,1,0,0
Gloucester Keep It Simple,51.861537,-2.210614,Thursday,19:30,Alcoholics Anonymous,1,0,0
Gloucester Lunchtime,51.864362,-2.246948,Thursday,13:00,Alcoholics Anonymous,1,0,0
Gloucester Lunchtime,51.869153,-2.247337,Tuesday,13:00,Alcoholics Anonymous,1,0,0
Gloucester Share,51.870306,-2.237569,Wednesday,19:45,Alcoholics Anonymous,1,0,0
Gloucester Sober Sheep,51.83322,-2.218028,Friday,12:00,Alcoholics Anonymous,1,0,0
Gloucester Step,51.861537,-2.210614,Sunday,19:00,Alcoholics Anonymous,1,0,0
Great Malvern Daily Reflections,52.11404,-2.32273,Monday,12:00,Alcoholics Anonymous,1,0,0
Highnam Beginners,51.879164,-2.299733,Tuesday,19:15,Alcoholics Anonymous,1,0,0
Malvern Altered Attitudes,52.109379,-2.313979,Thursday,19:30,Alcoholics Anonymous,1,0,0
Malvern Big Book Recovery,52.114024,-2.305148,Sunday,19:00,Alcoholics Anonymous,1,0,0
Nailsworth,51.694508,-2.221889,Saturday,11:15,Alcoholics Anonymous,1,0,0
Nailsworth Step,51.694508,-2.221889,Wednesday,18:00,Alcoholics Anonymous,1,0,0
Out In The Woods,51.841134,-2.47347,Monday,19:00,Alcoholics Anonymous,1,0,0
Stroud,51.744396,-2.212049,Friday,19:00,Alcoholics Anonymous,1,0,0
Stroud Big Book,51.746539,-2.21735,Monday,18:00,Alcoholics Anonymous,1,0,0
Stroud Lunchtime,51.744396,-2.212049,Sunday,12:45,Alcoholics Anonymous,1,0,0
Stroud Women In Recovery,51.746861,-2.213281,Thursday,18:00,Alcoholics Anonymous,1,0,0
Tewkesbury,51.994255,-2.156112,Wednesday,18:45,Alcoholics Anonymous,1,0,0
Tewkesbury Lunchtime,51.994919,-2.156944,Monday,12:30,Alcoholics Anonymous,1,0,0
Toddington,51.990719,-1.936654,Wednesday,19:30,Alcoholics Anonymous,1,0,0
Upton Primary Purpose,52.062343,-2.217956,Tuesday,19:30,Alcoholics Anonymous,1,0,0
Worcester Big Book Study,52.18713,-2.236739,Tuesday,19:00,Alcoholics Anonymous,1,0,0
Bridgnorth Big Book Study,52.537403,-2.420522,Monday,19:30,Alcoholics Anonymous,1,0,0
Bridgnorth Growth In Recovery,52.537888,-2.436438,Wednesday,10:15,Alcoholics Anonymous,1,0,0
Ludlow Big Book Recovery,52.375343,-2.70976,Friday,20:00,Alcoholics Anonymous,1,0,0
Madeley,52.638086,-2.467046,Tuesday,19:30,Alcoholics Anonymous,1,0,0
Shifnal Big Book 103,52.664233,-2.377292,Wednesday,19:30,Alcoholics Anonymous,1,0,0
Telford Afternoon,52.674053,-2.447126,Monday,12:30,Alcoholics Anonymous,1,0,0
Telford Daily Reflections,52.702651,-2.516882,Monday,19:30,Alcoholics Anonymous,1,0,0
Telford Good Friday,52.704343,-2.518933,Friday,19:00,Alcoholics Anonymous,1,0,0
Telford Ladies Newcomer Step,52.638086,-2.467046,Thursday,16:00,Alcoholics Anonymous,1,0,0
Telford Oakengates,52.694589,-2.451006,Wednesday,19:30,Alcoholics Anonymous,1,0,0
Telford Oakengates,52.694589,-2.451006,Saturday,19:30,Alcoholics Anonymous,1,0,0
Telford Oakengates Big Book Study,52.694589,-2.451006,Sunday,19:30,Alcoholics Anonymous,1,0,0
Telford Right Now Polish Speaking,52.704343,-2.518933,Saturday,19:15,Alcoholics Anonymous,1,0,0
Telford Strickland House Discussion,52.704343,-2.518933,Tuesday,11:00,Alcoholics Anonymous,1,0,0
Brockenhurst,50.816956,-1.576028,Friday,19:00,Alcoholics Anonymous,1,0,0
Everton Lunchtime 12 & 12,50.747633,-1.59389,Thursday,12:25,Alcoholics Anonymous,1,0,0
Lymington,50.759039,-1.539284,Tuesday,19:30,Alcoholics Anonymous,1,0,0
Lymington Daily Reflections Breakfast,50.75438,-1.530044,Monday,07:30,Alcoholics Anonymous,1,0,0
Southampton Ashurst,50.896726,-1.512846,Tuesday,19:30,Alcoholics Anonymous,1,0,0
Southampton Bugle St,50.899007,-1.405596,Monday,19:30,Alcoholics Anonymous,1,0,0
Southampton Bugle St,50.899007,-1.405596,Saturday,10:00,Alcoholics Anonymous,1,0,0
Southampton Lunchtime,50.910253,-1.394274,Thursday,12:30,Alcoholics Anonymous,1,0,0
Southampton Morning,50.910253,-1.394274,Monday,11:00,Alcoholics Anonymous,1,0,0
Southampton Multi-Mtg Ordnance Rd,50.912773,-1.40168,Tuesday,19:30,Alcoholics Anonymous,1,0,0
Southampton Multi-Mtg Ordnance Road,50.912773,-1.40168,Sunday,19:30,Alcoholics Anonymous,1,0,0
Southampton Nadzieja Polish Speaking,50.929756,-1.441006,Sunday,18:00,Alcoholics Anonymous,1,0,0
Southampton Old School Polish Speaking,50.93218,-1.46117,Friday,19:00,Alcoholics Anonymous,1,0,0
Southampton Path To Recovery,50.898436,-1.399423,Wednesday,19:30,Alcoholics Anonymous,1,0,0
Southampton Shirley,50.922934,-1.432295,Friday,19:30,Alcoholics Anonymous,1,0,0
Southampton Step,50.922934,-1.432295,Thursday,19:30,Alcoholics Anonymous,1,0,0
Southampton Waterside,50.850176,-1.4017,Wednesday,19:30,Alcoholics Anonymous,1,0,0
Southampton Woolston,50.894401,-1.377502,Thursday,19:30,Alcoholics Anonymous,1,0,0
Totton,50.918324,-1.489454,Monday,19:30,Alcoholics Anonymous,1,0,0
Ash,50.981401,-2.746523,Friday,19:00,Alcoholics Anonymous,1,0,0
Ash,50.981401,-2.746523,Monday,15:30,Alcoholics Anonymous,1,0,0
Bleadon Discussion,51.307699,-2.947439,Thursday,19:30,Alcoholics Anonymous,1,0,0
Bridgwater Big Book & Tradition,51.127409,-3.004715,Tuesday,19:30,Alcoholics Anonymous,1,0,0
Bridgwater Living Sober,51.130646,-2.997411,Saturday,10:30,Alcoholics Anonymous,1,0,0
Cheddar Big Book Study,51.276822,-2.775589,Monday,19:30,Alcoholics Anonymous,1,0,0
Glastonbury Candlelit,51.147887,-2.713384,Sunday,19:30,Alcoholics Anonymous,1,0,0
Glastonbury Lunchtime,51.147777,-2.711892,Saturday,11:00,Alcoholics Anonymous,1,0,0
Glastonbury Step,51.145155,-2.717659,Thursday,19:30,Alcoholics Anonymous,1,0,0
Highbridge,51.22186,-2.975382,Wednesday,19:30,Alcoholics Anonymous,1,0,0
Highbridge Topic,51.22186,-2.975382,Friday,19:30,Alcoholics Anonymous,1,0,0
Nynehead As Bill Sees It,50.999078,-3.218581,Friday,19:30,Alcoholics Anonymous,1,0,0
Shepton Mallet,51.187666,-2.546396,Tuesday,11:00,Alcoholics Anonymous,1,0,0
Shepton Mallet Friday Night,51.187666,-2.546396,Friday,19:30,Alcoholics Anonymous,1,0,0
Taunton Lunchtime,51.015796,-3.10138,Thursday,13:00,Alcoholics Anonymous,1,0,0
Taunton Lunchtime Topic,51.015796,-3.10138,Tuesday,13:00,Alcoholics Anonymous,1,0,0
Taunton Newcomers,51.021475,-3.104666,Wednesday,19:30,Alcoholics Anonymous,1,0,0
Taunton Share Hybrid,51.021475,-3.104666,Monday,19:30,Alcoholics Anonymous,1,0,0
Taunton Topic,51.021475,-3.104666,Friday,19:30,Alcoholics Anonymous,1,0,0
Wellington Nynehead Step,50.999078,-3.218581,Wednesday,19:30,Alcoholics Anonymous,1,0,0
Wells,51.208997,-2.648058,Saturday,19:00,Alcoholics Anonymous,1,0,0
Wells,51.208819,-2.652737,Wednesday,19:30,Alcoholics Anonymous,1,0,0
Weston-Super-Mare,51.346298,-2.977497,Sunday,19:00,Alcoholics Anonymous,1,0,0
Weston-Super-Mare Acceptance Is The Key,51.341514,-2.978997,Monday,19:30,Alcoholics Anonymous,1,0,0
Weston-Super-Mare As Bill Sees It,51.346298,-2.977497,Saturday,14:00,Alcoholics Anonymous,1,0,0
Weston-Super-Mare Came To Believe,51.346298,-2.977497,Monday,10:30,Alcoholics Anonymous,1,0,0
Weston-Super-Mare Emotional Sobriety,51.331294,-2.965121,Thursday,19:00,Alcoholics Anonymous,1,0,0
Weston-Super-Mare Keep It Simple,51.341514,-2.978997,Friday,19:00,Alcoholics Anonymous,1,0,0
Weston-Super-Mare Steps & Tradions,51.346298,-2.977497,Wednesday,13:00,Alcoholics Anonymous,1,0,0
Weston-Super-Mare There Is A Solution,51.335596,-2.9730822,Tuesday,11:00,Alcoholics Anonymous,1,0,0
Yeovil,50.943526,-2.662849,Tuesday,19:30,Alcoholics Anonymous,1,0,0
Yeovil Big Book Study,50.949884,-2.664519,Saturday,09:00,Alcoholics Anonymous,1,0,0
Harlington Open,51.964107,-0.49124,Sunday,19:00,Alcoholics Anonymous,1,0,0
Houghton Regis A Day At A Time,51.909188,-0.512489,Monday,19:30,Alcoholics Anonymous,1,0,0
Leighton Buzzard Newcomers,51.918359,-0.659178,Wednesday,20:00,Alcoholics Anonymous,1,0,0
Luton Lewsey Farm,51.896251,-0.485172,Wednesday,20:00,Alcoholics Anonymous,1,0,0
Luton Nowy Rozdzial Polish Speaking,51.876179,-0.434812,Saturday,17:30,Alcoholics Anonymous,1,0,0
Luton St Anne's,51.883496,-0.397885,Thursday,19:30,Alcoholics Anonymous,1,0,0
Luton Step 11 Prayer & Meditation,51.883496,-0.397885,Saturday,11:00,Alcoholics Anonymous,1,0,0
Toddington Primary Purpose,51.947158,-0.53319,Saturday,19:30,Alcoholics Anonymous,1,0,0
Newton Abbot,50.530406,-3.603852,Tuesday,19:30,Alcoholics Anonymous,1,0,0
Newton Abbot A New Life,50.532764,-3.630543,Sunday,19:30,Alcoholics Anonymous,1,0,0
Newton Abbot Kingskerswell,50.499718,-3.58554,Thursday,19:30,Alcoholics Anonymous,1,0,0
Newton Abbot Lunchtime,50.532448,-3.602777,Thursday,12:00,Alcoholics Anonymous,1,0,0
Paignton,50.435679,-3.569597,Wednesday,19:30,Alcoholics Anonymous,1,0,0
Teignmouth,50.547714,-3.498547,Monday,19:30,Alcoholics Anonymous,1,0,0
Torquay,50.46798,-3.533847,Friday,19:30,Alcoholics Anonymous,1,0,0
Torquay,50.470036,-3.535815,Monday,19:30,Alcoholics Anonymous,1,0,0
Torquay Torbay,50.482316,-3.553804,Saturday,18:00,Alcoholics Anonymous,1,0,0
Totnes,50.430393,-3.683879,Monday,19:30,Alcoholics Anonymous,1,0,0
"Totnes Experience, Strength & Hope",50.431271,-3.686586,Wednesday,19:00,Alcoholics Anonymous,1,0,0
Totnes Ladies,50.430393,-3.683879,Monday,11:30,Alcoholics Anonymous,1,0,0
Totnes Lunchtime,50.430259,-3.679453,Friday,12:30,Alcoholics Anonymous,1,0,0
Clacton Daily Reflections,51.797093,1.153147,Sunday,15:00,Alcoholics Anonymous,1,0,0
Colchester Feelings,51.956104,0.994653,Thursday,13:00,Alcoholics Anonymous,1,0,0
Dovercourt Big Book,51.935165,1.270616,Sunday,19:00,Alcoholics Anonymous,1,0,0
Felixstowe,51.96536,1.327039,Saturday,19:00,Alcoholics Anonymous,1,0,0
Felixstowe,51.961965,1.351481,Wednesday,12:30,Alcoholics Anonymous,1,0,0
Felixstowe A Common Solution,51.961082,1.347746,Monday,19:00,Alcoholics Anonymous,1,0,0
Felixstowe Feelings,51.961965,1.351481,Friday,13:15,Alcoholics Anonymous,1,0,0
Felixstowe New Beginnings,51.96536,1.327039,Tuesday,19:00,Alcoholics Anonymous,1,0,0
Felixstowe Step Discussion,51.961082,1.347746,Monday,20:30,Alcoholics Anonymous,1,0,0
Frinton-On-Sea,51.833479,1.24387,Thursday,20:00,Alcoholics Anonymous,1,0,0
Hadleigh,52.042176,0.954904,Friday,20:00,Alcoholics Anonymous,1,0,0
Harwich & Dovercourt,51.931581,1.265612,Thursday,20:00,Alcoholics Anonymous,1,0,0
Ipswich,52.058792,1.185943,Wednesday,19:30,Alcoholics Anonymous,1,0,0
Ipswich Bentley,51.990283,1.069949,Tuesday,20:00,Alcoholics Anonymous,1,0,0
Ipswich Big Book,52.057776,1.149147,Monday,19:15,Alcoholics Anonymous,1,0,0
Ipswich Bolton Lane,52.060239,1.159607,Tuesday,12:30,Alcoholics Anonymous,1,0,0
Ipswich Bolton Lane,52.060239,1.159607,Wednesday,12:30,Alcoholics Anonymous,1,0,0
Ipswich Bolton Lane Topic,52.060239,1.159607,Friday,12:30,Alcoholics Anonymous,1,0,0
Ipswich Feelings,52.060579,1.154305,Saturday,19:00,Alcoholics Anonymous,1,0,0
Ipswich Just For Today Lunchtime,52.060239,1.159607,Saturday,12:30,Alcoholics Anonymous,1,0,0
Ipswich Living Sober,52.045833,1.112585,Sunday,19:00,Alcoholics Anonymous,1,0,0
Ipswich Lunchtime,52.060239,1.159607,Monday,12:30,Alcoholics Anonymous,1,0,0
Ipswich Lunchtime Share,52.060239,1.159607,Thursday,12:30,Alcoholics Anonymous,1,0,0
Ipswich One Step At A Time Home Group,52.069915,1.127556,Tuesday,19:30,Alcoholics Anonymous,1,0,0
Ipswich Przystan Polish Speaking,52.061274,1.174214,Thursday,19:00,Alcoholics Anonymous,1,0,0
Ipswich Share,52.069915,1.127556,Friday,19:30,Alcoholics Anonymous,1,0,0
Lavenham Lunchtime,52.106681,0.794465,Tuesday,12:15,Alcoholics Anonymous,1,0,0
Lawford,51.937207,1.043754,Saturday,19:00,Alcoholics Anonymous,1,0,0
Stowmarket Big Book,52.176613,0.997675,Tuesday,19:00,Alcoholics Anonymous,1,0,0
Stowmarket Primary Purpose,52.176613,0.997675,Thursday,19:00,Alcoholics Anonymous,1,0,0
Woodbridge,52.094757,1.320442,Sunday,19:30,Alcoholics Anonymous,1,0,0
Woodbridge,52.094757,1.320442,Friday,19:30,Alcoholics Anonymous,1,0,0
Woodbridge As Bill Sees It,52.094757,1.320442,Wednesday,19:30,Alcoholics Anonymous,1,0,0
Woodbridge Big Book,52.094757,1.320442,Thursday,12:30,Alcoholics Anonymous,1,0,0
Woodbridge Just For Today,52.094757,1.320442,Monday,12:30,Alcoholics Anonymous,1,0,0
Woodbridge Meditation,52.094757,1.320442,Saturday,09:00,Alcoholics Anonymous,1,0,0
Woodbridge Morning Step & Meditation,52.094757,1.320442,Tuesday,08:00,Alcoholics Anonymous,1,0,0
Abergavenny St Mary's Big Book,51.821395,-3.016455,Wednesday,20:00,Alcoholics Anonymous,1,0,0
Cwmbran Big Book,51.669105,-3.020207,Tuesday,20:00,Alcoholics Anonymous,1,0,0
Newport A Program For Living,51.585753,-2.94573,Saturday,20:00,Alcoholics Anonymous,1,0,0
Newport Big Book Newcomers,51.613177,-2.966736,Thursday,19:30,Alcoholics Anonymous,1,0,0
Pontypool Carry This Message,51.689848,-3.011538,Monday,20:00,Alcoholics Anonymous,1,0,0
Risca St Margaret`S,51.606301,-3.098285,Sunday,20:00,Alcoholics Anonymous,1,0,0
Abingdon,51.68172,-1.276529,Tuesday,19:30,Alcoholics Anonymous,1,0,0
Banbury Lunchtime Womens Acceptance,52.058377,-1.339932,Wednesday,12:30,Alcoholics Anonymous,1,0,0
Bicester,51.90839,-1.138162,Monday,18:00,Alcoholics Anonymous,1,0,0
Bicester,51.899283,-1.151824,Saturday,19:30,Alcoholics Anonymous,1,0,0
Brackley Daily Reflections,52.026756,-1.149099,Tuesday,19:00,Alcoholics Anonymous,1,0,0
Carterton,51.760862,-1.59794,Monday,19:30,Alcoholics Anonymous,1,0,0
Charlbury Mens,51.873809,-1.483272,Monday,18:00,Alcoholics Anonymous,1,0,0
Charlbury Sunrise,51.873809,-1.483272,Friday,07:30,Alcoholics Anonymous,1,0,0
Chipping Norton,51.937977,-1.54411,Thursday,19:30,Alcoholics Anonymous,1,0,0
Deddington Candlelit Discussion,51.982073,-1.322635,Wednesday,19:30,Alcoholics Anonymous,1,0,0
Dorchester On Thames Step,51.643671,-1.165638,Friday,13:00,Alcoholics Anonymous,1,0,0
Hempton 11Th Step Meditation,51.983336,-1.355494,Saturday,10:00,Alcoholics Anonymous,1,0,0
Kidlington Lunchtime Meditation,51.809605,-1.280312,Thursday,13:00,Alcoholics Anonymous,1,0,0
Oxford,51.753507,-1.258429,Monday,18:00,Alcoholics Anonymous,1,0,0
Oxford,51.753507,-1.258429,Saturday,19:00,Alcoholics Anonymous,1,0,0
Oxford,51.755441,-1.200292,Saturday,13:00,Alcoholics Anonymous,1,0,0
Oxford Beginners,51.767943,-1.267801,Sunday,18:00,Alcoholics Anonymous,1,0,0
Oxford Big Book,51.767943,-1.267801,Sunday,16:15,Alcoholics Anonymous,1,0,0
Oxford Blackbird Leys Hybrid,51.721005,-1.201069,Saturday,10:00,Alcoholics Anonymous,1,0,0
Oxford Bonn Square,51.751873,-1.260137,Wednesday,19:30,Alcoholics Anonymous,1,0,0
Oxford Breakfast,51.773606,-1.266959,Friday,07:30,Alcoholics Anonymous,1,0,0
Oxford Late Night Recovery,51.767943,-1.267801,Friday,21:58,Alcoholics Anonymous,1,0,0
Oxford Lunchtime,51.753507,-1.258429,Tuesday,13:00,Alcoholics Anonymous,1,0,0
Oxford Lunchtime,51.749071,-1.257376,Wednesday,13:00,Alcoholics Anonymous,1,0,0
Oxford Lunchtime,51.755441,-1.200292,Monday,13:00,Alcoholics Anonymous,1,0,0
Oxford Mens,51.773606,-1.266959,Wednesday,18:00,Alcoholics Anonymous,1,0,0
Oxford Morning,51.747623,-1.236769,Sunday,10:30,Alcoholics Anonymous,1,0,0
Oxford Primary Purpose,51.753507,-1.258429,Thursday,18:00,Alcoholics Anonymous,1,0,0
Oxford St Michael's,51.753507,-1.258429,Tuesday,18:00,Alcoholics Anonymous,1,0,0
Oxford Step,51.75254,-1.276351,Friday,18:30,Alcoholics Anonymous,1,0,0
Oxford Tea Time Refresh,51.747623,-1.236769,Wednesday,18:00,Alcoholics Anonymous,1,0,0
Oxford Women,51.767943,-1.267801,Wednesday,18:00,Alcoholics Anonymous,1,0,0
Oxford Woodstock,51.847532,-1.357885,Friday,18:30,Alcoholics Anonymous,1,0,0
Oxford Young Person's  - For The Young And Young At Heart,51.753507,-1.258429,Thursday,19:30,Alcoholics Anonymous,1,0,0
Shipston-On-Stour A Women's Way Through The Twelve Steps,52.061157,-1.624002,Sunday,19:00,Alcoholics Anonymous,1,0,0
Thame,51.750222,-0.982297,Wednesday,19:30,Alcoholics Anonymous,1,0,0
Witney,51.785842,-1.496657,Monday,19:30,Alcoholics Anonymous,1,0,0
Witney,51.78844,-1.495716,Tuesday,19:30,Alcoholics Anonymous,1,0,0
Barnsley Big Book Study,53.544491,-1.470645,Sunday,18:30,Alcoholics Anonymous,1,0,0
Barnsley Living Sober Beginners,53.552952,-1.489907,Wednesday,19:15,Alcoholics Anonymous,1,0,0
Chesterfield As Bill Sees It,53.239577,-1.442857,Saturday,18:30,Alcoholics Anonymous,1,0,0
Chesterfield Big Book Reading,53.234886,-1.42416,Tuesday,19:30,Alcoholics Anonymous,1,0,0
Chesterfield Step & Tradition,53.234886,-1.42416,Thursday,19:30,Alcoholics Anonymous,1,0,0
Doncaster 11Th Step,53.523835,-1.127095,Sunday,11:30,Alcoholics Anonymous,1,0,0
Doncaster 3-7-11 Step,53.523835,-1.127095,Saturday,11:00,Alcoholics Anonymous,1,0,0
Doncaster Big Book,53.52244,-1.131471,Thursday,19:30,Alcoholics Anonymous,1,0,0
Doncaster Daytime Living Sober,53.522656,-1.135177,Tuesday,10:15,Alcoholics Anonymous,1,0,0
Doncaster Living Sober,53.522656,-1.135177,Monday,18:50,Alcoholics Anonymous,1,0,0
Doncaster Round Robin,53.523835,-1.127095,Friday,17:30,Alcoholics Anonymous,1,0,0
Doncaster Step & Tradition,53.523835,-1.127095,Wednesday,19:30,Alcoholics Anonymous,1,0,0
Doncaster Tickhill Steps & Traditions,53.435322,-1.111042,Tuesday,19:15,Alcoholics Anonymous,1,0,0
Doncaster Trzezwa Spolecznosc Polish Speaking,53.522656,-1.135177,Sunday,17:30,Alcoholics Anonymous,1,0,0
Rotherham  Beginners,53.434345,-1.396483,Tuesday,10:30,Alcoholics Anonymous,1,0,0
Rotherham  Wath Step,53.50227,-1.348092,Monday,19:00,Alcoholics Anonymous,1,0,0
Rotherham Afternoon Step,53.429064,-1.360875,Sunday,15:00,Alcoholics Anonymous,1,0,0
Rotherham As Bill Sees It,53.429064,-1.360875,Thursday,19:30,Alcoholics Anonymous,1,0,0
Rotherham Wickersley Big Book,53.421635,-1.278147,Wednesday,19:30,Alcoholics Anonymous,1,0,0
Sheffield As Bill Sees It,53.383105,-1.469385,Friday,13:00,Alcoholics Anonymous,1,0,0
Sheffield Beginners,53.381151,-1.468658,Wednesday,19:15,Alcoholics Anonymous,1,0,0
Sheffield Big Book,53.376577,-1.453082,Friday,19:15,Alcoholics Anonymous,1,0,0
Sheffield Big Book Study,53.352111,-1.489871,Friday,19:30,Alcoholics Anonymous,1,0,0
Sheffield Carmel,53.406913,-1.508697,Tuesday,13:00,Alcoholics Anonymous,1,0,0
Sheffield Hackenthorpe,53.34382,-1.377214,Tuesday,19:30,Alcoholics Anonymous,1,0,0
Sheffield Heeley,53.35795,-1.462335,Tuesday,19:30,Alcoholics Anonymous,1,0,0
Sheffield Hillsborough,53.402999,-1.505689,Thursday,19:30,Alcoholics Anonymous,1,0,0
Sheffield Living Sober,53.383105,-1.469385,Monday,13:00,Alcoholics Anonymous,1,0,0
Sheffield Lunchtime,53.406913,-1.508697,Thursday,13:00,Alcoholics Anonymous,1,0,0
Sheffield Morning,53.402999,-1.505689,Friday,07:30,Alcoholics Anonymous,1,0,0
Sheffield Polish Speaking,53.37798,-1.485594,Tuesday,19:00,Alcoholics Anonymous,1,0,0
Sheffield Polish Speaking,53.37798,-1.485594,Sunday,13:00,Alcoholics Anonymous,1,0,0
Sheffield Reflexions,53.40268,-1.504625,Wednesday,13:00,Alcoholics Anonymous,1,0,0
Sheffield Saturday Morning Solutions,53.383105,-1.469385,Saturday,10:30,Alcoholics Anonymous,1,0,0
Sheffield Shared Platform,53.406913,-1.508697,Saturday,10:30,Alcoholics Anonymous,1,0,0
Sheffield Step,53.402999,-1.505689,Monday,19:30,Alcoholics Anonymous,1,0,0
Sheffield Taplin Rd,53.402999,-1.505689,Saturday,18:00,Alcoholics Anonymous,1,0,0
Sheffield We Agnostics Hybrid,53.374522,-1.473821,Wednesday,19:30,Alcoholics Anonymous,1,0,0
Sheffield Women Living Sober,53.352111,-1.489871,Monday,19:30,Alcoholics Anonymous,1,0,0
Sheffield Young Persons,53.376577,-1.453082,Sunday,18:00,Alcoholics Anonymous,1,0,0
Wath Big Book,53.50227,-1.348092,Thursday,19:00,Alcoholics Anonymous,1,0,0
Bognor Lunchtime,50.799706,-0.692168,Wednesday,11:30,Alcoholics Anonymous,1,0,0
Bognor Newcomers,50.787806,-0.68003,Saturday,11:30,Alcoholics Anonymous,1,0,0
Bognor Regis,50.784351,-0.670396,Saturday,19:30,Alcoholics Anonymous,1,0,0
Bognor Regis,50.782547,-0.67549,Monday,19:00,Alcoholics Anonymous,1,0,0
Bognor Regis Step & Tradition,50.784351,-0.670396,Thursday,19:30,Alcoholics Anonymous,1,0,0
Bordon,51.112581,-0.863658,Friday,20:00,Alcoholics Anonymous,1,0,0
Bordon Primary Purpose,51.10824,-0.858883,Thursday,20:00,Alcoholics Anonymous,1,0,0
Bordon Women In Sobriety,51.10824,-0.858883,Sunday,18:30,Alcoholics Anonymous,1,0,0
Chichester A Vision For You,50.833835,-0.779416,Monday,19:00,Alcoholics Anonymous,1,0,0
Chichester Emotions In Recovery,50.832571,-0.77641,Sunday,18:00,Alcoholics Anonymous,1,0,0
Chichester Hybrid,50.837956,-0.775384,Friday,19:30,Alcoholics Anonymous,1,0,0
Chichester Munro,50.843553,-0.768027,Wednesday,18:00,Alcoholics Anonymous,1,0,0
Chichester Step & Tradition,50.835963,-0.774002,Monday,11:15,Alcoholics Anonymous,1,0,0
Cosham,50.846623,-1.076013,Monday,19:30,Alcoholics Anonymous,1,0,0
Cowes Newcomer,50.762318,-1.299912,Wednesday,19:00,Alcoholics Anonymous,1,0,0
Denmead,50.906502,-1.079124,Tuesday,19:00,Alcoholics Anonymous,1,0,0
Emsworth As Bill Sees It,50.848829,-0.936873,Thursday,19:30,Alcoholics Anonymous,1,0,0
Emsworth Big Book Discussion,50.848829,-0.936873,Saturday,10:00,Alcoholics Anonymous,1,0,0
"Fareham Experience, Strength & Hope",50.858188,-1.214865,Wednesday,19:30,Alcoholics Anonymous,1,0,0
Gosport,50.792463,-1.14612,Friday,19:30,Alcoholics Anonymous,1,0,0
Gosport Discussion,50.794363,-1.118816,Tuesday,19:30,Alcoholics Anonymous,1,0,0
Greatham Keep It Simple,51.068921,-0.895873,Wednesday,12:00,Alcoholics Anonymous,1,0,0
Haslemere Discussion,51.087652,-0.730664,Sunday,20:00,Alcoholics Anonymous,1,0,0
Haslemere Evening,51.087652,-0.730664,Wednesday,20:00,Alcoholics Anonymous,1,0,0
Haslemere Lunchtime Step Discussion,51.083381,-0.74907,Friday,12:00,Alcoholics Anonymous,1,0,0
Havant,50.851558,-0.981773,Wednesday,19:30,Alcoholics Anonymous,1,0,0
Havant Women's,50.85207,-0.980611,Monday,19:30,Alcoholics Anonymous,1,0,0
"Hayling Island Experience, Strength & Hope",50.787729,-0.978918,Sunday,18:30,Alcoholics Anonymous,1,0,0
Hayling Island Living Sober,50.787729,-0.978918,Friday,11:45,Alcoholics Anonymous,1,0,0
Leigh Park Daily Reflections & Ask The Basket,50.866013,-0.979071,Tuesday,12:30,Alcoholics Anonymous,1,0,0
Liphook Recovery,51.078942,-0.800912,Thursday,20:00,Alcoholics Anonymous,1,0,0
Liss,51.043134,-0.890192,Monday,20:00,Alcoholics Anonymous,1,0,0
Locks Heath,50.861409,-1.262013,Tuesday,19:30,Alcoholics Anonymous,1,0,0
Locks Heath Ladies,50.861409,-1.262013,Sunday,18:00,Alcoholics Anonymous,1,0,0
Midhurst,50.989849,-0.737742,Tuesday,20:00,Alcoholics Anonymous,1,0,0
Newport Common Solution,50.698663,-1.298061,Friday,13:00,Alcoholics Anonymous,1,0,0
Newport Morning,50.69918,-1.297331,Saturday,11:30,Alcoholics Anonymous,1,0,0
Newport One Day At A Time Beginners,50.700219,-1.291831,Tuesday,19:15,Alcoholics Anonymous,1,0,0
Petersfield,51.003114,-0.936356,Thursday,11:30,Alcoholics Anonymous,1,0,0
Petersfield Friday Promises,51.003976,-0.935225,Friday,20:00,Alcoholics Anonymous,1,0,0
Petersfield Step,51.003976,-0.935225,Saturday,19:30,Alcoholics Anonymous,1,0,0
Portchester Road To Recovery,50.837987,-1.116375,Thursday,19:30,Alcoholics Anonymous,1,0,0
Portsmouth Serenity On Sunday,50.794942,-1.059197,Sunday,10:30,Alcoholics Anonymous,1,0,0
Portsmouth Southsea Back To Basics,50.783203,-1.07793,Monday,19:00,Alcoholics Anonymous,1,0,0
Portsmouth Southsea St Jude's,50.786889,-1.089221,Tuesday,12:30,Alcoholics Anonymous,1,0,0
Portsmouth Southsea St Judes,50.786889,-1.089221,Wednesday,12:30,Alcoholics Anonymous,1,0,0
Portsmouth Southsea St Judes,50.786889,-1.089221,Friday,12:30,Alcoholics Anonymous,1,0,0
Portsmouth Southsea St Simons,50.783203,-1.07793,Tuesday,19:30,Alcoholics Anonymous,1,0,0
Portsmouth St Mark's,50.816068,-1.082095,Friday,19:30,Alcoholics Anonymous,1,0,0
Portsmouth Step,50.811524,-1.07936,Monday,12:00,Alcoholics Anonymous,1,0,0
Portsmouth Women & Lgbtqia+,50.816068,-1.082095,Sunday,18:00,Alcoholics Anonymous,1,0,0
"Ryde Experience, Strength & Hope",50.727807,-1.157811,Sunday,18:00,Alcoholics Anonymous,1,0,0
Ryde Literature,50.727807,-1.157811,Friday,19:45,Alcoholics Anonymous,1,0,0
Ryde Men's,50.726351,-1.162938,Tuesday,19:00,Alcoholics Anonymous,1,0,0
Ryde Step & Traditons,50.725742,-1.187573,Monday,19:00,Alcoholics Anonymous,1,0,0
Sandown As Bill Sees It,50.652641,-1.16132,Monday,19:00,Alcoholics Anonymous,1,0,0
Sandown Just For Today,50.652641,-1.16132,Thursday,19:00,Alcoholics Anonymous,1,0,0
Sandown Women In Recovery,50.652641,-1.16132,Thursday,10:00,Alcoholics Anonymous,1,0,0
Selsey,50.734389,-0.790476,Sunday,18:30,Alcoholics Anonymous,1,0,0
Selsey,50.734389,-0.790476,Friday,13:30,Alcoholics Anonymous,1,0,0
Shanklin Big Book Study,50.6266238,-1.1910982,Saturday,18:00,Alcoholics Anonymous,1,0,0
Southsea Lunchtime,50.791331,-1.075444,Saturday,11:30,Alcoholics Anonymous,1,0,0
Titchfield,50.853551,-1.22216,Sunday,19:30,Alcoholics Anonymous,1,0,0
Waterlooville,50.895076,-1.033891,Friday,19:30,Alcoholics Anonymous,1,0,0
Sunderland Lifeboat Multi-Group Beginners,54.871044,-1.429763,Sunday,18:30,Alcoholics Anonymous,1,0,0
"Calcot Newcomers - Experience, Strength & Hope",51.438212,-1.026781,Wednesday,20:00,Alcoholics Anonymous,1,0,0
Goring-On-Thames,51.522614,-1.139067,Sunday,18:00,Alcoholics Anonymous,1,0,0
Newbury Chair,51.398504,-1.32329,Thursday,20:00,Alcoholics Anonymous,1,0,0
Newbury Spiritual Recovery,51.398504,-1.32329,Saturday,18:30,Alcoholics Anonymous,1,0,0
Newbury Together We Can,51.398504,-1.32329,Tuesday,19:30,Alcoholics Anonymous,1,0,0
Pangbourne,51.482214,-1.082023,Monday,19:45,Alcoholics Anonymous,1,0,0
Reading,51.454311,-0.998402,Monday,20:00,Alcoholics Anonymous,1,0,0
Reading,51.452918,-0.963138,Wednesday,19:45,Alcoholics Anonymous,1,0,0
Reading Big Book Study,51.451111,-1.003725,Tuesday,20:00,Alcoholics Anonymous,1,0,0
Reading Daily Reflections,51.456413,-1.046644,Sunday,18:30,Alcoholics Anonymous,1,0,0
Reading Emotional Sobriety,51.480584,-1.138649,Sunday,16:00,Alcoholics Anonymous,1,0,0
Reading Living Sober,51.453409,-0.961866,Saturday,12:30,Alcoholics Anonymous,1,0,0
Reading Lunchtime As Bill Sees It,51.456717,-0.976098,Thursday,12:30,Alcoholics Anonymous,1,0,0
Reading Plomien Nadziei Polish Speaking,51.453209,-0.960604,Tuesday,20:00,Alcoholics Anonymous,1,0,0
Reading Przystan Polish Speaking,51.452891,-0.95708,Thursday,20:00,Alcoholics Anonymous,1,0,0
Reading Round Robin,51.454872,-0.983076,Tuesday,12:30,Alcoholics Anonymous,1,0,0
Reading Step,51.453409,-0.961866,Friday,20:00,Alcoholics Anonymous,1,0,0
Reading Step And Share,51.45817,-0.995145,Saturday,18:00,Alcoholics Anonymous,1,0,0
Reading Steps 3 & 11,51.448079,-0.981422,Thursday,20:00,Alcoholics Anonymous,1,0,0
Reading Sunday Morning,51.452918,-0.963138,Sunday,11:00,Alcoholics Anonymous,1,0,0
Streatley Lunchtime Daily Reflections,51.523043,-1.144603,Monday,13:00,Alcoholics Anonymous,1,0,0
"Thatcham Experience, Strength & Hope",51.406375,-1.291779,Sunday,10:30,Alcoholics Anonymous,1,0,0
Thatcham Lunchtime Living Sober,51.397499,-1.248247,Wednesday,11:45,Alcoholics Anonymous,1,0,0
Theale Big Book Study,51.438207,-1.080583,Wednesday,20:00,Alcoholics Anonymous,1,0,0
Tilehurst Newcomers,51.457154,-1.052645,Tuesday,19:30,Alcoholics Anonymous,1,0,0
Wallingford Big Book Study,51.599668,-1.127563,Monday,19:45,Alcoholics Anonymous,1,0,0
Birtley,54.879539,-1.572736,Friday,11:15,Alcoholics Anonymous,1,0,0
Gateshead Blaydon St Cuthbert's,54.964222,-1.712729,Thursday,19:00,Alcoholics Anonymous,1,0,0
Gateshead Library,54.951185,-1.601299,Friday,10:00,Alcoholics Anonymous,1,0,0
Gosforth Big Book,55.006488,-1.6331,Thursday,19:00,Alcoholics Anonymous,1,0,0
Jarrow Foglifters,54.971474,-1.469067,Friday,19:30,Alcoholics Anonymous,1,0,0
Jarrow Multi-Mtg,54.981379,-1.492718,Wednesday,19:00,Alcoholics Anonymous,1,0,0
Jarrow St Peters Church Multi-Mtg,54.968456,-1.492365,Saturday,18:00,Alcoholics Anonymous,1,0,0
Jarrow St Peters Church Multi-Mtg,54.968456,-1.492365,Sunday,18:00,Alcoholics Anonymous,1,0,0
Killingworth,55.032336,-1.56124,Saturday,18:00,Alcoholics Anonymous,1,0,0
Low Fell Keep It Simple,54.935623,-1.597001,Thursday,18:00,Alcoholics Anonymous,1,0,0
Newcastle 12 Steps & Twelve Traditions Study,54.974473,-1.61366,Saturday,11:00,Alcoholics Anonymous,1,0,0
Newcastle Big Book,55.006488,-1.6331,Monday,18:30,Alcoholics Anonymous,1,0,0
Newcastle Brunswick Living Sober,54.974473,-1.61366,Saturday,14:00,Alcoholics Anonymous,1,0,0
Newcastle George St,54.967194,-1.625848,Wednesday,10:30,Alcoholics Anonymous,1,0,0
Newcastle George St General Chair & Share,54.967194,-1.625848,Thursday,10:30,Alcoholics Anonymous,1,0,0
Newcastle George St Womens,54.967194,-1.625848,Tuesday,10:00,Alcoholics Anonymous,1,0,0
Newcastle Lgbtq (Intimacy In Recovery),54.967194,-1.625848,Sunday,10:30,Alcoholics Anonymous,1,0,0
Newcastle Morning George St,54.967194,-1.625848,Monday,10:30,Alcoholics Anonymous,1,0,0
Newcastle Pogoda Ducha Polish Speaking,54.967642,-1.631357,Saturday,18:00,Alcoholics Anonymous,1,0,0
Newcastle Saturday Clubhouse,54.967194,-1.625848,Saturday,10:30,Alcoholics Anonymous,1,0,0
Newcastle St Teresa's,54.983955,-1.581598,Saturday,18:00,Alcoholics Anonymous,1,0,0
Newcastle-Upon-Tyne Gosforth,55.004829,-1.62253,Friday,18:00,Alcoholics Anonymous,1,0,0
Newcastle-Upon-Tyne Heaton,54.983955,-1.581598,Sunday,19:00,Alcoholics Anonymous,1,0,0
Newcastle-Upon-Tyne Newcomers,54.967194,-1.625848,Friday,12:30,Alcoholics Anonymous,1,0,0
Newcastle-Upon-Tyne Royal Victoria Hospital,54.98022,-1.618869,Tuesday,18:30,Alcoholics Anonymous,1,0,0
North Shields,55.003979,-1.465198,Tuesday,13:30,Alcoholics Anonymous,1,0,0
North Shields St Augustin's,55.014424,-1.438006,Wednesday,19:00,Alcoholics Anonymous,1,0,0
Shiremoor,55.032534,-1.50487,Tuesday,19:00,Alcoholics Anonymous,1,0,0
South Shields,54.972932,-1.441738,Friday,18:30,Alcoholics Anonymous,1,0,0
Sunderland Unity,54.90134,-1.411542,Monday,19:30,Alcoholics Anonymous,1,0,0
Sunderland Unity,54.90134,-1.411542,Friday,19:30,Alcoholics Anonymous,1,0,0
Sunderland Unity,54.90134,-1.411542,Sunday,19:00,Alcoholics Anonymous,1,0,0
Sunderland Unity Newcomers,54.902214,-1.410327,Thursday,19:30,Alcoholics Anonymous,1,0,0
Wallsend,54.98664,-1.536501,Wednesday,18:00,Alcoholics Anonymous,1,0,0
Washington,54.918471,-1.525179,Saturday,19:30,Alcoholics Anonymous,1,0,0
Whitley Bay,55.042103,-1.448119,Friday,18:30,Alcoholics Anonymous,1,0,0
Whitley Bay Step,55.042034,-1.448777,Sunday,19:00,Alcoholics Anonymous,1,0,0
Abergavenny,51.832908,-2.994931,Sunday,15:15,Alcoholics Anonymous,1,0,0
Hereford Beginners,52.045944,-2.72519,Monday,19:30,Alcoholics Anonymous,1,0,0
Hereford Beginners,52.054571,-2.718462,Wednesday,19:30,Alcoholics Anonymous,1,0,0
Hereford Big Book Discussion,52.054571,-2.718462,Sunday,19:30,Alcoholics Anonymous,1,0,0
Hereford Daily Reflections,52.054571,-2.718462,Friday,19:30,Alcoholics Anonymous,1,0,0
Hereford Daily Reflections,52.054571,-2.718462,Friday,12:30,Alcoholics Anonymous,1,0,0
Hereford Lunchtime Living Sober,52.054571,-2.718462,Tuesday,12:30,Alcoholics Anonymous,1,0,0
Ledbury Step 11 Prayer & Meditation,52.034088,-2.426731,Friday,19:30,Alcoholics Anonymous,1,0,0
Leominster,52.226101,-2.734974,Thursday,19:45,Alcoholics Anonymous,1,0,0
Monmouth,51.813763,-2.712494,Saturday,18:00,Alcoholics Anonymous,1,0,0
Monmouth Step 11,51.813763,-2.712494,Wednesday,13:00,Alcoholics Anonymous,1,0,0
Ross-On-Wye,51.918216,-2.581599,Tuesday,19:30,Alcoholics Anonymous,1,0,0
Ross-On-Wye,51.918216,-2.581599,Friday,19:30,Alcoholics Anonymous,1,0,0
Worcester Big Book Study,52.19492,-2.220527,Sunday,08:00,Alcoholics Anonymous,1,0,0
Worcester Daily Reflections,52.19492,-2.220527,Saturday,14:00,Alcoholics Anonymous,1,0,0
Worcester Discussion,52.19492,-2.220527,Thursday,07:00,Alcoholics Anonymous,1,0,0
Worcester Here For You,52.193431,-2.254723,Sunday,10:30,Alcoholics Anonymous,1,0,0
Worcester Step & Tradition,52.19492,-2.220527,Friday,12:30,Alcoholics Anonymous,1,0,0
Worcester Topic,52.194495,-2.223608,Wednesday,19:00,Alcoholics Anonymous,1,0,0
Blandford,50.857161,-2.163426,Tuesday,19:30,Alcoholics Anonymous,1,0,0
Milborne Port Step 11/Meditation,50.964788,-2.462436,Sunday,15:00,Alcoholics Anonymous,1,0,0
Shaftesbury,51.005991,-2.198944,Friday,13:00,Alcoholics Anonymous,1,0,0
Sherborne,50.943968,-2.517343,Wednesday,19:00,Alcoholics Anonymous,1,0,0
Sturminster Newton,50.932999,-2.304559,Sunday,11:00,Alcoholics Anonymous,1,0,0
Aylesford Priory,51.302757,0.471614,Sunday,18:30,Alcoholics Anonymous,1,0,0
Borough Green Open Newcomers,51.292053,0.321892,Tuesday,19:30,Alcoholics Anonymous,1,0,0
Chatham,51.381563,0.525772,Tuesday,20:00,Alcoholics Anonymous,1,0,0
Chatham,51.381563,0.525772,Friday,20:00,Alcoholics Anonymous,1,0,0
Chatham Big Book Study,51.381563,0.525772,Sunday,11:00,Alcoholics Anonymous,1,0,0
Chatham Lunchtime Living Sober,51.383868,0.521486,Thursday,12:00,Alcoholics Anonymous,1,0,0
Chatham Women In Recovery,51.381563,0.525772,Monday,18:30,Alcoholics Anonymous,1,0,0
Ditton Living Sober,51.296085,0.45275,Friday,19:30,Alcoholics Anonymous,1,0,0
"Ditton Steps 1, 2, & 3 Big Book Study",51.296085,0.45275,Monday,19:30,Alcoholics Anonymous,1,0,0
Gillingham,51.393965,0.55029,Saturday,18:30,Alcoholics Anonymous,1,0,0
Gillingham Big Book Step,51.383667,0.543681,Tuesday,19:00,Alcoholics Anonymous,1,0,0
Gillingham Newcomers,51.383667,0.543681,Thursday,19:00,Alcoholics Anonymous,1,0,0
Maidstone,51.279605,0.531086,Thursday,20:00,Alcoholics Anonymous,1,0,0
Maidstone Aa For Beginners,51.27443,0.527089,Tuesday,19:00,Alcoholics Anonymous,1,0,0
Maidstone Big Book Study,51.275861,0.527869,Saturday,18:45,Alcoholics Anonymous,1,0,0
Maidstone Big Book Study,51.277138,0.52371,Tuesday,12:00,Alcoholics Anonymous,1,0,0
Maidstone Courage To Change,51.275861,0.527869,Wednesday,19:00,Alcoholics Anonymous,1,0,0
Maidstone Ditton,51.296085,0.45275,Wednesday,19:30,Alcoholics Anonymous,1,0,0
Maidstone First Things First (Step 1),51.27224,0.520603,Thursday,11:30,Alcoholics Anonymous,1,0,0
Maidstone Lunch,51.277138,0.52371,Friday,12:00,Alcoholics Anonymous,1,0,0
Maidstone Our Primary Purpose,51.275861,0.527869,Sunday,19:00,Alcoholics Anonymous,1,0,0
Maidstone Step & Tradition,51.275861,0.527869,Monday,20:00,Alcoholics Anonymous,1,0,0
Maidstone Welcome,51.27443,0.527089,Friday,19:15,Alcoholics Anonymous,1,0,0
Meopham Big Book Study,51.364009,0.357941,Thursday,20:00,Alcoholics Anonymous,1,0,0
Newington Recovery,51.351366,0.671932,Wednesday,19:45,Alcoholics Anonymous,1,0,0
Rainham Road To Recovery,51.366534,0.611925,Wednesday,19:45,Alcoholics Anonymous,1,0,0
Rochester,51.389826,0.504119,Saturday,10:15,Alcoholics Anonymous,1,0,0
Rochester Beginners,51.389826,0.504119,Monday,20:00,Alcoholics Anonymous,1,0,0
Rochester Early Reflections,51.389826,0.504119,Friday,06:30,Alcoholics Anonymous,1,0,0
Rochester Lunchtime,51.389826,0.504119,Wednesday,12:00,Alcoholics Anonymous,1,0,0
Sittingbourne,51.339829,0.731543,Monday,19:45,Alcoholics Anonymous,1,0,0
Strood There Is A Solution,51.396435,0.492763,Thursday,20:00,Alcoholics Anonymous,1,0,0
Wainscott,51.41042,0.509616,Monday,20:00,Alcoholics Anonymous,1,0,0
Bradford - Leeds Women,53.810802,-1.671192,Wednesday,20:00,Alcoholics Anonymous,1,0,0
"Castleford Experience, Strength & Hope",53.721243,-1.351013,Tuesday,19:45,Alcoholics Anonymous,1,0,0
Featherstone Simply Recovery,53.677186,-1.358412,Friday,19:00,Alcoholics Anonymous,1,0,0
"Gildersome Recovery, Unity & Service",53.759442,-1.633829,Sunday,18:00,Alcoholics Anonymous,1,0,0
Kippax Step Multi-Mtg,53.764789,-1.365892,Wednesday,19:30,Alcoholics Anonymous,1,0,0
Kippax Step Multi-Mtg,53.764789,-1.365892,Sunday,19:00,Alcoholics Anonymous,1,0,0
Leeds City Recovery,53.80068,-1.546514,Friday,12:45,Alcoholics Anonymous,1,0,0
Leeds Farsley,53.810802,-1.671192,Saturday,19:30,Alcoholics Anonymous,1,0,0
Leeds Farsley 12 Steps & 12 Traditions,53.810802,-1.671192,Tuesday,20:00,Alcoholics Anonymous,1,0,0
Leeds Keep It Simple,53.797635,-1.538277,Saturday,13:00,Alcoholics Anonymous,1,0,0
Leeds Morley Carrying The Message,53.744698,-1.60384,Friday,20:00,Alcoholics Anonymous,1,0,0
Leeds Saint John's,53.786421,-1.590485,Tuesday,20:00,Alcoholics Anonymous,1,0,0
Leeds Young Persons,53.790539,-1.532526,Tuesday,19:30,Alcoholics Anonymous,1,0,0
Nostell Crossroads To Recovery,53.645842,-1.392652,Thursday,19:00,Alcoholics Anonymous,1,0,0
Ossett,53.685524,-1.583682,Friday,19:45,Alcoholics Anonymous,1,0,0
Pudsey Big Book Study,53.795467,-1.660958,Sunday,09:00,Alcoholics Anonymous,1,0,0
Wakefield Morning Step,53.680692,-1.500067,Monday,10:30,Alcoholics Anonymous,1,0,0
Wakefield Outwood Big Book Study,53.707244,-1.506691,Sunday,19:00,Alcoholics Anonymous,1,0,0
Wakefield Portobello,53.666843,-1.492136,Tuesday,19:30,Alcoholics Anonymous,1,0,0
Wakefield Recovery,53.707244,-1.506691,Monday,19:30,Alcoholics Anonymous,1,0,0
Wakefield Recovery,53.680692,-1.500067,Thursday,12:00,Alcoholics Anonymous,1,0,0
Wakefield There Is A Solution,53.707244,-1.506691,Saturday,18:00,Alcoholics Anonymous,1,0,0
Wakefield There Is A Solution,53.687898,-1.488898,Thursday,19:30,Alcoholics Anonymous,1,0,0
Wakefield Young Persons,53.707244,-1.506691,Saturday,10:30,Alcoholics Anonymous,1,0,0
Burgess Hill,50.957128,-0.136829,Wednesday,20:00,Alcoholics Anonymous,1,0,0
Burgess Hill Daily Reflections,50.960579,-0.121525,Sunday,17:00,Alcoholics Anonymous,1,0,0
Burgess Hill Living Sober,50.960579,-0.121525,Monday,20:00,Alcoholics Anonymous,1,0,0
Crawley,51.122463,-0.208792,Tuesday,20:00,Alcoholics Anonymous,1,0,0
Crawley Big Book Beginners,51.110133,-0.217584,Sunday,19:00,Alcoholics Anonymous,1,0,0
Crawley Early Risers,51.117256,-0.153869,Saturday,08:00,Alcoholics Anonymous,1,0,0
Crawley Living Sober,51.120692,-0.180254,Monday,19:30,Alcoholics Anonymous,1,0,0
Crawley Morning Newcomers,51.127067,-0.210486,Saturday,11:00,Alcoholics Anonymous,1,0,0
Crawley Newcomers,51.117256,-0.153869,Wednesday,11:00,Alcoholics Anonymous,1,0,0
Crawley Pound Hill Step & Tradition,51.117256,-0.153869,Monday,11:00,Alcoholics Anonymous,1,0,0
Crawley Sober Saturday Topic,51.123163,-0.190275,Saturday,19:00,Alcoholics Anonymous,1,0,0
Crawley Step & Tradition,51.120692,-0.180254,Thursday,19:00,Alcoholics Anonymous,1,0,0
Haywards Heath Big Book Study,51.006163,-0.101024,Saturday,17:30,Alcoholics Anonymous,1,0,0
Haywards Heath Big Book/Share,50.997738,-0.10251,Friday,20:00,Alcoholics Anonymous,1,0,0
Haywards Heath Daily Reflections,50.997738,-0.10251,Thursday,12:45,Alcoholics Anonymous,1,0,0
Haywards Heath Daily Reflections,51.001405,-0.107675,Wednesday,12:30,Alcoholics Anonymous,1,0,0
Haywards Heath Discussion,51.001405,-0.107675,Friday,12:30,Alcoholics Anonymous,1,0,0
Haywards Heath Living Sober,51.003855,-0.103144,Tuesday,20:00,Alcoholics Anonymous,1,0,0
Haywards Heath Meditation,51.001405,-0.107675,Thursday,19:30,Alcoholics Anonymous,1,0,0
Haywards Heath Morning Child Friendly,51.001405,-0.107675,Monday,10:00,Alcoholics Anonymous,1,0,0
Haywards Heath Women’S,51.001405,-0.107675,Tuesday,13:00,Alcoholics Anonymous,1,0,0
Henfield,50.928322,-0.27402,Sunday,17:00,Alcoholics Anonymous,1,0,0
Henfield Big Book Step,50.928322,-0.27402,Wednesday,18:30,Alcoholics Anonymous,1,0,0
"Horsham Experience, Strength & Hope",51.06288,-0.333344,Friday,20:00,Alcoholics Anonymous,1,0,0
Horsham Morning As Bill Sees It,51.064992,-0.329213,Thursday,11:00,Alcoholics Anonymous,1,0,0
Horsham Roffey Hybrid,51.073901,-0.3018,Wednesday,20:00,Alcoholics Anonymous,1,0,0
Horsham Step & Tradition,51.06288,-0.333344,Sunday,17:30,Alcoholics Anonymous,1,0,0
Hurstpierpoint Live & Let Live,50.933913,-0.174503,Tuesday,20:00,Alcoholics Anonymous,1,0,0
Lancing,50.824185,-0.321168,Thursday,19:30,Alcoholics Anonymous,1,0,0
Pound Hill Early Evening,51.117256,-0.153869,Tuesday,18:30,Alcoholics Anonymous,1,0,0
Pulborough,50.956377,-0.500371,Tuesday,20:00,Alcoholics Anonymous,1,0,0
Pulborough Cootham Big Book Study,50.919582,-0.474143,Sunday,17:30,Alcoholics Anonymous,1,0,0
"Rustington Experience, Strength & Hope",50.810871,-0.510273,Friday,12:30,Alcoholics Anonymous,1,0,0
Rustington Keep It Simple,50.810871,-0.510273,Tuesday,10:00,Alcoholics Anonymous,1,0,0
Shoreham,50.833606,-0.272646,Saturday,18:30,Alcoholics Anonymous,1,0,0
Shoreham Lunchtime,50.834201,-0.273532,Wednesday,12:30,Alcoholics Anonymous,1,0,0
Shoreham-By-Sea As Bill Sees It,50.833606,-0.272646,Monday,19:30,Alcoholics Anonymous,1,0,0
Southwater Big Book Study,51.025259,-0.358537,Monday,20:30,Alcoholics Anonymous,1,0,0
Steyning,50.887362,-0.326803,Friday,19:30,Alcoholics Anonymous,1,0,0
Worthing,50.813165,-0.374284,Wednesday,19:30,Alcoholics Anonymous,1,0,0
Worthing,50.817889,-0.382254,Tuesday,19:30,Alcoholics Anonymous,1,0,0
Worthing As Bill Sees It,50.819433,-0.35182,Thursday,12:30,Alcoholics Anonymous,1,0,0
Worthing Big Book,50.813165,-0.374284,Saturday,19:30,Alcoholics Anonymous,1,0,0
Worthing Discussion Open,50.812212,-0.385942,Sunday,19:30,Alcoholics Anonymous,1,0,0
Worthing Durrington Primary Purpose,50.835913,-0.413799,Monday,19:30,Alcoholics Anonymous,1,0,0
Worthing Gratitude,50.813249,-0.38608,Friday,07:30,Alcoholics Anonymous,1,0,0
Worthing Hospital,50.816691,-0.363429,Thursday,19:15,Alcoholics Anonymous,1,0,0
Worthing Lunchtime Living Sober,50.819433,-0.35182,Monday,12:30,Alcoholics Anonymous,1,0,0
Worthing New Beginnings,50.812212,-0.385942,Sunday,10:30,Alcoholics Anonymous,1,0,0
Worthing Step & Tradition,50.819433,-0.35182,Friday,20:00,Alcoholics Anonymous,1,0,0
"Bradford Experience, Strength & Hope",53.797712,-1.732799,Friday,20:00,Alcoholics Anonymous,1,0,0
Bradford Krok Po Kroku Polish Speaking,53.808706,-1.761639,Monday,19:30,Alcoholics Anonymous,1,0,0
Bradford Lunch,53.792657,-1.733541,Sunday,13:30,Alcoholics Anonymous,1,0,0
Bradford Step,53.783446,-1.731584,Wednesday,19:00,Alcoholics Anonymous,1,0,0
Bradford Step By Step (Krok Po Kroku) Polish,53.808706,-1.761639,Thursday,19:30,Alcoholics Anonymous,1,0,0
Bradford Wieczor Z Billem Polish Speaking,53.808706,-1.761639,Saturday,19:30,Alcoholics Anonymous,1,0,0
Brighouse,53.707723,-1.784252,Monday,19:00,Alcoholics Anonymous,1,0,0
Brighouse Speaker,53.707723,-1.784252,Friday,20:00,Alcoholics Anonymous,1,0,0
Cleckheaton The Next Step,53.721312,-1.707639,Monday,19:00,Alcoholics Anonymous,1,0,0
Elland,53.684483,-1.83753,Wednesday,18:00,Alcoholics Anonymous,1,0,0
Halifax Big Book Study,53.720423,-1.890309,Saturday,10:30,Alcoholics Anonymous,1,0,0
Halifax Multi-Mtg Speaker,53.720483,-1.863943,Tuesday,20:00,Alcoholics Anonymous,1,0,0
Halifax Multi-Mtg Speaker,53.720483,-1.863943,Sunday,13:00,Alcoholics Anonymous,1,0,0
Halifax Newcomers Multi-Grp,53.720483,-1.863943,Thursday,18:00,Alcoholics Anonymous,1,0,0
Holmfirth 12 & 12,53.60464,-1.792651,Friday,19:30,Alcoholics Anonymous,1,0,0
Huddersfield Big Book Study,53.647262,-1.780915,Friday,13:00,Alcoholics Anonymous,1,0,0
Huddersfield Big Book Study,53.580423,-1.666532,Saturday,20:00,Alcoholics Anonymous,1,0,0
Huddersfield Royal Infirmary,53.655474,-1.816338,Thursday,19:00,Alcoholics Anonymous,1,0,0
Huddersfield The Hub,53.644982,-1.783802,Wednesday,15:00,Alcoholics Anonymous,1,0,0
Huddersfield There Is A Solution,53.651881,-1.800831,Sunday,12:00,Alcoholics Anonymous,1,0,0
Huddersfield West,53.655474,-1.816338,Wednesday,20:00,Alcoholics Anonymous,1,0,0
Huddersfield West,53.65401,-1.818918,Sunday,19:30,Alcoholics Anonymous,1,0,0
Lightcliffe,53.72456,-1.792701,Tuesday,20:00,Alcoholics Anonymous,1,0,0
Slaithwaite Step 11 Meditation Monthly Meeting,53.622505,-1.87998,Tuesday,19:30,Alcoholics Anonymous,1,0,0
Amesbury Big Book,51.170221,-1.760958,Tuesday,19:15,Alcoholics Anonymous,1,0,0
Bath,51.378725,-2.356708,Friday,18:00,Alcoholics Anonymous,1,0,0
Bath,51.379649,-2.355769,Thursday,19:30,Alcoholics Anonymous,1,0,0
Bath,51.385756,-2.360875,Sunday,19:30,Alcoholics Anonymous,1,0,0
Bath,51.387867,-2.355804,Monday,19:30,Alcoholics Anonymous,1,0,0
Bath  Women,51.378725,-2.356708,Thursday,19:00,Alcoholics Anonymous,1,0,0
Bath 11Th Step Prayer & Meditation,51.395472,-2.347426,Friday,12:30,Alcoholics Anonymous,1,0,0
Bath A.M.,51.3841,-2.3604,Friday,07:30,Alcoholics Anonymous,1,0,0
Bath As Bill Sees It,51.385756,-2.360875,Monday,13:00,Alcoholics Anonymous,1,0,0
Bath As Bill Sees It,51.379324,-2.327157,Friday,12:15,Alcoholics Anonymous,1,0,0
Bath Big Book Experience Strength & Hope,51.385756,-2.360875,Tuesday,19:30,Alcoholics Anonymous,1,0,0
Bath Big Book Study,51.395982,-2.38996,Sunday,10:30,Alcoholics Anonymous,1,0,0
Bath Just For Today Feelings,51.378725,-2.356708,Monday,18:00,Alcoholics Anonymous,1,0,0
Bath Lunchime A Vision For You,51.385988,-2.358707,Wednesday,11:30,Alcoholics Anonymous,1,0,0
Bath Lunchtime,51.378725,-2.356708,Tuesday,12:45,Alcoholics Anonymous,1,0,0
Bath Lunchtime,51.378725,-2.356708,Saturday,12:00,Alcoholics Anonymous,1,0,0
Bath Morning Topic,51.378725,-2.356708,Saturday,10:30,Alcoholics Anonymous,1,0,0
Bath Oldfield Park,51.374787,-2.375127,Wednesday,19:30,Alcoholics Anonymous,1,0,0
Bath Share,51.378725,-2.356708,Saturday,19:30,Alcoholics Anonymous,1,0,0
Bath Young Persons,51.378725,-2.356708,Wednesday,19:00,Alcoholics Anonymous,1,0,0
Bradford-On-Avon Big Book Study,51.34786,-2.25155,Saturday,11:00,Alcoholics Anonymous,1,0,0
Calne,51.442789,-1.998886,Tuesday,19:45,Alcoholics Anonymous,1,0,0
Chippenham Big Book Study,51.459956,-2.118986,Monday,19:00,Alcoholics Anonymous,1,0,0
Chippenham Share,51.459956,-2.118986,Thursday,19:45,Alcoholics Anonymous,1,0,0
Chippenham Step,51.458037,-2.113075,Sunday,18:00,Alcoholics Anonymous,1,0,0
Corsham,51.433913,-2.183997,Saturday,19:45,Alcoholics Anonymous,1,0,0
Devizes,51.354131,-2.003124,Monday,19:45,Alcoholics Anonymous,1,0,0
Devizes Big Book Study,51.355144,-2.004281,Sunday,10:30,Alcoholics Anonymous,1,0,0
Devizes Step,51.354131,-2.003124,Wednesday,18:15,Alcoholics Anonymous,1,0,0
Frome,51.238491,-2.323093,Friday,19:30,Alcoholics Anonymous,1,0,0
Frome Step & Tradition,51.238491,-2.323093,Wednesday,19:45,Alcoholics Anonymous,1,0,0
Frome Womens,51.237318,-2.311568,Saturday,17:15,Alcoholics Anonymous,1,0,0
Marlborough,51.421795,-1.728643,Monday,20:00,Alcoholics Anonymous,1,0,0
Marlborough Living Sober,51.421795,-1.728643,Friday,19:00,Alcoholics Anonymous,1,0,0
Marlborough Step,51.421795,-1.728643,Tuesday,19:30,Alcoholics Anonymous,1,0,0
Melksham,51.37257,-2.137889,Friday,19:45,Alcoholics Anonymous,1,0,0
Pewsey Lunchtime As Bill Sees It,51.340239,-1.766856,Thursday,13:00,Alcoholics Anonymous,1,0,0
Pewsey Topic Discussion,51.340239,-1.766856,Saturday,18:00,Alcoholics Anonymous,1,0,0
Royal Wootton Bassett Big Book Study,51.542091,-1.907609,Wednesday,19:00,Alcoholics Anonymous,1,0,0
South Wraxall,51.383294,-2.241516,Monday,19:30,Alcoholics Anonymous,1,0,0
Tidworth,51.240393,-1.665033,Wednesday,19:30,Alcoholics Anonymous,1,0,0
Trowbridge,51.324627,-2.20481,Wednesday,19:30,Alcoholics Anonymous,1,0,0
Trowbridge Daily Reflection,51.323696,-2.20412,Tuesday,12:15,Alcoholics Anonymous,1,0,0
Warminster,51.205729,-2.181076,Tuesday,19:45,Alcoholics Anonymous,1,0,0
Bebington Big Book Step Study,53.35481,-3.004875,Wednesday,19:30,Alcoholics Anonymous,1,0,0
Birkenhead,53.390035,-3.020065,Saturday,12:00,Alcoholics Anonymous,1,0,0
Birkenhead,53.390035,-3.020065,Sunday,12:00,Alcoholics Anonymous,1,0,0
Birkenhead,53.390883,-3.030235,Tuesday,19:30,Alcoholics Anonymous,1,0,0
Birkenhead Afternoon,53.390035,-3.020065,Friday,12:30,Alcoholics Anonymous,1,0,0
Birkenhead St Catherines,53.380029,-3.026531,Saturday,19:30,Alcoholics Anonymous,1,0,0
Birkenhead St Peters Rock Ferry,53.368934,-3.001329,Thursday,19:30,Alcoholics Anonymous,1,0,0
Birkenhead Women In Recovery,53.379258,-3.015718,Thursday,11:45,Alcoholics Anonymous,1,0,0
Frankby,53.375086,-3.12992,Friday,13:30,Alcoholics Anonymous,1,0,0
Moreton,53.405153,-3.113749,Wednesday,19:30,Alcoholics Anonymous,1,0,0
New Ferry,53.361494,-3.000058,Tuesday,19:30,Alcoholics Anonymous,1,0,0
New Ferry Big Book Study,53.361494,-3.000058,Friday,19:30,Alcoholics Anonymous,1,0,0
"Upton Men For Men, Unity In Numbers",53.387705,-3.113653,Monday,19:30,Alcoholics Anonymous,1,0,0
Wallasey,53.427075,-3.066732,Sunday,19:30,Alcoholics Anonymous,1,0,0
Wallasey As Bill Sees It,53.427075,-3.066732,Wednesday,19:30,Alcoholics Anonymous,1,0,0
Wallasey Bringing The Book To Life,53.41713,-3.035442,Thursday,19:30,Alcoholics Anonymous,1,0,0
Wirral Lgbtq+,53.382263,-3.039514,Tuesday,19:30,Alcoholics Anonymous,1,0,0
Woodchurch Step,53.372526,-3.089869,Monday,19:30,Alcoholics Anonymous,1,0,0
Ardglass,54.262295,-5.609063,Monday,20:30,Alcoholics Anonymous,1,0,0
Ardglass,54.262295,-5.609063,Thursday,20:30,Alcoholics Anonymous,1,0,0
Aughnacloy,54.414291,-6.976073,Friday,20:30,Alcoholics Anonymous,1,0,0
Ballycastle AA,55.1995653,-6.255014,Wednesday,20:30,Alcoholics Anonymous,1,0,0
Ballycastle AA,55.1995653,-6.255014,Sunday,13:30,Alcoholics Anonymous,1,0,0
Ballynahinch,54.401662,-5.917103,Tuesday,20:30,Alcoholics Anonymous,1,0,0
Ballynahinch,54.401662,-5.917103,Friday,19:30,Alcoholics Anonymous,1,0,0
Ballynahinch,54.401662,-5.917103,Saturday,20:30,Alcoholics Anonymous,1,0,0
Ballynahinch,54.401662,-5.917103,Sunday,20:30,Alcoholics Anonymous,1,0,0
Bangor,54.660892,-5.665399,Tuesday,20:30,Alcoholics Anonymous,1,0,0
Bangor,54.660892,-5.665399,Wednesday,12:30,Alcoholics Anonymous,1,0,0
Bangor,54.660892,-5.665399,Thursday,20:30,Alcoholics Anonymous,1,0,0
Bangor,54.660892,-5.665399,Friday,20:30,Alcoholics Anonymous,1,0,0
Bangor,54.660892,-5.665399,Sunday,12:30,Alcoholics Anonymous,1,0,0
Belleek,54.4793247,-8.089211,Friday,20:30,Alcoholics Anonymous,1,0,0
Benburb Serenity Cottage,54.411342,-6.743651,Tuesday,14:00,Alcoholics Anonymous,1,0,0
Benburb Serenity Cottage,54.411342,-6.743651,Thursday,14:00,Alcoholics Anonymous,1,0,0
Benburb Serenity Cottage,54.411342,-6.743651,Sunday,19:00,Alcoholics Anonymous,1,0,0
Blackwatertown Group,54.411342,-6.743651,Friday,20:30,Alcoholics Anonymous,1,0,0
Blackwatertown The Womans Way,54.411342,-6.743651,Sunday,19:00,Alcoholics Anonymous,1,0,0
Carryduff,54.517971,-5.885764,Wednesday,20:00,Alcoholics Anonymous,1,0,0
Castlederg,54.713076,-7.591065,Wednesday,20:30,Alcoholics Anonymous,1,0,0
Castlederg,54.713076,-7.591065,Saturday,20:30,Alcoholics Anonymous,1,0,0
Castlewellan,54.282458,-5.904451,Monday,20:00,Alcoholics Anonymous,1,0,0
Castlewellan,54.282458,-5.904451,Wednesday,20:00,Alcoholics Anonymous,1,0,0
Coleraine West Bann Friday Night,55.129938,-6.677468,Friday,20:30,Alcoholics Anonymous,1,0,0
Coleraine West Bann Friday Night,55.129938,-6.677468,Sunday,11:30,Alcoholics Anonymous,1,0,0
Cookstown Group,54.646643,-6.75702,Tuesday,20:00,Alcoholics Anonymous,1,0,0
Cookstown Group,54.646643,-6.75702,Thursday,20:00,Alcoholics Anonymous,1,0,0
Crossgar,54.391054,-5.754939,Thursday,20:00,Alcoholics Anonymous,1,0,0
Crossmaglen,54.0814182,-6.5995805,Monday,20:30,Alcoholics Anonymous,1,0,0
Cushendall,55.080391,-6.064754,Tuesday,20:00,Alcoholics Anonymous,1,0,0
Derry Creggan AA,54.996329,-7.34452,Thursday,20:30,Alcoholics Anonymous,1,0,0
Derry Creggan AA,54.996329,-7.34452,Sunday,20:30,Alcoholics Anonymous,1,0,0
Derry Galliagh Three Legacies,55.031147,-7.316944,Thursday,20:30,Alcoholics Anonymous,1,0,0
Derry Galliagh Three Legacies,55.031147,-7.316944,Sunday,20:30,Alcoholics Anonymous,1,0,0
Derry Leafair,55.031147,-7.316944,Wednesday,20:30,Alcoholics Anonymous,1,0,0
Derry Leafair,55.031147,-7.316944,Saturday,20:30,Alcoholics Anonymous,1,0,0
Donaghadee,54.639286,-5.535934,Monday,20:00,Alcoholics Anonymous,1,0,0
Donaghadee,54.639286,-5.535934,Wednesday,20:00,Alcoholics Anonymous,1,0,0
Donaghadee,54.639286,-5.535934,Friday,20:00,Alcoholics Anonymous,1,0,0
Donaghadee,54.639286,-5.535934,Sunday,20:00,Alcoholics Anonymous,1,0,0
Downpatrick,54.32469,-5.713084,Friday,20:30,Alcoholics Anonymous,1,0,0
Draperstown AA,54.795579,-6.781544,Friday,20:30,Alcoholics Anonymous,1,0,0
Draperstown AA,54.795579,-6.781544,Sunday,11:30,Alcoholics Anonymous,1,0,0
Dromore Higher Power,54.513372,-7.458754,Friday,20:30,Alcoholics Anonymous,1,0,0
Dungannon Brocagh,54.558216,-6.603959,Thursday,20:30,Alcoholics Anonymous,1,0,0
Dungannon Brocagh,54.558216,-6.603959,Sunday,20:30,Alcoholics Anonymous,1,0,0
Dungannon Road Caledon,54.353259,-6.838692,Tuesday,20:00,Alcoholics Anonymous,1,0,0
Groomsport Alcoholics Anonymous,54.676044,-5.617067,Monday,20:30,Alcoholics Anonymous,1,0,0
Hilltown Group,54.201049,-6.131519,Sunday,20:30,Alcoholics Anonymous,1,0,0
Irvinestown,54.47205,-7.639624,Sunday,20:00,Alcoholics Anonymous,1,0,0
Kilkeel,54.068753,-6.034792,Tuesday,20:30,Alcoholics Anonymous,1,0,0
Kilkeel,54.068753,-6.034792,Sunday,20:30,Alcoholics Anonymous,1,0,0
Kilrea,54.9533729,-6.5654959,Monday,20:30,Alcoholics Anonymous,1,0,0
Larne,54.85317,-5.813474,Monday,20:00,Alcoholics Anonymous,1,0,0
Larne,54.85317,-5.813474,Friday,20:00,Alcoholics Anonymous,1,0,0
Lisnaskea First Group,54.252308,-7.442695,Tuesday,20:30,Alcoholics Anonymous,1,0,0
Lisnaskea First Group,54.252308,-7.442695,Friday,20:30,Alcoholics Anonymous,1,0,0
Magherafelt,54.755979,-6.605501,Tuesday,20:30,Alcoholics Anonymous,1,0,0
Magherafelt Moneymore,54.691382,-6.666681,Monday,20:00,Alcoholics Anonymous,1,0,0
Magherafelt Queen Street Group,54.754376,-6.609067,Thursday,11:00,Alcoholics Anonymous,1,0,0
Maghery,54.510463,-6.572161,Wednesday,20:30,Alcoholics Anonymous,1,0,0
Maghery,54.510463,-6.572161,Saturday,20:30,Alcoholics Anonymous,1,0,0
Newcastle,54.198889,-5.888792,Monday,12:30,Alcoholics Anonymous,1,0,0
Newcastle,54.198889,-5.888792,Tuesday,12:30,Alcoholics Anonymous,1,0,0
Newcastle,54.198889,-5.888792,Wednesday,12:30,Alcoholics Anonymous,1,0,0
Newcastle,54.198889,-5.888792,Thursday,12:30,Alcoholics Anonymous,1,0,0
Newcastle,54.198889,-5.888792,Thursday,20:30,Alcoholics Anonymous,1,0,0
Newcastle,54.198889,-5.888792,Friday,12:30,Alcoholics Anonymous,1,0,0
Newcastle,54.198889,-5.888792,Saturday,12:30,Alcoholics Anonymous,1,0,0
Newcastle,54.198889,-5.888792,Saturday,20:30,Alcoholics Anonymous,1,0,0
Newcastle,54.198889,-5.888792,Sunday,12:00,Alcoholics Anonymous,1,0,0
Newcastle South Down Recover,54.213373,-5.888221,Friday,18:30,Alcoholics Anonymous,1,0,0
Newry Old Dublin Road,54.124218,-6.35045,Monday,20:30,Alcoholics Anonymous,1,0,0
Newry Old Dublin Road,54.124218,-6.35045,Wednesday,20:30,Alcoholics Anonymous,1,0,0
Newry Old Dublin Road,54.124218,-6.35045,Friday,20:30,Alcoholics Anonymous,1,0,0
Newry Trevor Hill Group,54.178255,-6.334944,Monday,20:00,Alcoholics Anonymous,1,0,0
Newry Trevor Hill Group,54.178255,-6.334944,Wednesday,20:00,Alcoholics Anonymous,1,0,0
Newry Trevor Hill Group,54.178255,-6.334944,Friday,19:30,Alcoholics Anonymous,1,0,0
Newry Water Street,54.174585,-6.338506,Monday,10:30,Alcoholics Anonymous,1,0,0
Newry Water Street,54.174585,-6.338506,Tuesday,10:30,Alcoholics Anonymous,1,0,0
Newry Water Street,54.174585,-6.338506,Wednesday,10:30,Alcoholics Anonymous,1,0,0
Newry Water Street,54.174585,-6.338506,Thursday,10:30,Alcoholics Anonymous,1,0,0
Newry Water Street,54.174585,-6.338506,Friday,10:30,Alcoholics Anonymous,1,0,0
Newtownards North Down,54.594372,-5.706238,Monday,20:30,Alcoholics Anonymous,1,0,0
Newtownards North Down,54.594372,-5.706238,Tuesday,20:30,Alcoholics Anonymous,1,0,0
Newtownards North Down,54.594372,-5.706238,Friday,20:30,Alcoholics Anonymous,1,0,0
Newtownards North Down,54.594372,-5.706238,Saturday,20:30,Alcoholics Anonymous,1,0,0
Newtownards North Down,54.594372,-5.706238,Sunday,11:30,Alcoholics Anonymous,1,0,0
Newtownards North Down,54.594372,-5.706238,Sunday,19:00,Alcoholics Anonymous,1,0,0
Portrush,55.203014,-6.648706,Tuesday,20:00,Alcoholics Anonymous,1,0,0
Portrush,55.203014,-6.648706,Wednesday,14:00,Alcoholics Anonymous,1,0,0
Portrush,55.203014,-6.648706,Saturday,11:30,Alcoholics Anonymous,1,0,0
Portstewart,55.186251,-6.713361,Thursday,20:30,Alcoholics Anonymous,1,0,0
Roslea,54.239472,-7.17256,Monday,20:30,Alcoholics Anonymous,1,0,0
Rostrevor,54.102505,-6.194955,Tuesday,19:30,Alcoholics Anonymous,1,0,0
Rostrevor,54.102505,-6.194955,Friday,20:30,Alcoholics Anonymous,1,0,0
Rostrevor,54.102505,-6.194955,Sunday,10:30,Alcoholics Anonymous,1,0,0
Rostrevor,54.102505,-6.194955,Sunday,20:30,Alcoholics Anonymous,1,0,0
Strabane AA,54.825149,-7.460626,Tuesday,07:00,Alcoholics Anonymous,1,0,0
Strabane AA,54.825149,-7.460626,Wednesday,11:00,Alcoholics Anonymous,1,0,0
Strabane AA,54.825149,-7.460626,Thursday,20:30,Alcoholics Anonymous,1,0,0
Strabane AA,54.825149,-7.460626,Sunday,20:30,Alcoholics Anonymous,1,0,0
Toomebridge,54.75165,-6.460101,Friday,20:30,Alcoholics Anonymous,1,0,0
Warrenpoint,54.099365,-6.253704,Thursday,20:00,Alcoholics Anonymous,1,0,0
Warrenpoint Burren AA Group,54.127607,-6.26376,Tuesday,20:00,Alcoholics Anonymous,1,0,0
Warrenpoint Burren AA Group,54.127607,-6.26376,Thursday,13:00,Alcoholics Anonymous,1,0,0
Warrenpoint Burren AA Group,54.127607,-6.26376,Saturday,20:00,Alcoholics Anonymous,1,0,0
Whitehead Live,54.753563,-5.710369,Saturday,18:30,Alcoholics Anonymous,1,0,0
Antrim Greystone,54.710164,-6.181525,Tuesday,20:30,Alcoholics Anonymous,1,0,0
Antrim Greystone,54.710164,-6.181525,Thursday,20:30,Alcoholics Anonymous,1,0,0
Ballyclare,54.75043,-5.997259,Wednesday,20:00,Alcoholics Anonymous,1,0,0
Ballymena Mount Street,54.869333,-6.277162,Monday,20:30,Alcoholics Anonymous,1,0,0
Ballymena Mount Street,54.869333,-6.277162,Tuesday,20:30,Alcoholics Anonymous,1,0,0
Ballymena Mount Street,54.869333,-6.277162,Wednesday,12:00,Alcoholics Anonymous,1,0,0
Ballymena Mount Street,54.869333,-6.277162,Wednesday,20:30,Alcoholics Anonymous,1,0,0
Ballymena Mount Street,54.869333,-6.277162,Thursday,20:30,Alcoholics Anonymous,1,0,0
Ballymena Mount Street,54.869333,-6.277162,Friday,12:30,Alcoholics Anonymous,1,0,0
Ballymena Mount Street,54.869333,-6.277162,Friday,20:30,Alcoholics Anonymous,1,0,0
Ballymena Mount Street,54.869333,-6.277162,Saturday,14:00,Alcoholics Anonymous,1,0,0
Ballymena Mount Street,54.869333,-6.277162,Saturday,20:30,Alcoholics Anonymous,1,0,0
Ballymena Mount Street,54.869333,-6.277162,Sunday,11:30,Alcoholics Anonymous,1,0,0
Ballymena Mount Street,54.869333,-6.277162,Sunday,20:30,Alcoholics Anonymous,1,0,0
Ballymoney,55.0675068,-6.516587,Tuesday,20:00,Alcoholics Anonymous,1,0,0
Belfast 174,54.612233,-5.9367,Monday,12:30,Alcoholics Anonymous,1,0,0
Belfast 174,54.612233,-5.9367,Monday,20:30,Alcoholics Anonymous,1,0,0
Belfast 174,54.612233,-5.9367,Tuesday,12:30,Alcoholics Anonymous,1,0,0
Belfast 174,54.612233,-5.9367,Tuesday,20:30,Alcoholics Anonymous,1,0,0
Belfast 174,54.612233,-5.9367,Wednesday,12:30,Alcoholics Anonymous,1,0,0
Belfast 174,54.612233,-5.9367,Wednesday,20:30,Alcoholics Anonymous,1,0,0
Belfast 174,54.612233,-5.9367,Thursday,12:30,Alcoholics Anonymous,1,0,0
Belfast 174,54.612233,-5.9367,Thursday,20:30,Alcoholics Anonymous,1,0,0
Belfast 174,54.612233,-5.9367,Friday,12:30,Alcoholics Anonymous,1,0,0
Belfast 174,54.612233,-5.9367,Friday,20:30,Alcoholics Anonymous,1,0,0
Belfast 174,54.612233,-5.9367,Sunday,12:30,Alcoholics Anonymous,1,0,0
Belfast 62 Lisburn Road,54.578299,-5.951099,Monday,12:30,Alcoholics Anonymous,1,0,0
Belfast 62 Lisburn Road,54.578299,-5.951099,Monday,19:30,Alcoholics Anonymous,1,0,0
Belfast 62 Lisburn Road,54.578299,-5.951099,Tuesday,19:30,Alcoholics Anonymous,1,0,0
Belfast 62 Lisburn Road,54.578299,-5.951099,Wednesday,19:30,Alcoholics Anonymous,1,0,0
Belfast 62 Lisburn Road,54.578299,-5.951099,Thursday,12:30,Alcoholics Anonymous,1,0,0
Belfast 62 Lisburn Road,54.578299,-5.951099,Thursday,19:30,Alcoholics Anonymous,1,0,0
Belfast 62 Lisburn Road,54.578299,-5.951099,Friday,19:30,Alcoholics Anonymous,1,0,0
Belfast 62 Lisburn Road,54.578299,-5.951099,Saturday,19:30,Alcoholics Anonymous,1,0,0
Belfast 62 Lisburn Road,54.578299,-5.951099,Sunday,11:30,Alcoholics Anonymous,1,0,0
Belfast 62 Lisburn Road,54.578299,-5.951099,Sunday,19:30,Alcoholics Anonymous,1,0,0
Belfast Andersonstown Group,54.574081,-5.98999,Monday,20:00,Alcoholics Anonymous,1,0,0
Belfast Antrim Road Group,54.609663,-5.935127,Tuesday,20:00,Alcoholics Anonymous,1,0,0
Belfast Antrim Road Group,54.609663,-5.935127,Friday,20:00,Alcoholics Anonymous,1,0,0
Belfast Antrim Road Group,54.609663,-5.935127,Saturday,20:00,Alcoholics Anonymous,1,0,0
Belfast Antrim Road Group,54.609663,-5.935127,Sunday,20:00,Alcoholics Anonymous,1,0,0
Belfast Ballyowen,54.573663,-5.994573,Tuesday,19:00,Alcoholics Anonymous,1,0,0
Belfast Ballyowen,54.573663,-5.994573,Thursday,19:00,Alcoholics Anonymous,1,0,0
Belfast Central,54.600253,-5.925498,Wednesday,12:30,Alcoholics Anonymous,1,0,0
Belfast Central,54.600253,-5.925498,Friday,12:30,Alcoholics Anonymous,1,0,0
Belfast Crumlin Road Group,54.61262,-5.962703,Wednesday,20:30,Alcoholics Anonymous,1,0,0
Belfast Crumlin Road Group,54.61262,-5.962703,Saturday,11:00,Alcoholics Anonymous,1,0,0
Belfast Derryvolgie,54.578167,-5.943836,Monday,19:00,Alcoholics Anonymous,1,0,0
Belfast Derryvolgie,54.578167,-5.943836,Thursday,19:00,Alcoholics Anonymous,1,0,0
Belfast Donegal Pass,54.591193,-5.929007,Thursday,12:00,Alcoholics Anonymous,1,0,0
Belfast Dunmurry AA,54.551727,-5.998139,Wednesday,20:00,Alcoholics Anonymous,1,0,0
Belfast Dunmurry AA,54.551727,-5.998139,Sunday,20:00,Alcoholics Anonymous,1,0,0
Belfast Early Birds,54.599597,-5.932836,Tuesday,18:00,Alcoholics Anonymous,1,0,0
Belfast Early Birds,54.599597,-5.932836,Thursday,18:00,Alcoholics Anonymous,1,0,0
Belfast Early Birds,54.599597,-5.932836,Saturday,08:00,Alcoholics Anonymous,1,0,0
Belfast East End,54.598614,-5.899243,Monday,12:00,Alcoholics Anonymous,1,0,0
Belfast East End,54.598614,-5.899243,Monday,19:30,Alcoholics Anonymous,1,0,0
Belfast East End,54.598614,-5.899243,Tuesday,12:00,Alcoholics Anonymous,1,0,0
Belfast East End,54.598614,-5.899243,Tuesday,19:30,Alcoholics Anonymous,1,0,0
Belfast East End,54.598614,-5.899243,Wednesday,12:00,Alcoholics Anonymous,1,0,0
Belfast East End,54.598614,-5.899243,Wednesday,19:30,Alcoholics Anonymous,1,0,0
Belfast East End,54.598614,-5.899243,Thursday,12:00,Alcoholics Anonymous,1,0,0
Belfast East End,54.598614,-5.899243,Thursday,19:30,Alcoholics Anonymous,1,0,0
Belfast East End,54.598614,-5.899243,Friday,12:00,Alcoholics Anonymous,1,0,0
Belfast East End,54.598614,-5.899243,Friday,19:30,Alcoholics Anonymous,1,0,0
Belfast East End,54.598614,-5.899243,Saturday,12:00,Alcoholics Anonymous,1,0,0
Belfast East End,54.598614,-5.899243,Saturday,14:30,Alcoholics Anonymous,1,0,0
Belfast East End,54.598614,-5.899243,Saturday,19:30,Alcoholics Anonymous,1,0,0
Belfast East End,54.598614,-5.899243,Sunday,12:00,Alcoholics Anonymous,1,0,0
Belfast East End,54.598614,-5.899243,Sunday,19:30,Alcoholics Anonymous,1,0,0
Belfast Lisburn Road Group,54.578299,-5.951099,Monday,20:00,Alcoholics Anonymous,1,0,0
Belfast Lisburn Road Group,54.578299,-5.951099,Tuesday,20:00,Alcoholics Anonymous,1,0,0
Belfast Lisburn Road Group,54.578299,-5.951099,Wednesday,12:30,Alcoholics Anonymous,1,0,0
Belfast Lisburn Road Group,54.578299,-5.951099,Wednesday,20:00,Alcoholics Anonymous,1,0,0
Belfast Lisburn Road Group,54.578299,-5.951099,Thursday,20:00,Alcoholics Anonymous,1,0,0
Belfast Lisburn Road Group,54.578299,-5.951099,Friday,20:00,Alcoholics Anonymous,1,0,0
Belfast Lisburn Road Group,54.578299,-5.951099,Saturday,12:30,Alcoholics Anonymous,1,0,0
Belfast Lisburn Road Group,54.578299,-5.951099,Saturday,18:00,Alcoholics Anonymous,1,0,0
Belfast Lisburn Road Group,54.578299,-5.951099,Sunday,18:00,Alcoholics Anonymous,1,0,0
Belfast Morning Star,54.598986,-5.944411,Tuesday,10:00,Alcoholics Anonymous,1,0,0
Belfast Morning Star,54.598986,-5.944411,Friday,10:00,Alcoholics Anonymous,1,0,0
Belfast Oldpark Group,54.613674,-5.950111,Monday,18:30,Alcoholics Anonymous,1,0,0
Belfast Oldpark Group,54.613674,-5.950111,Friday,18:30,Alcoholics Anonymous,1,0,0
Belfast The Loft,54.588061,-5.97004,Monday,20:30,Alcoholics Anonymous,1,0,0
Belfast The Loft,54.588061,-5.97004,Wednesday,20:30,Alcoholics Anonymous,1,0,0
Belfast The Loft,54.588061,-5.97004,Thursday,20:30,Alcoholics Anonymous,1,0,0
Belfast The Loft,54.588061,-5.97004,Friday,20:30,Alcoholics Anonymous,1,0,0
Belfast The Loft,54.588061,-5.97004,Saturday,12:30,Alcoholics Anonymous,1,0,0
Belfast The Loft,54.588061,-5.97004,Saturday,20:30,Alcoholics Anonymous,1,0,0
Belfast The Loft,54.588061,-5.97004,Sunday,12:30,Alcoholics Anonymous,1,0,0
Belfast The Loft,54.588061,-5.97004,Sunday,20:30,Alcoholics Anonymous,1,0,0
Belfast The Stables,54.581356,-5.989771,Thursday,20:00,Alcoholics Anonymous,1,0,0
Belfast The Stables,54.581356,-5.989771,Sunday,20:00,Alcoholics Anonymous,1,0,0
Belfast Twinbrook,54.554861,-6.023151,Friday,20:00,Alcoholics Anonymous,1,0,0
Belfast West Kirk,54.604138,-5.952618,Wednesday,20:30,Alcoholics Anonymous,1,0,0
Carrickfergus,54.721621,-5.81254,Sunday,19:30,Alcoholics Anonymous,1,0,0
Crumlin,54.621441,-6.214609,Wednesday,19:00,Alcoholics Anonymous,1,0,0
Holywood Group,54.640637,-5.834955,Tuesday,20:00,Alcoholics Anonymous,1,0,0
Holywood Group,54.640637,-5.834955,Saturday,19:00,Alcoholics Anonymous,1,0,0
Holywood Group,54.640637,-5.834955,Sunday,19:00,Alcoholics Anonymous,1,0,0
Lisburn 23 Railway Street,54.51214,-6.043159,Monday,19:30,Alcoholics Anonymous,1,0,0
Lisburn 23 Railway Street,54.51214,-6.043159,Tuesday,12:30,Alcoholics Anonymous,1,0,0
Lisburn 23 Railway Street,54.51214,-6.043159,Tuesday,19:30,Alcoholics Anonymous,1,0,0
Lisburn 23 Railway Street,54.51214,-6.043159,Thursday,19:30,Alcoholics Anonymous,1,0,0
Lisburn 23 Railway Street,54.51214,-6.043159,Friday,12:30,Alcoholics Anonymous,1,0,0
Lisburn 23 Railway Street,54.51214,-6.043159,Saturday,12:30,Alcoholics Anonymous,1,0,0
Lisburn 23 Railway Street,54.51214,-6.043159,Saturday,19:30,Alcoholics Anonymous,1,0,0
Lisburn 23 Railway Street,54.51214,-6.043159,Sunday,12:30,Alcoholics Anonymous,1,0,0
Lisburn 23 Railway Street,54.51214,-6.043159,Sunday,19:30,Alcoholics Anonymous,1,0,0
Lisburn Bridge Group,54.513169,-6.044006,Wednesday,19:30,Alcoholics Anonymous,1,0,0
Lisburn Bridge Group,54.513169,-6.044006,Friday,19:30,Alcoholics Anonymous,1,0,0
Lisburn Central,54.513169,-6.044006,Monday,19:00,Alcoholics Anonymous,1,0,0
Lisburn Central,54.513169,-6.044006,Wednesday,12:30,Alcoholics Anonymous,1,0,0
Newtownabbey Abbey,54.676235,-5.89353,Monday,19:30,Alcoholics Anonymous,1,0,0
Newtownabbey Abbey,54.676235,-5.89353,Thursday,12:00,Alcoholics Anonymous,1,0,0
Newtownabbey Abbey,54.676235,-5.89353,Saturday,12:00,Alcoholics Anonymous,1,0,0
Newtownabbey Glengormley,54.666784,-5.951156,Tuesday,20:00,Alcoholics Anonymous,1,0,0
Randalstown AA,54.749798,-6.311567,Wednesday,20:00,Alcoholics Anonymous,1,0,0
Templepatrick,54.700018,-6.104522,Monday,19:00,Alcoholics Anonymous,1,0,0
Armagh Cathedral Road,54.35116,-6.65796,Friday,20:00,Alcoholics Anonymous,1,0,0
Armagh Railway Street,54.353454,-6.655055,Monday,12:30,Alcoholics Anonymous,1,0,0
Armagh Railway Street,54.353454,-6.655055,Tuesday,20:30,Alcoholics Anonymous,1,0,0
Armagh Railway Street,54.353454,-6.655055,Wednesday,12:30,Alcoholics Anonymous,1,0,0
Armagh Railway Street,54.353454,-6.655055,Thursday,20:30,Alcoholics Anonymous,1,0,0
Armagh Railway Street,54.353454,-6.655055,Saturday,12:30,Alcoholics Anonymous,1,0,0
Armagh Railway Street,54.353454,-6.655055,Sunday,10:30,Alcoholics Anonymous,1,0,0
Camlough,54.186735,-6.411921,Monday,13:00,Alcoholics Anonymous,1,0,0
Camlough,54.186735,-6.411921,Tuesday,20:30,Alcoholics Anonymous,1,0,0
Camlough,54.186735,-6.411921,Thursday,20:30,Alcoholics Anonymous,1,0,0
Camlough,54.186735,-6.411921,Sunday,11:00,Alcoholics Anonymous,1,0,0
Camlough,54.186735,-6.411921,Sunday,20:30,Alcoholics Anonymous,1,0,0
Craigavon Hub,54.446552,-6.364078,Saturday,11:00,Alcoholics Anonymous,1,0,0
Keady,54.251034,-6.687757,Tuesday,20:30,Alcoholics Anonymous,1,0,0
Lurgan Aghagallon Group,54.507052,-6.30594,Thursday,20:30,Alcoholics Anonymous,1,0,0
Lurgan Pinebank,54.462939,-6.334476,Tuesday,20:00,Alcoholics Anonymous,1,0,0
Lurgan Pinebank,54.462939,-6.334476,Friday,20:00,Alcoholics Anonymous,1,0,0
Lurgan Pinebank,54.462939,-6.334476,Saturday,20:00,Alcoholics Anonymous,1,0,0
Lurgan Pinebank,54.462939,-6.334476,Sunday,11:30,Alcoholics Anonymous,1,0,0
Lurgan Pinebank,54.462939,-6.334476,Sunday,20:00,Alcoholics Anonymous,1,0,0
Newry Bessbrook,54.19401,-6.386758,Tuesday,13:00,Alcoholics Anonymous,1,0,0
Newry Bessbrook,54.19401,-6.386758,Saturday,13:00,Alcoholics Anonymous,1,0,0
Newry Canal Quay,54.178342,-6.338616,Monday,20:30,Alcoholics Anonymous,1,0,0
Newry Canal Quay,54.178342,-6.338616,Tuesday,20:00,Alcoholics Anonymous,1,0,0
Newry Canal Quay,54.178342,-6.338616,Thursday,20:30,Alcoholics Anonymous,1,0,0
Newry Canal Quay,54.178342,-6.338616,Friday,20:30,Alcoholics Anonymous,1,0,0
Newry Canal Quay,54.178342,-6.338616,Sunday,20:30,Alcoholics Anonymous,1,0,0
Newry Newtownhamilton,54.190134,-6.577497,Wednesday,20:30,Alcoholics Anonymous,1,0,0
Portadown Drumcree,54.430918,-6.454729,Monday,20:30,Alcoholics Anonymous,1,0,0
Portadown Drumcree,54.430918,-6.454729,Wednesday,20:30,Alcoholics Anonymous,1,0,0
Portadown Drumcree,54.430918,-6.454729,Friday,20:30,Alcoholics Anonymous,1,0,0
Richill,54.371936,-6.550398,Sunday,20:30,Alcoholics Anonymous,1,0,0
Derry Foyle,55.000648,-7.340871,Monday,20:30,Alcoholics Anonymous,1,0,0
Derry Foyle,55.000648,-7.340871,Wednesday,20:30,Alcoholics Anonymous,1,0,0
Derry Foyle,55.000648,-7.340871,Friday,20:30,Alcoholics Anonymous,1,0,0
Derry Foyle,55.000648,-7.340871,Saturday,20:30,Alcoholics Anonymous,1,0,0
Derry Foyle,55.000648,-7.340871,Sunday,11:30,Alcoholics Anonymous,1,0,0
Derry Queen Street AA,55.000638,-7.324338,Monday,11:30,Alcoholics Anonymous,1,0,0
Derry Queen Street AA,55.000638,-7.324338,Tuesday,11:30,Alcoholics Anonymous,1,0,0
Derry Queen Street AA,55.000638,-7.324338,Tuesday,20:30,Alcoholics Anonymous,1,0,0
Derry Queen Street AA,55.000638,-7.324338,Wednesday,11:30,Alcoholics Anonymous,1,0,0
Derry Queen Street AA,55.000638,-7.324338,Thursday,11:30,Alcoholics Anonymous,1,0,0
Derry Queen Street AA,55.000638,-7.324338,Thursday,20:30,Alcoholics Anonymous,1,0,0
Derry Queen Street AA,55.000638,-7.324338,Friday,11:30,Alcoholics Anonymous,1,0,0
Derry Queen Street AA,55.000638,-7.324338,Saturday,11:30,Alcoholics Anonymous,1,0,0
Derry Queen Street AA,55.000638,-7.324338,Sunday,17:30,Alcoholics Anonymous,1,0,0
Dungiven,54.928565,-6.927762,Saturday,20:00,Alcoholics Anonymous,1,0,0
Dungiven Step,54.928565,-6.927762,Thursday,20:30,Alcoholics Anonymous,1,0,0
Limavady AA,55.047582,-6.939103,Sunday,20:00,Alcoholics Anonymous,1,0,0
Limavady Magilligan Group,55.044856,-6.927332,Wednesday,20:30,Alcoholics Anonymous,1,0,0
Maghera,54.755587,-6.608932,Wednesday,20:30,Alcoholics Anonymous,1,0,0
Waterside Derry First Derry,54.99552,-7.307191,Monday,20:00,Alcoholics Anonymous,1,0,0
Waterside Derry First Derry,54.99552,-7.307191,Wednesday,20:00,Alcoholics Anonymous,1,0,0
Waterside Derry First Derry,54.99552,-7.307191,Friday,20:00,Alcoholics Anonymous,1,0,0
Waterside Derry First Derry,54.99552,-7.307191,Sunday,15:00,Alcoholics Anonymous,1,0,0
Enniskillen Monday Night,54.346837,-7.642259,Monday,20:30,Alcoholics Anonymous,1,0,0
Enniskillen Recovery Group,54.346837,-7.642259,Monday,13:00,Alcoholics Anonymous,1,0,0
Enniskillen Recovery Group,54.346837,-7.642259,Friday,13:00,Alcoholics Anonymous,1,0,0
Enniskillen Reflections,54.346837,-7.642259,Tuesday,20:30,Alcoholics Anonymous,1,0,0
Enniskillen Reflections,54.346837,-7.642259,Thursday,20:00,Alcoholics Anonymous,1,0,0
Enniskillen Saturday Night Group,54.344231,-7.632963,Saturday,20:30,Alcoholics Anonymous,1,0,0
Lisnaskea Lunchtime Meeting,54.255784,-7.448187,Thursday,13:00,Alcoholics Anonymous,1,0,0
Ballygawley,54.461939,-7.027932,Saturday,20:30,Alcoholics Anonymous,1,0,0
Beragh Sixmilecross & Beragh Group,54.550499,-7.16102,Monday,20:30,Alcoholics Anonymous,1,0,0
Carrickmore,54.5873069,-7.0418529,Thursday,20:00,Alcoholics Anonymous,1,0,0
Coalisland,54.541204,-6.703568,Friday,20:30,Alcoholics Anonymous,1,0,0
Cookstown Dunamore Group,54.654817,-6.808739,Monday,20:30,Alcoholics Anonymous,1,0,0
Dungannon Heart Of Hope,54.503033,-6.771681,Tuesday,19:00,Alcoholics Anonymous,1,0,0
Dungannon Heart Of Hope,54.503033,-6.771681,Saturday,19:00,Alcoholics Anonymous,1,0,0
Dungannon Third Legacy,54.505484,-6.769693,Monday,19:00,Alcoholics Anonymous,1,0,0
Dungannon Third Legacy,54.505484,-6.769693,Monday,20:30,Alcoholics Anonymous,1,0,0
Dungannon Third Legacy,54.505484,-6.769693,Tuesday,12:30,Alcoholics Anonymous,1,0,0
Dungannon Third Legacy,54.505484,-6.769693,Wednesday,20:30,Alcoholics Anonymous,1,0,0
Dungannon Third Legacy,54.505484,-6.769693,Saturday,10:30,Alcoholics Anonymous,1,0,0
Dungannon Third Legacy,54.505484,-6.769693,Sunday,11:30,Alcoholics Anonymous,1,0,0
Dungannon Third Legacy,54.505484,-6.769693,Sunday,19:00,Alcoholics Anonymous,1,0,0
Omagh Cloughfin AA,54.6351234,-6.8811491,Friday,20:30,Alcoholics Anonymous,1,0,0
Omagh Gortmore,54.602705,-7.3093,Tuesday,20:30,Alcoholics Anonymous,1,0,0
Omagh Gortmore,54.602705,-7.3093,Friday,20:30,Alcoholics Anonymous,1,0,0
Omagh Greencastle Country Group,54.692109,-7.087182,Wednesday,20:30,Alcoholics Anonymous,1,0,0
Omagh Killyclogher Group,54.60895,-7.269869,Thursday,20:30,Alcoholics Anonymous,1,0,0
Omagh Killyclogher Group,54.60895,-7.269869,Saturday,20:30,Alcoholics Anonymous,1,0,0
Omagh Serenity,54.600542,-7.30813,Sunday,20:30,Alcoholics Anonymous,1,0,0
Pomeroy,54.594967,-6.933902,Tuesday,20:30,Alcoholics Anonymous,1,0,0
Strabane Sion Mills,54.784005,-7.480742,Tuesday,20:30,Alcoholics Anonymous,1,0,0
Abbeyfeale,52.3870384,-9.2912653,Wednesday,15:00,Alcoholics Anonymous,1,0,0
Abbeyfeale,52.3870384,-9.2912653,Friday,20:30,Alcoholics Anonymous,1,0,0
Abbeyfeale,52.3870384,-9.2912653,Sunday,10:30,Alcoholics Anonymous,1,0,0
Abbeyfeale Mountcollins,52.3218899,-9.2079354,Tuesday,20:30,Alcoholics Anonymous,1,0,0
Abbeyleix AA Group,52.9136815,-7.3507827,Wednesday,20:30,Alcoholics Anonymous,1,0,0
Adare,52.563473,-8.7930446,Sunday,20:30,Alcoholics Anonymous,1,0,0
Ardee Recovery Group,53.8568699,-6.5492463,Tuesday,20:30,Alcoholics Anonymous,1,0,0
Ardee Recovery Group,53.8568699,-6.5492463,Saturday,20:30,Alcoholics Anonymous,1,0,0
Ashford AA,52.3597394,-9.0592141,Sunday,10:30,Alcoholics Anonymous,1,0,0
Askeaton Limerick,52.6026898,-8.9732386,Thursday,20:30,Alcoholics Anonymous,1,0,0
Askeaton Limerick,52.6026898,-8.9732386,Sunday,10:00,Alcoholics Anonymous,1,0,0
Athboy Group,53.6202233,-6.9213359,Sunday,20:00,Alcoholics Anonymous,1,0,0
Athboy Road Group,53.5647266,-6.800454,Tuesday,20:00,Alcoholics Anonymous,1,0,0
Athboy Road Group,53.5647266,-6.800454,Thursday,18:30,Alcoholics Anonymous,1,0,0
Athboy Road Group,53.5647266,-6.800454,Sunday,11:00,Alcoholics Anonymous,1,0,0
Athea,52.4606497,-9.287626,Saturday,21:00,Alcoholics Anonymous,1,0,0
Athleague Angling Centre,53.5697725,-8.2611981,Friday,20:30,Alcoholics Anonymous,1,0,0
Athlone Bower,53.4224561,-7.9221458,Saturday,20:00,Alcoholics Anonymous,1,0,0
Athlone Dr. Dobbs,53.4217152,-7.9459879,Thursday,20:15,Alcoholics Anonymous,1,0,0
Athlone St. Kieran’S Group,53.4315567,-7.9429329,Sunday,12:30,Alcoholics Anonymous,1,0,0
Athlone St. Mary’S,53.4235429,-7.9337144,Monday,13:00,Alcoholics Anonymous,1,0,0
Athlone St. Mary’S,53.4235429,-7.9337144,Tuesday,13:00,Alcoholics Anonymous,1,0,0
Athlone St. Mary’S,53.4235429,-7.9337144,Wednesday,13:00,Alcoholics Anonymous,1,0,0
Athlone St. Mary’S,53.4235429,-7.9337144,Thursday,13:00,Alcoholics Anonymous,1,0,0
Athlone St. Mary’S,53.4235429,-7.9337144,Friday,13:00,Alcoholics Anonymous,1,0,0
Athlone St. Mary’S,53.4235429,-7.9337144,Saturday,13:00,Alcoholics Anonymous,1,0,0
Athlone Young At Heart AA Group,53.4235426,-7.9816531,Wednesday,20:00,Alcoholics Anonymous,1,0,0
Athlone Young At Heart AA Group,53.4235426,-7.9816531,Saturday,09:00,Alcoholics Anonymous,1,0,0
Athy Group,52.9965726,-6.9932767,Friday,20:30,Alcoholics Anonymous,1,0,0
Athy Group,52.9965726,-6.9932767,Sunday,11:30,Alcoholics Anonymous,1,0,0
Athy Live & Let Live 1,52.9965726,-6.9932767,Monday,20:30,Alcoholics Anonymous,1,0,0
Athy Live & Let Live 2,52.991317,-6.9895313,Tuesday,20:30,Alcoholics Anonymous,1,0,0
Athy Live & Let Live 2,52.991317,-6.9895313,Saturday,20:30,Alcoholics Anonymous,1,0,0
Bagenalstown,52.701651,-6.9560305,Wednesday,20:30,Alcoholics Anonymous,1,0,0
Bailieborough Group AA,53.9133881,-6.9699934,Wednesday,20:30,Alcoholics Anonymous,1,0,0
Balbriggan Cairde,53.6073749,-6.1789663,Tuesday,20:00,Alcoholics Anonymous,1,0,0
Balbriggan Cairde,53.6073749,-6.1789663,Sunday,19:30,Alcoholics Anonymous,1,0,0
Ballaghaderreen,53.9043663,-8.5768953,Tuesday,20:30,Alcoholics Anonymous,1,0,0
Ballaghaderreen,53.9043663,-8.5768953,Friday,20:30,Alcoholics Anonymous,1,0,0
Ballina Big Book Group,54.1141382,-9.1588592,Monday,20:30,Alcoholics Anonymous,1,0,0
Ballina Big Book Group,54.1141382,-9.1588592,Tuesday,13:00,Alcoholics Anonymous,1,0,0
Ballina Big Book Group,54.1141382,-9.1588592,Tuesday,20:30,Alcoholics Anonymous,1,0,0
Ballina Big Book Group,54.1141382,-9.1588592,Thursday,13:00,Alcoholics Anonymous,1,0,0
Ballina Big Book Group,54.1141382,-9.1588592,Thursday,18:00,Alcoholics Anonymous,1,0,0
Ballina Big Book Group,54.1141382,-9.1588592,Saturday,13:00,Alcoholics Anonymous,1,0,0
Ballina Big Book Group,54.1141382,-9.1588592,Sunday,18:00,Alcoholics Anonymous,1,0,0
Ballina Matt Talbot,54.1125844,-9.1554942,Wednesday,20:30,Alcoholics Anonymous,1,0,0
Ballina Matt Talbot,54.1125844,-9.1554942,Thursday,20:30,Alcoholics Anonymous,1,0,0
Ballina Matt Talbot,54.1125844,-9.1554942,Saturday,20:30,Alcoholics Anonymous,1,0,0
Ballinacarrow,54.1336551,-8.5617615,Wednesday,20:30,Alcoholics Anonymous,1,0,0
Ballinamore,54.0550769,-7.7945193,Tuesday,20:30,Alcoholics Anonymous,1,0,0
Ballinamore,54.0550769,-7.7945193,Friday,20:30,Alcoholics Anonymous,1,0,0
Ballinasloe,53.3252373,-8.2363778,Monday,20:30,Alcoholics Anonymous,1,0,0
Ballinasloe,53.3252373,-8.2363778,Saturday,20:30,Alcoholics Anonymous,1,0,0
Ballinrobe,53.6231605,-9.2230011,Tuesday,20:30,Alcoholics Anonymous,1,0,0
Ballinrobe,53.6231605,-9.2230011,Friday,20:30,Alcoholics Anonymous,1,0,0
Ballinskelligs,51.8336219,-10.2642501,Thursday,20:30,Alcoholics Anonymous,1,0,0
Ballinskelligs,51.8336219,-10.2642501,Sunday,20:30,Alcoholics Anonymous,1,0,0
Ballintubber,53.7471184,-9.2989859,Sunday,12:00,Alcoholics Anonymous,1,0,0
Ballybay Corfad,54.1362048,-6.9102821,Monday,20:30,Alcoholics Anonymous,1,0,0
Ballybay Corfad,54.1362048,-6.9102821,Thursday,13:00,Alcoholics Anonymous,1,0,0
Ballybay Corfad,54.1362048,-6.9102821,Friday,20:30,Alcoholics Anonymous,1,0,0
Ballybay Corfad,54.1362048,-6.9102821,Saturday,11:30,Alcoholics Anonymous,1,0,0
Ballybay Friday Night Group,54.1362048,-6.9102821,Friday,20:30,Alcoholics Anonymous,1,0,0
Ballybunion,52.5172099,-9.6753928,Monday,20:00,Alcoholics Anonymous,1,0,0
Ballybunion,52.5172099,-9.6753928,Saturday,20:00,Alcoholics Anonymous,1,0,0
Ballydesmond,52.2106046,-9.1879469,Monday,20:30,Alcoholics Anonymous,1,0,0
Ballygarrett,52.5729847,-6.2299674,Tuesday,20:30,Alcoholics Anonymous,1,0,0
Ballygarrett,52.5729847,-6.2299674,Saturday,20:30,Alcoholics Anonymous,1,0,0
Ballyhaunis,53.7629994,-8.762378,Sunday,20:30,Alcoholics Anonymous,1,0,0
Ballyjamesduff Kilnacrott,53.860578,-7.2059941,Tuesday,20:30,Alcoholics Anonymous,1,0,0
Ballyjamesduff Kilnacrott,53.860578,-7.2059941,Thursday,20:30,Alcoholics Anonymous,1,0,0
Ballyminoge Scarriff,52.9098751,-8.5322755,Wednesday,20:30,Alcoholics Anonymous,1,0,0
Ballymote AA Group,54.0868241,-8.5142428,Saturday,19:30,Alcoholics Anonymous,1,0,0
Bangor Erris,54.1446484,-9.7428784,Saturday,21:00,Alcoholics Anonymous,1,0,0
Belmont,52.2708996,-7.093876,Monday,20:00,Alcoholics Anonymous,1,0,0
Belmont,52.2708996,-7.093876,Friday,20:00,Alcoholics Anonymous,1,0,0
Belmullet,54.2156866,-9.9798541,Tuesday,21:00,Alcoholics Anonymous,1,0,0
Belmullet,54.2156866,-9.9798541,Sunday,19:00,Alcoholics Anonymous,1,0,0
Birr,53.1249312,-7.7892762,Tuesday,20:30,Alcoholics Anonymous,1,0,0
Birr,53.1249312,-7.7892762,Friday,20:30,Alcoholics Anonymous,1,0,0
Birr,53.1249312,-7.7892762,Sunday,20:30,Alcoholics Anonymous,1,0,0
Birr St Francis Group,53.0959311,-7.9077608,Thursday,20:30,Alcoholics Anonymous,1,0,0
Blacklion AA,54.2917654,-7.8788772,Tuesday,20:30,Alcoholics Anonymous,1,0,0
Blessington Group,53.1688545,-6.5342621,Tuesday,20:30,Alcoholics Anonymous,1,0,0
Blessington Group,53.1688545,-6.5342621,Saturday,11:00,Alcoholics Anonymous,1,0,0
Borrisokane AA Group,53.0011146,-8.1181414,Monday,20:30,Alcoholics Anonymous,1,0,0
Borrisoleigh,52.7500376,-7.9570187,Sunday,19:00,Alcoholics Anonymous,1,0,0
Boyle,53.9739817,-8.293922,Monday,20:30,Alcoholics Anonymous,1,0,0
Boyle Thursday Midday Group,53.9700682,-8.3010221,Thursday,12:00,Alcoholics Anonymous,1,0,0
Bray,53.209024,-6.1166464,Monday,13:00,Alcoholics Anonymous,1,0,0
Bray,53.209024,-6.1166464,Monday,20:30,Alcoholics Anonymous,1,0,0
Bray,53.209024,-6.1166464,Tuesday,13:00,Alcoholics Anonymous,1,0,0
Bray,53.209024,-6.1166464,Wednesday,13:00,Alcoholics Anonymous,1,0,0
Bray,53.209024,-6.1166464,Thursday,13:00,Alcoholics Anonymous,1,0,0
Bray,53.209024,-6.1166464,Friday,13:00,Alcoholics Anonymous,1,0,0
Bray,53.209024,-6.1166464,Saturday,13:00,Alcoholics Anonymous,1,0,0
Bray Town Centre Living Sober,53.2033718,-6.1068137,Saturday,10:30,Alcoholics Anonymous,1,0,0
Bridgetown,52.232363,-6.5529509,Tuesday,20:30,Alcoholics Anonymous,1,0,0
Broadford,52.3455286,-8.9752937,Wednesday,20:30,Alcoholics Anonymous,1,0,0
Bruree,52.4169493,-8.6600033,Tuesday,20:30,Alcoholics Anonymous,1,0,0
Bruree,52.4169493,-8.6600033,Friday,20:30,Alcoholics Anonymous,1,0,0
Bruree,52.4169493,-8.6600033,Sunday,11:00,Alcoholics Anonymous,1,0,0
Bunclody AA Group,52.652198,-6.6494515,Tuesday,20:30,Alcoholics Anonymous,1,0,0
Bunclody AA Group,52.652198,-6.6494515,Saturday,20:30,Alcoholics Anonymous,1,0,0
Cahir Towns Park,52.3736303,-7.9237043,Wednesday,20:00,Alcoholics Anonymous,1,0,0
Cahir Towns Park,52.3736303,-7.9237043,Sunday,11:00,Alcoholics Anonymous,1,0,0
Cahir Townspark 12 Step,52.3730022,-7.9238668,Saturday,19:00,Alcoholics Anonymous,1,0,0
Callan Group,52.5427205,-7.3921232,Thursday,20:30,Alcoholics Anonymous,1,0,0
Callan Group,52.5427205,-7.3921232,Sunday,18:00,Alcoholics Anonymous,1,0,0
Cappamore Group,52.6163057,-8.3356197,Friday,20:30,Alcoholics Anonymous,1,0,0
Carlow St Catherine’S Carlow Group,52.8400665,-6.9230889,Monday,20:30,Alcoholics Anonymous,1,0,0
Carlow St Catherine’S Carlow Group,52.8400665,-6.9230889,Tuesday,20:30,Alcoholics Anonymous,1,0,0
Carlow St Catherine’S Carlow Group,52.8400665,-6.9230889,Wednesday,13:00,Alcoholics Anonymous,1,0,0
Carlow St Catherine’S Carlow Group,52.8400665,-6.9230889,Thursday,20:30,Alcoholics Anonymous,1,0,0
Carlow St Catherine’S Carlow Group,52.8400665,-6.9230889,Friday,13:00,Alcoholics Anonymous,1,0,0
Carlow St Catherine’S Carlow Group,52.8400665,-6.9230889,Saturday,20:30,Alcoholics Anonymous,1,0,0
Carlow St Catherine’S Carlow Group,52.8400665,-6.9230889,Sunday,20:30,Alcoholics Anonymous,1,0,0
Carna,53.3212325,-9.8112663,Thursday,20:30,Alcoholics Anonymous,1,0,0
Carndonagh Group,55.250877,-7.2567606,Monday,20:30,Alcoholics Anonymous,1,0,0
Carndonagh Group,55.250877,-7.2567606,Thursday,20:30,Alcoholics Anonymous,1,0,0
Carndonagh Step 11,55.2509908,-7.2636132,Wednesday,20:30,Alcoholics Anonymous,1,0,0
Carrick AA Group,54.6577244,-8.6327484,Monday,20:30,Alcoholics Anonymous,1,0,0
Carrick-On-Shannon,53.9534107,-8.0949371,Tuesday,20:00,Alcoholics Anonymous,1,0,0
Carrick-On-Shannon,53.9534107,-8.0949371,Thursday,20:00,Alcoholics Anonymous,1,0,0
Carrick-On-Shannon,53.9534107,-8.0949371,Sunday,12:30,Alcoholics Anonymous,1,0,0
Carrick-On-Suir,52.3476614,-7.4111597,Tuesday,20:30,Alcoholics Anonymous,1,0,0
Carrick-On-Suir,52.3476614,-7.4111597,Thursday,20:30,Alcoholics Anonymous,1,0,0
Carrick-On-Suir,52.3476614,-7.4111597,Sunday,11:00,Alcoholics Anonymous,1,0,0
Carrick-On-Suir,52.3476614,-7.4111597,Sunday,20:30,Alcoholics Anonymous,1,0,0
Carrickmacross,53.9765799,-6.7164258,Thursday,20:00,Alcoholics Anonymous,1,0,0
Carrickmacross,53.9765799,-6.7164258,Friday,13:00,Alcoholics Anonymous,1,0,0
Carrickmacross,53.9765799,-6.7164258,Sunday,20:00,Alcoholics Anonymous,1,0,0
Cashel,52.5165608,-7.885374,Tuesday,20:00,Alcoholics Anonymous,1,0,0
Cashel,52.5165608,-7.885374,Friday,20:00,Alcoholics Anonymous,1,0,0
Cashel Rockwell Group Of AA,52.458026,-7.8920438,Wednesday,20:00,Alcoholics Anonymous,1,0,0
Castlebar Group 1,53.858661,-9.3008025,Thursday,20:00,Alcoholics Anonymous,1,0,0
Castlebar Group 1,53.858661,-9.3008025,Sunday,20:30,Alcoholics Anonymous,1,0,0
Castlebar Living Sober,53.858661,-9.3008025,Monday,18:00,Alcoholics Anonymous,1,0,0
Castlebar Living Sober,53.858661,-9.3008025,Tuesday,20:00,Alcoholics Anonymous,1,0,0
Castlebar Newcomers,53.858661,-9.3008025,Friday,20:00,Alcoholics Anonymous,1,0,0
Castlebar Newcomers,53.858661,-9.3008025,Saturday,13:00,Alcoholics Anonymous,1,0,0
Castlebar Newcomers,53.858661,-9.3008025,Sunday,13:00,Alcoholics Anonymous,1,0,0
Castlebar Parish Centre Group,53.8587042,-9.3007287,Monday,13:00,Alcoholics Anonymous,1,0,0
Castlebar Parish Centre Group,53.8587042,-9.3007287,Wednesday,13:00,Alcoholics Anonymous,1,0,0
Castlebar Parish Centre Group,53.8587042,-9.3007287,Friday,13:00,Alcoholics Anonymous,1,0,0
Castleblaney,54.1168752,-6.7327571,Saturday,20:00,Alcoholics Anonymous,1,0,0
Castleblaney Doohamlet Group,54.1285353,-6.8280717,Sunday,20:00,Alcoholics Anonymous,1,0,0
Castlemahon Group,52.42975,-9.00697,Thursday,20:30,Alcoholics Anonymous,1,0,0
Castlepollard,53.6801814,-7.2964785,Tuesday,20:30,Alcoholics Anonymous,1,0,0
Castlerea AA,53.7650866,-8.4825449,Wednesday,21:00,Alcoholics Anonymous,1,0,0
Castlerea AA,53.7650866,-8.4825449,Saturday,13:00,Alcoholics Anonymous,1,0,0
Castletownbere,51.6518687,-9.9006921,Monday,20:30,Alcoholics Anonymous,1,0,0
Castletroy Plassey Group,52.6718609,-8.5664829,Friday,18:30,Alcoholics Anonymous,1,0,0
Cavan Lodge,54.008455,-7.3533314,Friday,20:30,Alcoholics Anonymous,1,0,0
Cavan Lodge,54.008455,-7.3533314,Saturday,20:30,Alcoholics Anonymous,1,0,0
Cavan Lodge,54.008455,-7.3533314,Sunday,12:00,Alcoholics Anonymous,1,0,0
Cavan River Street Primary Purpose,53.9892719,-7.3616477,Monday,20:00,Alcoholics Anonymous,1,0,0
Cavan River Street Primary Purpose,53.9892719,-7.3616477,Tuesday,13:00,Alcoholics Anonymous,1,0,0
Cavan River Street Primary Purpose,53.9892719,-7.3616477,Wednesday,20:00,Alcoholics Anonymous,1,0,0
Cavan River Street Primary Purpose,53.9892719,-7.3616477,Thursday,13:00,Alcoholics Anonymous,1,0,0
Cavan River Street Primary Purpose,53.9892719,-7.3616477,Friday,20:00,Alcoholics Anonymous,1,0,0
Cavan River Street Primary Purpose,53.9892719,-7.3616477,Saturday,13:00,Alcoholics Anonymous,1,0,0
Cavan River Street Primary Purpose,53.9892719,-7.3616477,Sunday,10:00,Alcoholics Anonymous,1,0,0
Celbridge,53.3408496,-6.5369132,Thursday,20:30,Alcoholics Anonymous,1,0,0
Celbridge,53.3408496,-6.5369132,Saturday,12:00,Alcoholics Anonymous,1,0,0
Charlestown,53.9606503,-8.8007307,Wednesday,21:00,Alcoholics Anonymous,1,0,0
Charleville AA Group,52.3564322,-8.6834477,Tuesday,20:30,Alcoholics Anonymous,1,0,0
Charleville AA Group,52.3564322,-8.6834477,Saturday,20:30,Alcoholics Anonymous,1,0,0
Clane Group,53.2935091,-6.6846171,Wednesday,18:30,Alcoholics Anonymous,1,0,0
Clane Group,53.2935091,-6.6846171,Sunday,12:00,Alcoholics Anonymous,1,0,0
Clara,53.3441939,-7.6133647,Friday,20:30,Alcoholics Anonymous,1,0,0
Claremorris Day Time Meeting,53.722305,-8.9983207,Tuesday,13:00,Alcoholics Anonymous,1,0,0
Claremorris Day Time Meeting,53.722305,-8.9983207,Friday,13:00,Alcoholics Anonymous,1,0,0
Claremorris Night Meeting,53.7222707,-8.9983213,Monday,20:30,Alcoholics Anonymous,1,0,0
Clerihan Jims Group,52.4128073,-7.7576893,Friday,10:00,Alcoholics Anonymous,1,0,0
Clogheen,52.2760027,-7.9968355,Thursday,20:30,Alcoholics Anonymous,1,0,0
Clogheen,52.2760027,-7.9968355,Sunday,20:30,Alcoholics Anonymous,1,0,0
Clonard,52.334883,-6.4681029,Tuesday,20:30,Alcoholics Anonymous,1,0,0
Clonard,52.334883,-6.4681029,Thursday,20:30,Alcoholics Anonymous,1,0,0
Clonard,52.334883,-6.4681029,Sunday,20:30,Alcoholics Anonymous,1,0,0
Clones,54.1878428,-7.2279558,Tuesday,20:30,Alcoholics Anonymous,1,0,0
Clonlara,52.7199936,-8.5584545,Thursday,20:30,Alcoholics Anonymous,1,0,0
Clonmel Coolgreany House,52.355057,-7.7069725,Thursday,11:00,Alcoholics Anonymous,1,0,0
Clonmel Fethard Road,52.3640719,-7.6985086,Friday,20:30,Alcoholics Anonymous,1,0,0
Clonmel Irishtown,52.3521503,-7.7097716,Monday,20:30,Alcoholics Anonymous,1,0,0
Clonmel Irishtown,52.3521503,-7.7097716,Thursday,20:30,Alcoholics Anonymous,1,0,0
Clonmel Irishtown,52.3521503,-7.7097716,Saturday,10:30,Alcoholics Anonymous,1,0,0
Clonmel Morton St. Group,52.3520682,-7.7123665,Wednesday,20:30,Alcoholics Anonymous,1,0,0
Clonmel Morton St. Group,52.3520682,-7.7123665,Saturday,20:30,Alcoholics Anonymous,1,0,0
Clonmel Morton St. Group,52.3520682,-7.7123665,Sunday,20:30,Alcoholics Anonymous,1,0,0
Collon Mellifont Abbey Group,53.7641946,-6.4714151,Monday,20:30,Alcoholics Anonymous,1,0,0
Collooney Big Book,54.1856058,-8.4894152,Thursday,21:00,Alcoholics Anonymous,1,0,0
Coolgreany,52.7637621,-6.2379278,Wednesday,20:45,Alcoholics Anonymous,1,0,0
Corbally Group,52.6709225,-8.6142803,Tuesday,19:30,Alcoholics Anonymous,1,0,0
Corofin AA Group,52.9447601,-9.0629134,Tuesday,21:00,Alcoholics Anonymous,1,0,0
Croom,52.518657,-8.7189299,Monday,20:30,Alcoholics Anonymous,1,0,0
Crusheen,52.9362672,-8.8928145,Tuesday,19:00,Alcoholics Anonymous,1,0,0
Curragh AA Group,53.1447777,-6.8374495,Tuesday,20:30,Alcoholics Anonymous,1,0,0
Curragh Suncroft,53.1066568,-6.8589979,Sunday,19:30,Alcoholics Anonymous,1,0,0
Delvin,53.6148401,-7.0913949,Wednesday,20:30,Alcoholics Anonymous,1,0,0
Dingle,52.1447167,-10.2749786,Monday,20:30,Alcoholics Anonymous,1,0,0
Dingle,52.1447167,-10.2749786,Thursday,20:30,Alcoholics Anonymous,1,0,0
Dingle,52.1447167,-10.2749786,Sunday,20:30,Alcoholics Anonymous,1,0,0
Doolin AA,53.0131243,-9.371841,Tuesday,20:30,Alcoholics Anonymous,1,0,0
Dooradoyle,52.6369565,-8.6403559,Monday,20:30,Alcoholics Anonymous,1,0,0
Dooradoyle,52.6369565,-8.6403559,Tuesday,20:30,Alcoholics Anonymous,1,0,0
Dooradoyle,52.6369565,-8.6403559,Thursday,20:30,Alcoholics Anonymous,1,0,0
Drogheda After Dark The Stables Group,53.7148545,-6.3492072,Wednesday,20:30,Alcoholics Anonymous,1,0,0
Drogheda After Dark The Stables Group,53.7148545,-6.3492072,Sunday,12:00,Alcoholics Anonymous,1,0,0
Drogheda After Dark The Stables Group,53.7148545,-6.3492072,Sunday,20:30,Alcoholics Anonymous,1,0,0
Drogheda Akron Group,53.7149039,-6.3492171,Sunday,12:00,Alcoholics Anonymous,1,0,0
Drogheda BW Group,53.7167829,-6.3501583,Friday,18:00,Alcoholics Anonymous,1,0,0
Drogheda Dublin Road,53.7129493,-6.34197,Monday,20:30,Alcoholics Anonymous,1,0,0
Drogheda Dublin Road,53.7129493,-6.34197,Tuesday,20:30,Alcoholics Anonymous,1,0,0
Drogheda Dublin Road,53.7129493,-6.34197,Thursday,20:30,Alcoholics Anonymous,1,0,0
Drogheda Dublin Road,53.7129493,-6.34197,Friday,20:30,Alcoholics Anonymous,1,0,0
Drogheda Dublin Road,53.7129493,-6.34197,Saturday,13:00,Alcoholics Anonymous,1,0,0
Drogheda Dublin Road,53.7129493,-6.34197,Saturday,20:30,Alcoholics Anonymous,1,0,0
Drogheda Grange Rath Recovery Group,53.7032409,-6.3015215,Monday,20:30,Alcoholics Anonymous,1,0,0
Drogheda Reflections Group,53.7167821,-6.35121,Monday,13:00,Alcoholics Anonymous,1,0,0
Drogheda Reflections Group,53.7167821,-6.35121,Tuesday,13:00,Alcoholics Anonymous,1,0,0
Drogheda Reflections Group,53.7167821,-6.35121,Wednesday,13:00,Alcoholics Anonymous,1,0,0
Drogheda Reflections Group,53.7167821,-6.35121,Thursday,13:00,Alcoholics Anonymous,1,0,0
Drogheda Reflections Group,53.7167821,-6.35121,Friday,13:00,Alcoholics Anonymous,1,0,0
Drumore West Easkey Group,54.2859984,-8.9548369,Wednesday,20:30,Alcoholics Anonymous,1,0,0
Duagh AA Group,52.4123003,-9.383835,Thursday,20:30,Alcoholics Anonymous,1,0,0
Dunboyne Group,53.4196231,-6.475284,Sunday,20:30,Alcoholics Anonymous,1,0,0
Dundalk Group,54.0038118,-6.3991616,Monday,08:00,Alcoholics Anonymous,1,0,0
Dundalk Group,54.0038118,-6.3991616,Tuesday,20:00,Alcoholics Anonymous,1,0,0
Dundalk Group,54.0038118,-6.3991616,Wednesday,20:00,Alcoholics Anonymous,1,0,0
Dundalk Group,54.0038118,-6.3991616,Friday,20:00,Alcoholics Anonymous,1,0,0
Dundalk Group,54.0038118,-6.3991616,Saturday,11:00,Alcoholics Anonymous,1,0,0
Dundalk Group,54.0038118,-6.3991616,Sunday,12:00,Alcoholics Anonymous,1,0,0
Dundalk Mount Oliver,54.0363931,-6.3698399,Thursday,20:30,Alcoholics Anonymous,1,0,0
Dunfanaghy,55.1814693,-7.9712811,Wednesday,20:30,Alcoholics Anonymous,1,0,0
Dungarvan Monday/Thursday Lunchtime,52.0879249,-7.6211119,Monday,13:00,Alcoholics Anonymous,1,0,0
Dungarvan Monday/Thursday Lunchtime,52.0879249,-7.6211119,Thursday,13:00,Alcoholics Anonymous,1,0,0
Dungarvan St. Vincent De Paul Friday Night,52.0879249,-7.6211119,Friday,20:30,Alcoholics Anonymous,1,0,0
Dungarvan St. Vincent De Paul Tuesday Night,52.0879249,-7.6211119,Tuesday,20:30,Alcoholics Anonymous,1,0,0
Dungarvan Sunday Morning,52.0877193,-7.619514,Sunday,11:30,Alcoholics Anonymous,1,0,0
Dunleer,53.8294458,-6.3952622,Friday,20:00,Alcoholics Anonymous,1,0,0
Dunshaughlin,53.509256,-6.5397994,Thursday,20:30,Alcoholics Anonymous,1,0,0
Edenderry,53.3435533,-7.0521862,Monday,20:30,Alcoholics Anonymous,1,0,0
Edenderry,53.3435533,-7.0521862,Wednesday,20:30,Alcoholics Anonymous,1,0,0
Ennis Cathedral Group,52.8412144,-8.9818278,Thursday,19:00,Alcoholics Anonymous,1,0,0
Ennis Cathedral Group,52.8412144,-8.9818278,Sunday,20:00,Alcoholics Anonymous,1,0,0
Ennis Chapel Lane,52.8435334,-8.984233,Monday,20:00,Alcoholics Anonymous,1,0,0
Ennis Chapel Lane,52.8435334,-8.984233,Saturday,18:00,Alcoholics Anonymous,1,0,0
Ennis Chapel Lane,52.8435334,-8.984233,Sunday,11:00,Alcoholics Anonymous,1,0,0
Ennis Friday Night Cathedral Group,52.8417999,-8.9832719,Friday,20:00,Alcoholics Anonymous,1,0,0
Ennis The Friary Group,52.8452275,-8.9862467,Tuesday,13:00,Alcoholics Anonymous,1,0,0
Ennis The Friary Group,52.8452275,-8.9862467,Tuesday,20:30,Alcoholics Anonymous,1,0,0
Ennis The Friary Group,52.8452275,-8.9862467,Thursday,11:30,Alcoholics Anonymous,1,0,0
Ennis The Friary Group,52.8452275,-8.9862467,Friday,17:00,Alcoholics Anonymous,1,0,0
Enniscorthy Friends,52.5006533,-6.5634955,Monday,20:30,Alcoholics Anonymous,1,0,0
Enniscorthy Friends,52.5006533,-6.5634955,Wednesday,20:30,Alcoholics Anonymous,1,0,0
Enniscorthy Hope Group,52.5006533,-6.5634955,Tuesday,13:00,Alcoholics Anonymous,1,0,0
Enniscorthy Hope Group,52.5006533,-6.5634955,Thursday,13:00,Alcoholics Anonymous,1,0,0
Enniscorthy Hope Group,52.5006533,-6.5634955,Thursday,20:30,Alcoholics Anonymous,1,0,0
Enniscorthy Hope Group,52.5006533,-6.5634955,Saturday,13:00,Alcoholics Anonymous,1,0,0
Enniscorthy St. Senans,52.5034711,-6.5727244,Friday,20:30,Alcoholics Anonymous,1,0,0
Enniscorthy St. Senans,52.5034711,-6.5727244,Sunday,11:30,Alcoholics Anonymous,1,0,0
Enniscrone 4 U,54.2155047,-9.0823341,Tuesday,21:00,Alcoholics Anonymous,1,0,0
Enniscrone Big Book,54.2155047,-9.0823341,Saturday,19:00,Alcoholics Anonymous,1,0,0
Ennistymon,52.9381756,-9.3200356,Thursday,20:00,Alcoholics Anonymous,1,0,0
Ennistymon,52.9381756,-9.3200356,Sunday,12:30,Alcoholics Anonymous,1,0,0
Ennistymon,52.9381756,-9.3200356,Sunday,20:00,Alcoholics Anonymous,1,0,0
Ennistymon Church,52.9381756,-9.3200356,Monday,13:00,Alcoholics Anonymous,1,0,0
Ennistymon Church,52.9381756,-9.3200356,Tuesday,13:00,Alcoholics Anonymous,1,0,0
Ennistymon Church,52.9381756,-9.3200356,Wednesday,13:00,Alcoholics Anonymous,1,0,0
Ennistymon Church,52.9381756,-9.3200356,Thursday,13:00,Alcoholics Anonymous,1,0,0
Ennistymon Church,52.9381756,-9.3200356,Friday,13:00,Alcoholics Anonymous,1,0,0
Ferbane BB,53.2713348,-7.829716,Wednesday,20:30,Alcoholics Anonymous,1,0,0
Fethard,52.4675519,-7.6925856,Thursday,20:30,Alcoholics Anonymous,1,0,0
Fethard,52.4675519,-7.6925856,Sunday,11:30,Alcoholics Anonymous,1,0,0
Foxford Hope House Sunday,53.9816118,-9.114084,Sunday,11:00,Alcoholics Anonymous,1,0,0
Foxford No. 2,53.9816118,-9.114084,Friday,20:30,Alcoholics Anonymous,1,0,0
Frenchpark,53.8685586,-8.4063721,Thursday,19:00,Alcoholics Anonymous,1,0,0
Galway City St. Josephs,53.1052788,-9.6637949,Monday,20:00,Alcoholics Anonymous,1,0,0
Galway City St. Josephs,53.1052788,-9.6637949,Friday,20:00,Alcoholics Anonymous,1,0,0
Garristown AA,53.565334,-6.3838383,Friday,20:00,Alcoholics Anonymous,1,0,0
Glaslough Emyvale,54.3164845,-6.897129,Monday,20:30,Alcoholics Anonymous,1,0,0
Glasson,53.4695871,-7.864489,Monday,20:30,Alcoholics Anonymous,1,0,0
Glenamaddy AA Group,53.5999433,-8.5670781,Monday,21:00,Alcoholics Anonymous,1,0,0
Glenamoy No. 2,54.2410694,-9.6881291,Thursday,21:00,Alcoholics Anonymous,1,0,0
Gorey Alcoholics Anonymous,52.6742257,-6.2981578,Monday,13:00,Alcoholics Anonymous,1,0,0
Gorey Alcoholics Anonymous,52.6742257,-6.2981578,Tuesday,13:00,Alcoholics Anonymous,1,0,0
Gorey Alcoholics Anonymous,52.6742257,-6.2981578,Wednesday,13:00,Alcoholics Anonymous,1,0,0
Gorey Alcoholics Anonymous,52.6742257,-6.2981578,Thursday,20:30,Alcoholics Anonymous,1,0,0
Gorey Alcoholics Anonymous,52.6742257,-6.2981578,Friday,13:00,Alcoholics Anonymous,1,0,0
Gorey Alcoholics Anonymous,52.6742257,-6.2981578,Saturday,18:30,Alcoholics Anonymous,1,0,0
Gorey Alcoholics Anonymous,52.6742257,-6.2981578,Sunday,20:30,Alcoholics Anonymous,1,0,0
Graignamanagh,52.5424209,-6.9555652,Monday,20:30,Alcoholics Anonymous,1,0,0
Granard AA Group,53.7801683,-7.4909111,Friday,20:30,Alcoholics Anonymous,1,0,0
Grange Today St. Molaise,54.3931581,-8.5249745,Monday,20:00,Alcoholics Anonymous,1,0,0
Grangemockler,52.4460401,-7.4693738,Saturday,20:30,Alcoholics Anonymous,1,0,0
Gweedore Derrybeg Saturday Morning,55.0775929,-8.2882062,Saturday,10:00,Alcoholics Anonymous,1,0,0
Hospital Town AA Group,52.4742147,-8.4338462,Wednesday,20:30,Alcoholics Anonymous,1,0,0
Inagh Group,52.8758908,-9.1760584,Friday,20:30,Alcoholics Anonymous,1,0,0
Inis Oirr,53.0645102,-9.5294353,Thursday,20:00,Alcoholics Anonymous,1,0,0
Kells Handball Alley,53.7281438,-6.8814684,Tuesday,20:30,Alcoholics Anonymous,1,0,0
Kells Handball Alley,53.7281438,-6.8814684,Thursday,20:30,Alcoholics Anonymous,1,0,0
Kells Handball Alley,53.7281438,-6.8814684,Friday,20:30,Alcoholics Anonymous,1,0,0
Kells Handball Alley,53.7281438,-6.8814684,Saturday,20:30,Alcoholics Anonymous,1,0,0
Kells Handball Alley,53.7281438,-6.8814684,Sunday,11:30,Alcoholics Anonymous,1,0,0
Kells Resource Centre,53.7299037,-6.8808639,Tuesday,13:00,Alcoholics Anonymous,1,0,0
Kerlogue,52.3214816,-6.449516,Wednesday,20:30,Alcoholics Anonymous,1,0,0
Kerlogue,52.3214816,-6.449516,Sunday,11:00,Alcoholics Anonymous,1,0,0
Kilcock Group,53.3997638,-6.6691664,Friday,20:30,Alcoholics Anonymous,1,0,0
Kilcullen Group,53.1302865,-6.7452791,Monday,20:30,Alcoholics Anonymous,1,0,0
Kildare Town Group,53.1553803,-6.9095884,Wednesday,20:00,Alcoholics Anonymous,1,0,0
Kildare Town Group,53.1553803,-6.9095884,Friday,20:00,Alcoholics Anonymous,1,0,0
Kildare Town Group,53.1553803,-6.9095884,Sunday,20:00,Alcoholics Anonymous,1,0,0
Kildorrery Group,52.2537985,-8.3645484,Monday,20:30,Alcoholics Anonymous,1,0,0
Kildysart,52.6721624,-9.1069572,Sunday,20:30,Alcoholics Anonymous,1,0,0
Kilfinane,52.359453,-8.4677148,Sunday,20:30,Alcoholics Anonymous,1,0,0
Kilkee,52.6816095,-9.6436089,Sunday,12:00,Alcoholics Anonymous,1,0,0
Kilkenny Friends Of Bill & Bob,52.6460224,-7.2531842,Wednesday,20:30,Alcoholics Anonymous,1,0,0
Kilkenny Friends Of Bill & Bob,52.6460224,-7.2531842,Friday,20:30,Alcoholics Anonymous,1,0,0
Kilkenny Friends Of Bill & Bob,52.6460224,-7.2531842,Saturday,18:00,Alcoholics Anonymous,1,0,0
Kilkenny Friends Of Bill & Bob,52.6460224,-7.2531842,Sunday,11:00,Alcoholics Anonymous,1,0,0
Kilkenny Let Go Let God,52.6693024,-7.2654673,Monday,17:30,Alcoholics Anonymous,1,0,0
Kilkenny Social Service Centre,52.6448634,-7.2480102,Tuesday,20:30,Alcoholics Anonymous,1,0,0
Kilkenny Social Service Centre,52.6448634,-7.2480102,Thursday,20:30,Alcoholics Anonymous,1,0,0
Kilkenny Social Service Centre,52.6448634,-7.2480102,Saturday,20:30,Alcoholics Anonymous,1,0,0
Kilkenny Social Service Centre,52.6448634,-7.2480102,Sunday,20:30,Alcoholics Anonymous,1,0,0
Killala Group,54.2148401,-9.2211267,Friday,21:00,Alcoholics Anonymous,1,0,0
Killaloe,52.807095,-8.4437616,Monday,20:30,Alcoholics Anonymous,1,0,0
Killarney Countess Womens Group,52.0592956,-9.4872838,Friday,13:00,Alcoholics Anonymous,1,0,0
Killenuale AA Group,52.5685577,-7.6701522,Monday,20:30,Alcoholics Anonymous,1,0,0
Killeshin Solution Seekers,52.8496497,-6.9944328,Thursday,19:00,Alcoholics Anonymous,1,0,0
Killinick,52.2438159,-6.4604287,Saturday,20:30,Alcoholics Anonymous,1,0,0
Killucan,53.5062158,-7.1507776,Friday,20:30,Alcoholics Anonymous,1,0,0
Kilmaine,53.582632,-9.1224463,Monday,20:30,Alcoholics Anonymous,1,0,0
Kilmallock AA Group,52.4012324,-8.5692182,Thursday,20:30,Alcoholics Anonymous,1,0,0
Kilmoganny Meeting,52.4616326,-7.3283528,Monday,20:30,Alcoholics Anonymous,1,0,0
Kilmuckeridge,52.5083425,-6.2889476,Friday,20:30,Alcoholics Anonymous,1,0,0
Kilrane,52.2414522,-6.3513653,Thursday,20:30,Alcoholics Anonymous,1,0,0
Kilrush,52.6364327,-9.4900686,Tuesday,20:30,Alcoholics Anonymous,1,0,0
Kilrush,52.6364327,-9.4900686,Friday,20:30,Alcoholics Anonymous,1,0,0
Kiltyclogher,54.3694724,-8.1228996,Saturday,20:30,Alcoholics Anonymous,1,0,0
Kingscourt,53.9046045,-6.8081747,Friday,20:30,Alcoholics Anonymous,1,0,0
Kinnegad Rule 62,53.4552781,-7.1024074,Thursday,20:00,Alcoholics Anonymous,1,0,0
Kinsale Red Cross,51.706402,-8.526701,Sunday,20:30,Alcoholics Anonymous,1,0,0
Kinvara Thursday,53.1396642,-8.9404631,Thursday,20:30,Alcoholics Anonymous,1,0,0
Knock,53.7900638,-8.921466,Thursday,20:30,Alcoholics Anonymous,1,0,0
Knockainy AA Group,52.4727016,-8.4703465,Friday,20:30,Alcoholics Anonymous,1,0,0
Knockgraffon Group,52.4205029,-7.922154,Tuesday,19:00,Alcoholics Anonymous,1,0,0
Knockgraffon Group,52.4205029,-7.922154,Friday,19:00,Alcoholics Anonymous,1,0,0
Lahinch,52.9291354,-9.344833,Saturday,20:30,Alcoholics Anonymous,1,0,0
Lanesboro,53.6736073,-7.9916846,Friday,20:00,Alcoholics Anonymous,1,0,0
Lanesboro,53.6736073,-7.9916846,Sunday,20:00,Alcoholics Anonymous,1,0,0
Leixlip Group,53.3651931,-6.4937422,Wednesday,20:30,Alcoholics Anonymous,1,0,0
Letterfrack,53.5529085,-9.9473816,Friday,20:30,Alcoholics Anonymous,1,0,0
Lifford Primary Purpose,54.8342096,-7.4900501,Monday,19:30,Alcoholics Anonymous,1,0,0
Lifford Primary Purpose,54.8342096,-7.4900501,Wednesday,19:30,Alcoholics Anonymous,1,0,0
Limerick City Akron,52.6602919,-8.6275377,Tuesday,10:30,Alcoholics Anonymous,1,0,0
Limerick City Akron,52.6602919,-8.6275377,Thursday,10:30,Alcoholics Anonymous,1,0,0
Limerick City Caherdavin,52.6759749,-8.6640937,Wednesday,20:30,Alcoholics Anonymous,1,0,0
Limerick City Hole In The Wall,52.6691452,-8.6222557,Thursday,20:30,Alcoholics Anonymous,1,0,0
Limerick City Hole In The Wall,52.6691452,-8.6222557,Sunday,13:00,Alcoholics Anonymous,1,0,0
Limerick City Mulgrave St Group,52.6575755,-8.6132147,Monday,20:30,Alcoholics Anonymous,1,0,0
Limerick City Mulgrave St Group,52.6575755,-8.6132147,Wednesday,20:30,Alcoholics Anonymous,1,0,0
Limerick City Mulgrave St Group,52.6575755,-8.6132147,Friday,20:30,Alcoholics Anonymous,1,0,0
Limerick City Mulgrave St Group,52.6575755,-8.6132147,Saturday,11:00,Alcoholics Anonymous,1,0,0
Limerick City Mulgrave St Group,52.6575755,-8.6132147,Saturday,20:30,Alcoholics Anonymous,1,0,0
Limerick City Mulgrave St Group,52.6575755,-8.6132147,Sunday,11:00,Alcoholics Anonymous,1,0,0
Limerick City Mulgrave St Group,52.6575755,-8.6132147,Sunday,20:30,Alcoholics Anonymous,1,0,0
Limerick City New Rosbrien Group,52.6611631,-8.6292712,Wednesday,11:00,Alcoholics Anonymous,1,0,0
Limerick City New Rosbrien Group,52.6611631,-8.6292712,Saturday,13:00,Alcoholics Anonymous,1,0,0
Limerick City One Day At A Time,52.6583153,-8.6249199,Monday,13:00,Alcoholics Anonymous,1,0,0
Limerick City One Day At A Time,52.6583153,-8.6249199,Tuesday,13:00,Alcoholics Anonymous,1,0,0
Limerick City One Day At A Time,52.6583153,-8.6249199,Wednesday,13:00,Alcoholics Anonymous,1,0,0
Limerick City One Day At A Time,52.6583153,-8.6249199,Thursday,13:00,Alcoholics Anonymous,1,0,0
Limerick City One Day At A Time,52.6583153,-8.6249199,Friday,13:00,Alcoholics Anonymous,1,0,0
Limerick City Salesians,52.6661318,-8.643634,Thursday,20:30,Alcoholics Anonymous,1,0,0
Limerick City Salesians,52.6661318,-8.643634,Sunday,19:00,Alcoholics Anonymous,1,0,0
Limerick City Sarsfield Group,52.6473558,-8.6185786,Monday,13:00,Alcoholics Anonymous,1,0,0
Limerick City Sarsfield Group,52.6473558,-8.6185786,Monday,18:00,Alcoholics Anonymous,1,0,0
Limerick City Sarsfield Group,52.6473558,-8.6185786,Tuesday,13:00,Alcoholics Anonymous,1,0,0
Limerick City Sarsfield Group,52.6473558,-8.6185786,Tuesday,18:00,Alcoholics Anonymous,1,0,0
Limerick City Sarsfield Group,52.6473558,-8.6185786,Wednesday,11:00,Alcoholics Anonymous,1,0,0
Limerick City Sarsfield Group,52.6473558,-8.6185786,Wednesday,18:00,Alcoholics Anonymous,1,0,0
Limerick City Sarsfield Group,52.6473558,-8.6185786,Thursday,13:00,Alcoholics Anonymous,1,0,0
Limerick City Sarsfield Group,52.6473558,-8.6185786,Thursday,18:00,Alcoholics Anonymous,1,0,0
Limerick City Sarsfield Group,52.6473558,-8.6185786,Friday,13:00,Alcoholics Anonymous,1,0,0
Limerick City Sarsfield Group,52.6473558,-8.6185786,Saturday,11:00,Alcoholics Anonymous,1,0,0
Limerick City Sarsfield Group,52.6473558,-8.6185786,Sunday,11:00,Alcoholics Anonymous,1,0,0
Limerick City Sarsfield Group,52.6473558,-8.6185786,Sunday,16:00,Alcoholics Anonymous,1,0,0
Lisduggan Presentation Group,52.2498589,-7.1337712,Wednesday,20:00,Alcoholics Anonymous,1,0,0
Lisduggan Presentation Group,52.2498589,-7.1337712,Sunday,11:00,Alcoholics Anonymous,1,0,0
Lisduggan Presentation Group,52.2498589,-7.1337712,Sunday,12:00,Alcoholics Anonymous,1,0,0
Lismore,52.1383499,-7.9286162,Tuesday,20:30,Alcoholics Anonymous,1,0,0
Lismore,52.1383499,-7.9286162,Friday,20:30,Alcoholics Anonymous,1,0,0
Longford Oxford Group,53.7277144,-7.7961164,Tuesday,13:00,Alcoholics Anonymous,1,0,0
Longford Oxford Group,53.7277144,-7.7961164,Wednesday,20:00,Alcoholics Anonymous,1,0,0
Longford Oxford Group,53.7277144,-7.7961164,Thursday,13:00,Alcoholics Anonymous,1,0,0
Longford Oxford Group,53.7277144,-7.7961164,Saturday,20:00,Alcoholics Anonymous,1,0,0
Longford Oxford Group,53.7277144,-7.7961164,Sunday,11:30,Alcoholics Anonymous,1,0,0
Loughrea Abbey Group,53.1022122,-8.3935322,Sunday,20:00,Alcoholics Anonymous,1,0,0
Loughrea Club REA,53.1977806,-8.5659046,Monday,13:00,Alcoholics Anonymous,1,0,0
Loughrea Club REA,53.1977806,-8.5659046,Wednesday,20:00,Alcoholics Anonymous,1,0,0
Loughrea Club REA,53.1977806,-8.5659046,Saturday,13:00,Alcoholics Anonymous,1,0,0
Louisburgh,53.7648589,-9.8053809,Friday,20:30,Alcoholics Anonymous,1,0,0
Manorhamilton Friday Night Group,54.3061775,-8.1736999,Friday,19:30,Alcoholics Anonymous,1,0,0
Manorhamilton Living Sober,54.306255,-8.1754429,Wednesday,20:30,Alcoholics Anonymous,1,0,0
Maynooth,53.3814951,-6.5933029,Monday,20:30,Alcoholics Anonymous,1,0,0
Miltown Malbay,52.8559833,-9.395211,Monday,20:30,Alcoholics Anonymous,1,0,0
Miltown Malbay,52.8559833,-9.395211,Wednesday,20:30,Alcoholics Anonymous,1,0,0
Mitchelstown,52.2686711,-8.2716693,Tuesday,20:00,Alcoholics Anonymous,1,0,0
Mitchelstown,52.2686711,-8.2716693,Sunday,11:30,Alcoholics Anonymous,1,0,0
Moate Group,53.3972872,-7.7127271,Thursday,20:30,Alcoholics Anonymous,1,0,0
Mohill,53.9207305,-7.8619301,Sunday,21:00,Alcoholics Anonymous,1,0,0
Monaghan 1St,54.2486535,-6.9669989,Thursday,20:30,Alcoholics Anonymous,1,0,0
Monaghan 1St,54.2486535,-6.9669989,Saturday,20:30,Alcoholics Anonymous,1,0,0
Monaghan Kindergarten,54.243355,-6.985209,Wednesday,20:30,Alcoholics Anonymous,1,0,0
Monaghan Kindergarten,54.243355,-6.985209,Friday,20:30,Alcoholics Anonymous,1,0,0
Monaghan Kindergarten,54.243355,-6.985209,Sunday,11:00,Alcoholics Anonymous,1,0,0
Monaghan Kindergarten,54.243355,-6.985209,Sunday,20:30,Alcoholics Anonymous,1,0,0
Mountmellick Keep It Simple,53.113897,-7.3191522,Sunday,11:00,Alcoholics Anonymous,1,0,0
Moville Group,55.1888041,-7.0452181,Thursday,20:30,Alcoholics Anonymous,1,0,0
Moville Group,55.1888041,-7.0452181,Saturday,20:30,Alcoholics Anonymous,1,0,0
Mullingar Central,53.5263965,-7.352828,Monday,13:00,Alcoholics Anonymous,1,0,0
Mullingar Central,53.5263965,-7.352828,Monday,18:00,Alcoholics Anonymous,1,0,0
Mullingar Central,53.5263965,-7.352828,Wednesday,13:00,Alcoholics Anonymous,1,0,0
Mullingar Central,53.5263965,-7.352828,Friday,13:00,Alcoholics Anonymous,1,0,0
Mullingar Central,53.5263965,-7.352828,Saturday,13:00,Alcoholics Anonymous,1,0,0
Mullingar Central,53.5263965,-7.352828,Saturday,18:00,Alcoholics Anonymous,1,0,0
Mullingar Central,53.5263965,-7.352828,Sunday,11:30,Alcoholics Anonymous,1,0,0
Mullingar Town,53.534927,-7.3514089,Monday,20:30,Alcoholics Anonymous,1,0,0
Mullingar Town,53.534927,-7.3514089,Tuesday,20:30,Alcoholics Anonymous,1,0,0
Mullingar Town,53.534927,-7.3514089,Thursday,20:30,Alcoholics Anonymous,1,0,0
Mullingar Town,53.534927,-7.3514089,Sunday,20:30,Alcoholics Anonymous,1,0,0
Naas Group,53.220552,-6.6628625,Thursday,13:00,Alcoholics Anonymous,1,0,0
Naas Group,53.220552,-6.6628625,Friday,20:00,Alcoholics Anonymous,1,0,0
Naas Group,53.220552,-6.6628625,Saturday,20:00,Alcoholics Anonymous,1,0,0
Naas St David’S,53.2180817,-6.6626337,Monday,20:30,Alcoholics Anonymous,1,0,0
Navan Acceptance,53.651497,-6.685869,Sunday,20:30,Alcoholics Anonymous,1,0,0
Navan Community Centre,53.6524356,-6.6860937,Monday,13:00,Alcoholics Anonymous,1,0,0
Navan Community Centre,53.6524356,-6.6860937,Tuesday,13:00,Alcoholics Anonymous,1,0,0
Navan Community Centre,53.6524356,-6.6860937,Wednesday,13:00,Alcoholics Anonymous,1,0,0
Navan Community Centre,53.6524356,-6.6860937,Thursday,13:00,Alcoholics Anonymous,1,0,0
Navan Community Centre,53.6524356,-6.6860937,Friday,13:00,Alcoholics Anonymous,1,0,0
Navan Gibbstown Group,53.7100563,-6.758292,Wednesday,20:30,Alcoholics Anonymous,1,0,0
Navan Gibbstown Group,53.7100563,-6.758292,Sunday,19:00,Alcoholics Anonymous,1,0,0
Navan St Marys Resource Centre,53.651497,-6.685869,Tuesday,20:00,Alcoholics Anonymous,1,0,0
Navan St Marys Resource Centre,53.651497,-6.685869,Sunday,11:30,Alcoholics Anonymous,1,0,0
Nenagh,52.8662881,-8.1978921,Wednesday,20:30,Alcoholics Anonymous,1,0,0
Nenagh,52.8662881,-8.1978921,Friday,20:30,Alcoholics Anonymous,1,0,0
Nenagh Arts Centre,52.8650395,-8.1994732,Monday,13:00,Alcoholics Anonymous,1,0,0
Nenagh Arts Centre,52.8650395,-8.1994732,Wednesday,13:00,Alcoholics Anonymous,1,0,0
Nenagh Arts Centre,52.8650395,-8.1994732,Friday,13:00,Alcoholics Anonymous,1,0,0
Nenagh Portroe AA Group,52.8833379,-8.3503217,Tuesday,20:30,Alcoholics Anonymous,1,0,0
Nenagh Tyone AA,52.8569733,-8.1892846,Saturday,11:00,Alcoholics Anonymous,1,0,0
Nenagh Tyone AA,52.8569733,-8.1892846,Saturday,20:30,Alcoholics Anonymous,1,0,0
New Ross Hook Group,52.2459932,-6.9181103,Saturday,20:30,Alcoholics Anonymous,1,0,0
New Ross Recovery Group,52.3974537,-6.9435805,Monday,20:30,Alcoholics Anonymous,1,0,0
New Ross Recovery Group,52.3974537,-6.9435805,Wednesday,20:30,Alcoholics Anonymous,1,0,0
New Ross Recovery Group,52.3974537,-6.9435805,Friday,20:30,Alcoholics Anonymous,1,0,0
New Ross Recovery Group,52.3974537,-6.9435805,Sunday,20:30,Alcoholics Anonymous,1,0,0
Newbridge Back To Basics,53.1885542,-6.7934015,Thursday,20:00,Alcoholics Anonymous,1,0,0
Newbridge Big Book Group,53.1812878,-6.800466,Thursday,20:30,Alcoholics Anonymous,1,0,0
Newbridge Big Book Group,53.1812878,-6.800466,Sunday,11:00,Alcoholics Anonymous,1,0,0
Newbridge Gratitude Group,53.1801721,-6.8104844,Tuesday,20:30,Alcoholics Anonymous,1,0,0
Newbridge Let Go Let God,53.1721145,-6.796263,Saturday,20:30,Alcoholics Anonymous,1,0,0
Newbridge Monday Night,53.1765868,-6.7961485,Monday,20:30,Alcoholics Anonymous,1,0,0
Newbridge Serenity Group,53.1811721,-6.7994942,Monday,13:00,Alcoholics Anonymous,1,0,0
Newbridge Serenity Group,53.1811721,-6.7994942,Wednesday,13:00,Alcoholics Anonymous,1,0,0
Newcastle Group,53.2994661,-6.5014008,Tuesday,20:30,Alcoholics Anonymous,1,0,0
Newcastle Group,53.2994661,-6.5014008,Thursday,20:30,Alcoholics Anonymous,1,0,0
Newcastle West AA,52.4530309,-9.0640564,Monday,20:30,Alcoholics Anonymous,1,0,0
Newcastle West AA,52.4530309,-9.0640564,Wednesday,13:00,Alcoholics Anonymous,1,0,0
Newcastle West AA,52.4530309,-9.0640564,Friday,13:00,Alcoholics Anonymous,1,0,0
Newcastle West AA,52.4530309,-9.0640564,Saturday,20:30,Alcoholics Anonymous,1,0,0
Newport Group,53.8870711,-9.5432553,Tuesday,21:00,Alcoholics Anonymous,1,0,0
Newport Group,53.8870711,-9.5432553,Thursday,21:00,Alcoholics Anonymous,1,0,0
Newport Group,52.7114757,-8.4119866,Tuesday,20:30,Alcoholics Anonymous,1,0,0
Oldcastle AA,53.768558,-7.1589907,Monday,20:30,Alcoholics Anonymous,1,0,0
Omeath,54.0838445,-6.2533197,Wednesday,20:30,Alcoholics Anonymous,1,0,0
Omeath,54.0838445,-6.2533197,Sunday,20:30,Alcoholics Anonymous,1,0,0
Patrickswell Group,52.5979956,-8.7077032,Wednesday,20:30,Alcoholics Anonymous,1,0,0
Pettigo,54.54943,-7.8320339,Tuesday,20:30,Alcoholics Anonymous,1,0,0
Piercestown Big Book,52.2881832,-6.4865399,Wednesday,19:00,Alcoholics Anonymous,1,0,0
Portlaoise First Things First,53.0268458,-7.3220704,Wednesday,20:30,Alcoholics Anonymous,1,0,0
Portlaoise First Things First,53.0268458,-7.3220704,Friday,20:30,Alcoholics Anonymous,1,0,0
Portlaoise First Things First,53.0268458,-7.3220704,Sunday,20:30,Alcoholics Anonymous,1,0,0
Portlaoise Serenity,53.035735,-7.2843408,Monday,19:00,Alcoholics Anonymous,1,0,0
Portlaoise Serenity,53.035735,-7.2843408,Thursday,19:00,Alcoholics Anonymous,1,0,0
Portlaoise Serenity,53.035735,-7.2843408,Saturday,11:00,Alcoholics Anonymous,1,0,0
Portlaoise Serenity 1,53.0351822,-7.2997044,Wednesday,13:00,Alcoholics Anonymous,1,0,0
Rathcoole AA,53.2825255,-6.468021,Wednesday,19:30,Alcoholics Anonymous,1,0,0
Rathcoole AA,53.2825255,-6.468021,Friday,19:30,Alcoholics Anonymous,1,0,0
Rathcoole AA,53.2825255,-6.468021,Sunday,11:30,Alcoholics Anonymous,1,0,0
Rathdowney Group,52.8552456,-7.5806153,Tuesday,20:30,Alcoholics Anonymous,1,0,0
Rathdowney Group,52.8552456,-7.5806153,Friday,20:30,Alcoholics Anonymous,1,0,0
Rathkeale AA Group,52.5219641,-8.9411403,Friday,20:30,Alcoholics Anonymous,1,0,0
Ratoath Group,53.5075319,-6.4629093,Monday,20:00,Alcoholics Anonymous,1,0,0
Rooskey AA Group,53.8330004,-7.9224942,Tuesday,21:00,Alcoholics Anonymous,1,0,0
Roscommon Town,53.6329387,-8.1902839,Tuesday,20:00,Alcoholics Anonymous,1,0,0
Roscommon Town,53.6329387,-8.1902839,Wednesday,13:00,Alcoholics Anonymous,1,0,0
Roscommon Town,53.6329387,-8.1902839,Thursday,20:00,Alcoholics Anonymous,1,0,0
Roscommon Town,53.6329387,-8.1902839,Friday,20:00,Alcoholics Anonymous,1,0,0
Roscommon Town,53.6329387,-8.1902839,Saturday,20:00,Alcoholics Anonymous,1,0,0
Roscommon Town,53.6329387,-8.1902839,Sunday,12:00,Alcoholics Anonymous,1,0,0
Roscrea Legion Hall,52.9523726,-7.7995674,Monday,13:00,Alcoholics Anonymous,1,0,0
Roscrea Legion Hall,52.9523726,-7.7995674,Saturday,20:30,Alcoholics Anonymous,1,0,0
Roscrea Wednesday Group,52.9523726,-7.7995674,Wednesday,20:30,Alcoholics Anonymous,1,0,0
Roxsborough How It Works Big Book Group,52.3214816,-6.449516,Sunday,20:00,Alcoholics Anonymous,1,0,0
Rush,53.5229205,-6.0965632,Wednesday,20:30,Alcoholics Anonymous,1,0,0
Rush,53.5229205,-6.0965632,Saturday,11:00,Alcoholics Anonymous,1,0,0
Rush,53.5229205,-6.0965632,Sunday,12:00,Alcoholics Anonymous,1,0,0
Shanagolden,52.5726298,-9.0995369,Tuesday,20:30,Alcoholics Anonymous,1,0,0
Shanagolden,52.5726298,-9.0995369,Saturday,20:30,Alcoholics Anonymous,1,0,0
Shannon Rineanna View Group,52.709235,-8.8641781,Monday,20:30,Alcoholics Anonymous,1,0,0
Shannon Rineanna View Group,52.709235,-8.8641781,Sunday,11:00,Alcoholics Anonymous,1,0,0
Shannonbridge,53.2795777,-8.046878,Friday,20:30,Alcoholics Anonymous,1,0,0
Silvermines,52.794361,-8.2366272,Sunday,20:30,Alcoholics Anonymous,1,0,0
Sixmilebridge AA Group,52.7430143,-8.7756826,Wednesday,20:30,Alcoholics Anonymous,1,0,0
Skibbereen,51.5495554,-9.2694418,Monday,20:30,Alcoholics Anonymous,1,0,0
Skibbereen,51.5495554,-9.2694418,Tuesday,13:00,Alcoholics Anonymous,1,0,0
Skibbereen,51.5495554,-9.2694418,Tuesday,20:30,Alcoholics Anonymous,1,0,0
Skibbereen,51.5495554,-9.2694418,Wednesday,20:30,Alcoholics Anonymous,1,0,0
Skibbereen,51.5495554,-9.2694418,Thursday,13:00,Alcoholics Anonymous,1,0,0
Skibbereen,51.5495554,-9.2694418,Thursday,20:30,Alcoholics Anonymous,1,0,0
Skibbereen,51.5495554,-9.2694418,Friday,20:30,Alcoholics Anonymous,1,0,0
Skibbereen,51.5495554,-9.2694418,Saturday,18:00,Alcoholics Anonymous,1,0,0
Skibbereen,51.5495554,-9.2694418,Sunday,20:30,Alcoholics Anonymous,1,0,0
Slane AA,53.7105796,-6.5412647,Thursday,13:00,Alcoholics Anonymous,1,0,0
Slane AA,53.7105796,-6.5412647,Sunday,19:30,Alcoholics Anonymous,1,0,0
Sligo AA Step Meeting,54.2694404,-8.4701019,Wednesday,19:15,Alcoholics Anonymous,1,0,0
Sligo Town Back To Basics,54.2694404,-8.4701019,Monday,13:00,Alcoholics Anonymous,1,0,0
Sligo Town Back To Basics,54.2694404,-8.4701019,Wednesday,13:00,Alcoholics Anonymous,1,0,0
Sligo Town Back To Basics,54.2694404,-8.4701019,Friday,13:00,Alcoholics Anonymous,1,0,0
Sligo Town Big Book,54.2721284,-8.4777107,Monday,18:30,Alcoholics Anonymous,1,0,0
Sligo Town Downtown AA Group,54.2682182,-8.4745355,Tuesday,13:00,Alcoholics Anonymous,1,0,0
Sligo Town Downtown AA Group,54.2682182,-8.4745355,Saturday,13:00,Alcoholics Anonymous,1,0,0
Sligo Town Gratitude,54.2724606,-8.4687767,Saturday,19:30,Alcoholics Anonymous,1,0,0
Sligo Town Ransboro,54.243611,-8.5405466,Sunday,21:00,Alcoholics Anonymous,1,0,0
Sligo Town St. Anne’S,54.2693137,-8.4663573,Thursday,21:00,Alcoholics Anonymous,1,0,0
Sligo Town St. Joseph’S,54.234535,-8.4458823,Tuesday,20:30,Alcoholics Anonymous,1,0,0
Sligo Town St. Michael’S,54.2694404,-8.4701019,Sunday,11:30,Alcoholics Anonymous,1,0,0
Stradbally,52.1357453,-7.4673049,Thursday,20:30,Alcoholics Anonymous,1,0,0
Strandhill As Bill Sees It,54.2768281,-8.5979454,Friday,19:30,Alcoholics Anonymous,1,0,0
Summerhill Group,53.4112209,-7.9888948,Sunday,20:30,Alcoholics Anonymous,1,0,0
Sutton,53.3897196,-6.104721,Tuesday,20:30,Alcoholics Anonymous,1,0,0
Sutton,53.3897196,-6.104721,Thursday,20:30,Alcoholics Anonymous,1,0,0
Sutton,53.3897196,-6.104721,Friday,20:30,Alcoholics Anonymous,1,0,0
Sutton,53.3897196,-6.104721,Sunday,12:30,Alcoholics Anonymous,1,0,0
Swanlinbar,54.1963004,-7.7040845,Monday,20:30,Alcoholics Anonymous,1,0,0
Swinford,53.9436285,-8.9550648,Monday,20:30,Alcoholics Anonymous,1,0,0
Swinford,53.9436285,-8.9550648,Saturday,20:30,Alcoholics Anonymous,1,0,0
Tallow,52.0949037,-8.0068202,Sunday,20:30,Alcoholics Anonymous,1,0,0
Tarbert,52.5693486,-9.3738407,Saturday,20:30,Alcoholics Anonymous,1,0,0
Templemore Dom’S Room,52.7952168,-7.8316021,Friday,20:30,Alcoholics Anonymous,1,0,0
Templemore Monday Night,52.7973199,-7.8285534,Monday,20:30,Alcoholics Anonymous,1,0,0
Thomastown Group,52.5273398,-7.1355115,Friday,20:30,Alcoholics Anonymous,1,0,0
Thurles,52.6738605,-7.8216092,Tuesday,20:30,Alcoholics Anonymous,1,0,0
Thurles,52.6738605,-7.8216092,Thursday,20:30,Alcoholics Anonymous,1,0,0
Thurles,52.6738605,-7.8216092,Saturday,20:30,Alcoholics Anonymous,1,0,0
Tinahely,52.7970301,-6.4568256,Friday,20:30,Alcoholics Anonymous,1,0,0
Tipperary Town Group AA,52.4736499,-8.1618004,Monday,20:30,Alcoholics Anonymous,1,0,0
Tipperary Town Group AA,52.4736499,-8.1618004,Thursday,20:30,Alcoholics Anonymous,1,0,0
Tipperary Town Group AA,52.4736499,-8.1618004,Sunday,20:30,Alcoholics Anonymous,1,0,0
Townparks Cahir Hope Group,52.3720355,-7.9156449,Tuesday,11:30,Alcoholics Anonymous,1,0,0
Townparks Cahir Hope Group,52.3720355,-7.9156449,Thursday,19:30,Alcoholics Anonymous,1,0,0
Townparks Cahir Hope Group,52.3720355,-7.9156449,Sunday,11:00,Alcoholics Anonymous,1,0,0
Tramore,52.1629681,-7.149167,Wednesday,20:00,Alcoholics Anonymous,1,0,0
Tramore,52.1629681,-7.149167,Friday,20:00,Alcoholics Anonymous,1,0,0
Trim Mustard Seed,53.5524134,-6.7922729,Wednesday,20:00,Alcoholics Anonymous,1,0,0
Tubbercurry,54.0529783,-8.7265988,Tuesday,20:30,Alcoholics Anonymous,1,0,0
Tubbercurry,54.0529783,-8.7265988,Sunday,20:30,Alcoholics Anonymous,1,0,0
Tulla,52.8663875,-8.7564071,Monday,20:30,Alcoholics Anonymous,1,0,0
Tulla,52.8663875,-8.7564071,Sunday,20:30,Alcoholics Anonymous,1,0,0
Tullamore,53.2720655,-7.4898247,Monday,20:15,Alcoholics Anonymous,1,0,0
Tullamore,53.2720655,-7.4898247,Tuesday,13:00,Alcoholics Anonymous,1,0,0
Tullamore,53.2720655,-7.4898247,Wednesday,20:15,Alcoholics Anonymous,1,0,0
Tullamore,53.2720655,-7.4898247,Thursday,20:15,Alcoholics Anonymous,1,0,0
Tullamore,53.2720655,-7.4898247,Friday,13:00,Alcoholics Anonymous,1,0,0
Tullamore,53.2720655,-7.4898247,Saturday,20:15,Alcoholics Anonymous,1,0,0
Tullamore,53.2720655,-7.4898247,Sunday,12:00,Alcoholics Anonymous,1,0,0
Tullamore,53.2720655,-7.4898247,Sunday,20:15,Alcoholics Anonymous,1,0,0
Tullamore Phoenix Group,53.2728387,-7.4807941,Wednesday,20:30,Alcoholics Anonymous,1,0,0
Tullamore Phoenix Group,53.2728387,-7.4807941,Saturday,20:30,Alcoholics Anonymous,1,0,0
Tullow Teach Brid,52.8014087,-6.7323462,Sunday,11:15,Alcoholics Anonymous,1,0,0
Tullow Thursday Group,52.8013624,-6.7322472,Thursday,20:30,Alcoholics Anonymous,1,0,0
Tullow Together We Can,52.8014087,-6.7323462,Saturday,11:00,Alcoholics Anonymous,1,0,0
Virginia AA Group,53.8316293,-7.0676282,Saturday,20:30,Alcoholics Anonymous,1,0,0
Waterford City Serenity Group,52.2532157,-7.0999275,Monday,20:30,Alcoholics Anonymous,1,0,0
Waterford City Serenity Group,52.2532157,-7.0999275,Friday,20:30,Alcoholics Anonymous,1,0,0
Waterford City St. John’S,52.2574053,-7.1104503,Monday,12:30,Alcoholics Anonymous,1,0,0
Waterford City St. John’S,52.2574053,-7.1104503,Tuesday,12:30,Alcoholics Anonymous,1,0,0
Waterford City St. John’S,52.2574053,-7.1104503,Wednesday,12:30,Alcoholics Anonymous,1,0,0
Waterford City St. John’S,52.2574053,-7.1104503,Thursday,12:30,Alcoholics Anonymous,1,0,0
Waterford City St. John’S,52.2574053,-7.1104503,Friday,12:30,Alcoholics Anonymous,1,0,0
Waterford New Beginnings AA Group,52.260318,-7.1141577,Tuesday,20:30,Alcoholics Anonymous,1,0,0
Waterford New Beginnings AA Group,52.260318,-7.1141577,Friday,20:30,Alcoholics Anonymous,1,0,0
Waterville AA,51.8286893,-10.1735945,Monday,20:30,Alcoholics Anonymous,1,0,0
Waterville AA,51.8286893,-10.1735945,Friday,20:30,Alcoholics Anonymous,1,0,0
Westport,53.8011456,-9.5222281,Monday,11:00,Alcoholics Anonymous,1,0,0
Westport,53.8011456,-9.5222281,Tuesday,11:00,Alcoholics Anonymous,1,0,0
Westport,53.8011456,-9.5222281,Wednesday,11:00,Alcoholics Anonymous,1,0,0
Westport,53.8011456,-9.5222281,Wednesday,18:00,Alcoholics Anonymous,1,0,0
Westport,53.8011456,-9.5222281,Thursday,11:00,Alcoholics Anonymous,1,0,0
Westport,53.8011456,-9.5222281,Friday,11:00,Alcoholics Anonymous,1,0,0
Westport,53.8011456,-9.5222281,Saturday,11:00,Alcoholics Anonymous,1,0,0
Westport,53.8011456,-9.5222281,Sunday,17:00,Alcoholics Anonymous,1,0,0
Westport Sharkey Hill,53.8036981,-9.5307772,Wednesday,19:45,Alcoholics Anonymous,1,0,0
Westport Sharkey Hill,53.8036981,-9.5307772,Sunday,09:30,Alcoholics Anonymous,1,0,0
Westport Social Service Group,53.8006256,-9.5227017,Monday,20:30,Alcoholics Anonymous,1,0,0
Westport Social Service Group,53.8006256,-9.5227017,Thursday,20:30,Alcoholics Anonymous,1,0,0
Westport Social Service Group,53.8006256,-9.5227017,Saturday,20:30,Alcoholics Anonymous,1,0,0
Wexford Parish Hall Group,52.3375373,-6.4650602,Monday,13:00,Alcoholics Anonymous,1,0,0
Wexford Parish Hall Group,52.3375373,-6.4650602,Monday,20:30,Alcoholics Anonymous,1,0,0
Wexford Parish Hall Group,52.3375373,-6.4650602,Tuesday,13:00,Alcoholics Anonymous,1,0,0
Wexford Parish Hall Group,52.3375373,-6.4650602,Wednesday,13:00,Alcoholics Anonymous,1,0,0
Wexford Parish Hall Group,52.3375373,-6.4650602,Wednesday,20:30,Alcoholics Anonymous,1,0,0
Wexford Parish Hall Group,52.3375373,-6.4650602,Friday,13:00,Alcoholics Anonymous,1,0,0
Wexford Parish Hall Group,52.3375373,-6.4650602,Friday,20:30,Alcoholics Anonymous,1,0,0
Wexford Parish Hall Group,52.3375373,-6.4650602,Saturday,13:00,Alcoholics Anonymous,1,0,0
Wexford Parish Hall Group,52.3375373,-6.4650602,Saturday,20:30,Alcoholics Anonymous,1,0,0
Wexford Parish Hall Group,52.3375373,-6.4650602,Sunday,13:00,Alcoholics Anonymous,1,0,0
Wexford Parish Hall Group,52.3375373,-6.4650602,Sunday,20:30,Alcoholics Anonymous,1,0,0
Wicklow Town,52.9794747,-6.0451453,Monday,20:00,Alcoholics Anonymous,1,0,0
Wicklow Town,52.9794747,-6.0451453,Thursday,20:00,Alcoholics Anonymous,1,0,0
Wicklow Town,52.9794747,-6.0451453,Saturday,18:30,Alcoholics Anonymous,1,0,0
Williamstown Waterpark Group,52.2429151,-7.0885162,Tuesday,20:30,Alcoholics Anonymous,1,0,0
Williamstown Waterpark Group,52.2429151,-7.0885162,Thursday,20:30,Alcoholics Anonymous,1,0,0
Youghal,51.94609,-7.8458696,Monday,20:30,Alcoholics Anonymous,1,0,0
Youghal,51.94609,-7.8458696,Tuesday,13:00,Alcoholics Anonymous,1,0,0
Youghal,51.94609,-7.8458696,Wednesday,20:30,Alcoholics Anonymous,1,0,0
Youghal,51.94609,-7.8458696,Thursday,20:30,Alcoholics Anonymous,1,0,0
Youghal,51.94609,-7.8458696,Friday,13:00,Alcoholics Anonymous,1,0,0
Youghal,51.94609,-7.8458696,Saturday,20:30,Alcoholics Anonymous,1,0,0
Youghal,51.94609,-7.8458696,Sunday,11:30,Alcoholics Anonymous,1,0,0
Aghada AA,51.8376377,-8.208432,Wednesday,20:30,Alcoholics Anonymous,1,0,0
Ballincollig,51.8867067,-8.5912603,Monday,20:30,Alcoholics Anonymous,1,0,0
Ballincollig,51.8867067,-8.5912603,Wednesday,18:00,Alcoholics Anonymous,1,0,0
Ballincollig,51.8867067,-8.5912603,Friday,20:30,Alcoholics Anonymous,1,0,0
Ballincollig,51.8867067,-8.5912603,Sunday,10:30,Alcoholics Anonymous,1,0,0
Ballincollig,51.8867067,-8.5912603,Sunday,18:00,Alcoholics Anonymous,1,0,0
Ballinlough The Big Book Group,51.8844737,-8.4472085,Wednesday,12:45,Alcoholics Anonymous,1,0,0
Ballyphehane,51.8831111,-8.477704,Tuesday,20:30,Alcoholics Anonymous,1,0,0
Ballyphehane,51.8831111,-8.477704,Thursday,20:30,Alcoholics Anonymous,1,0,0
Ballyphehane,51.8831111,-8.477704,Saturday,16:30,Alcoholics Anonymous,1,0,0
Ballyphehane,51.8831111,-8.477704,Sunday,20:30,Alcoholics Anonymous,1,0,0
Bandon,51.7488193,-8.743928,Wednesday,20:30,Alcoholics Anonymous,1,0,0
Bandon,51.7488193,-8.743928,Friday,20:30,Alcoholics Anonymous,1,0,0
Bandon,51.7488193,-8.743928,Saturday,20:30,Alcoholics Anonymous,1,0,0
Bandon,51.7488193,-8.743928,Sunday,11:30,Alcoholics Anonymous,1,0,0
Bandon,51.7488193,-8.743928,Sunday,20:30,Alcoholics Anonymous,1,0,0
Bandon Riverview,51.7467754,-8.7385223,Monday,20:00,Alcoholics Anonymous,1,0,0
Bandon Riverview,51.7467754,-8.7385223,Tuesday,18:00,Alcoholics Anonymous,1,0,0
Bandon Riverview,51.7467754,-8.7385223,Thursday,18:00,Alcoholics Anonymous,1,0,0
Bandon Riverview,51.7467754,-8.7385223,Saturday,18:00,Alcoholics Anonymous,1,0,0
Bantry 1,51.6809208,-9.4530819,Thursday,20:30,Alcoholics Anonymous,1,0,0
Bantry Hospital Group,51.6754644,-9.4497981,Tuesday,20:30,Alcoholics Anonymous,1,0,0
Bantry Hospital Group,51.6754644,-9.4497981,Saturday,20:30,Alcoholics Anonymous,1,0,0
Blackpool,51.9109077,-8.474349,Tuesday,20:30,Alcoholics Anonymous,1,0,0
Blackpool,51.9109077,-8.474349,Thursday,20:30,Alcoholics Anonymous,1,0,0
Blackpool,51.9109077,-8.474349,Friday,20:30,Alcoholics Anonymous,1,0,0
Blackpool,51.9109077,-8.474349,Sunday,20:30,Alcoholics Anonymous,1,0,0
Carrigaline,51.8148503,-8.387194,Tuesday,20:30,Alcoholics Anonymous,1,0,0
Carrigaline,51.8148503,-8.387194,Wednesday,18:30,Alcoholics Anonymous,1,0,0
Carrigaline,51.8148503,-8.387194,Friday,20:30,Alcoholics Anonymous,1,0,0
Carrigaline,51.8148503,-8.387194,Saturday,18:00,Alcoholics Anonymous,1,0,0
Carrigaline,51.8148503,-8.387194,Sunday,13:30,Alcoholics Anonymous,1,0,0
Carrigaline,51.8148503,-8.387194,Sunday,20:30,Alcoholics Anonymous,1,0,0
Carrigtwohill Big Book Step Group,51.9095267,-8.2597895,Friday,20:30,Alcoholics Anonymous,1,0,0
Castlemartyr Step & Tradition,51.9162732,-8.0552684,Wednesday,20:30,Alcoholics Anonymous,1,0,0
Clonakilty,51.6229903,-8.8930776,Monday,20:30,Alcoholics Anonymous,1,0,0
Cloyne Mens Shed Serenity Group,51.8615003,-8.120647,Monday,20:30,Alcoholics Anonymous,1,0,0
Cobh,51.8514737,-8.293747,Monday,20:30,Alcoholics Anonymous,1,0,0
Cobh,51.8514737,-8.293747,Wednesday,20:30,Alcoholics Anonymous,1,0,0
Cobh,51.8514737,-8.293747,Friday,20:30,Alcoholics Anonymous,1,0,0
Cobh,51.8514737,-8.293747,Saturday,18:00,Alcoholics Anonymous,1,0,0
Cobh,51.8514737,-8.293747,Sunday,12:00,Alcoholics Anonymous,1,0,0
Cork City Blackrock Road Group,51.8946868,-8.4483723,Monday,19:30,Alcoholics Anonymous,1,0,0
Cork City Blackrock Road Group,51.8946868,-8.4483723,Thursday,19:30,Alcoholics Anonymous,1,0,0
Cork City Cork Second,51.8972185,-8.4723289,Tuesday,20:30,Alcoholics Anonymous,1,0,0
Cork City Cork Second,51.8972185,-8.4723289,Thursday,20:30,Alcoholics Anonymous,1,0,0
Cork City Cork Second,51.8972185,-8.4723289,Saturday,20:30,Alcoholics Anonymous,1,0,0
Cork City Emigranci,51.8946622,-8.4946223,Sunday,19:00,Alcoholics Anonymous,1,0,0
Cork City Emotional Sobriety,51.8897706,-8.4458148,Saturday,18:00,Alcoholics Anonymous,1,0,0
Cork City Emotional Sobriety,51.8920536,-8.4686157,Sunday,20:30,Alcoholics Anonymous,1,0,0
Cork City Frankfield,51.8651382,-8.4570963,Monday,20:00,Alcoholics Anonymous,1,0,0
Cork City Frankfield,51.8651382,-8.4570963,Thursday,20:00,Alcoholics Anonymous,1,0,0
Cork City Grange,51.8672452,-8.453517,Wednesday,20:30,Alcoholics Anonymous,1,0,0
Cork City Grange,51.8672452,-8.453517,Sunday,20:30,Alcoholics Anonymous,1,0,0
Cork City Grattan Street,51.8991479,-8.4802404,Monday,10:00,Alcoholics Anonymous,1,0,0
Cork City Grattan Street,51.8991479,-8.4802404,Monday,12:45,Alcoholics Anonymous,1,0,0
Cork City Grattan Street,51.8991479,-8.4802404,Tuesday,07:30,Alcoholics Anonymous,1,0,0
Cork City Grattan Street,51.8991479,-8.4802404,Tuesday,12:45,Alcoholics Anonymous,1,0,0
Cork City Grattan Street,51.8991479,-8.4802404,Wednesday,10:00,Alcoholics Anonymous,1,0,0
Cork City Grattan Street,51.8991479,-8.4802404,Wednesday,12:45,Alcoholics Anonymous,1,0,0
Cork City Grattan Street,51.8991479,-8.4802404,Thursday,12:45,Alcoholics Anonymous,1,0,0
Cork City Grattan Street,51.8991479,-8.4802404,Friday,10:00,Alcoholics Anonymous,1,0,0
Cork City Grattan Street,51.8991479,-8.4802404,Friday,12:45,Alcoholics Anonymous,1,0,0
Cork City Grattan Street,51.8991479,-8.4802404,Sunday,12:45,Alcoholics Anonymous,1,0,0
Cork City Mayfield,51.9113729,-8.4422311,Monday,20:30,Alcoholics Anonymous,1,0,0
Cork City Mayfield,51.9113729,-8.4422311,Tuesday,20:30,Alcoholics Anonymous,1,0,0
Cork City Mayfield,51.9113729,-8.4422311,Wednesday,20:30,Alcoholics Anonymous,1,0,0
Cork City Mayfield,51.9113729,-8.4422311,Thursday,20:30,Alcoholics Anonymous,1,0,0
Cork City Mayfield,51.9113729,-8.4422311,Friday,20:30,Alcoholics Anonymous,1,0,0
Cork City Mayfield,51.9113729,-8.4422311,Saturday,15:45,Alcoholics Anonymous,1,0,0
Cork City Mayfield,51.9113729,-8.4422311,Sunday,12:30,Alcoholics Anonymous,1,0,0
Cork City Mayfield,51.9113729,-8.4422311,Sunday,20:30,Alcoholics Anonymous,1,0,0
Cork City Patrick’S Hill,51.9023358,-8.4697923,Monday,13:00,Alcoholics Anonymous,1,0,0
Cork City Patrick’S Hill,51.9023358,-8.4697923,Monday,20:30,Alcoholics Anonymous,1,0,0
Cork City Patrick’S Hill,51.9023358,-8.4697923,Tuesday,13:00,Alcoholics Anonymous,1,0,0
Cork City Patrick’S Hill,51.9023358,-8.4697923,Tuesday,20:30,Alcoholics Anonymous,1,0,0
Cork City Patrick’S Hill,51.9023358,-8.4697923,Wednesday,13:00,Alcoholics Anonymous,1,0,0
Cork City Patrick’S Hill,51.9023358,-8.4697923,Wednesday,20:30,Alcoholics Anonymous,1,0,0
Cork City Patrick’S Hill,51.9023358,-8.4697923,Thursday,13:00,Alcoholics Anonymous,1,0,0
Cork City Patrick’S Hill,51.9023358,-8.4697923,Thursday,20:30,Alcoholics Anonymous,1,0,0
Cork City Patrick’S Hill,51.9023358,-8.4697923,Friday,13:00,Alcoholics Anonymous,1,0,0
Cork City Patrick’S Hill,51.9023358,-8.4697923,Friday,20:30,Alcoholics Anonymous,1,0,0
Cork City Patrick’S Hill,51.9023358,-8.4697923,Saturday,10:00,Alcoholics Anonymous,1,0,0
Cork City Patrick’S Hill,51.9023358,-8.4697923,Saturday,13:00,Alcoholics Anonymous,1,0,0
Cork City Patrick’S Hill,51.9023358,-8.4697923,Saturday,20:30,Alcoholics Anonymous,1,0,0
Cork City Patrick’S Hill,51.9023358,-8.4697923,Sunday,13:00,Alcoholics Anonymous,1,0,0
Cork City Patrick’S Hill,51.9023358,-8.4697923,Sunday,18:00,Alcoholics Anonymous,1,0,0
Cork City Patrick’S Hill,51.9023358,-8.4697923,Sunday,20:30,Alcoholics Anonymous,1,0,0
Cork City Popes Quay Group,51.9021062,-8.4741366,Monday,18:00,Alcoholics Anonymous,1,0,0
Cork City Popes Quay Group,51.9021062,-8.4741366,Wednesday,18:00,Alcoholics Anonymous,1,0,0
Cork City Popes Quay Group,51.9021062,-8.4741366,Friday,17:30,Alcoholics Anonymous,1,0,0
Cork City Rock Steps,51.9018241,-8.481367,Tuesday,18:00,Alcoholics Anonymous,1,0,0
Cork City Rock Steps,51.9018241,-8.481367,Friday,18:00,Alcoholics Anonymous,1,0,0
Cork City Rutland Street,51.894202,-8.469278,Thursday,18:00,Alcoholics Anonymous,1,0,0
Cork City Solas,51.8896162,-8.474171,Sunday,09:30,Alcoholics Anonymous,1,0,0
Cork City Solas,51.8883244,-8.5080773,Monday,20:00,Alcoholics Anonymous,1,0,0
Cork City Solas,51.8883244,-8.5080773,Friday,11:00,Alcoholics Anonymous,1,0,0
Cork City Solas,51.8883244,-8.5080773,Friday,20:00,Alcoholics Anonymous,1,0,0
Cork City The Lough,51.8904496,-8.4806424,Monday,18:00,Alcoholics Anonymous,1,0,0
Cork City The Lough,51.8904496,-8.4806424,Tuesday,18:00,Alcoholics Anonymous,1,0,0
Cork City The Lough,51.8904496,-8.4806424,Thursday,18:00,Alcoholics Anonymous,1,0,0
Cork City Watergrasshill,52.0145629,-8.3399441,Saturday,20:30,Alcoholics Anonymous,1,0,0
Cork City Western Road,51.8939645,-8.5036275,Wednesday,20:30,Alcoholics Anonymous,1,0,0
Cork City Western Road,51.8939645,-8.5036275,Sunday,11:00,Alcoholics Anonymous,1,0,0
Crosshaven,51.8009612,-8.2949304,Monday,20:30,Alcoholics Anonymous,1,0,0
Crosshaven,51.8009612,-8.2949304,Thursday,20:30,Alcoholics Anonymous,1,0,0
Crosshaven,51.8009612,-8.2949304,Saturday,20:30,Alcoholics Anonymous,1,0,0
Doneraile,52.2186171,-8.5910285,Wednesday,20:30,Alcoholics Anonymous,1,0,0
Donoughmore,51.9881248,-8.6976799,Thursday,20:30,Alcoholics Anonymous,1,0,0
Douglas Group,51.8786921,-8.4423516,Monday,20:30,Alcoholics Anonymous,1,0,0
Douglas Group,51.8786921,-8.4423516,Friday,20:30,Alcoholics Anonymous,1,0,0
Dunmanway,51.7169971,-9.1211119,Thursday,20:30,Alcoholics Anonymous,1,0,0
Dunmanway,51.7169971,-9.1211119,Saturday,20:30,Alcoholics Anonymous,1,0,0
Farranree,51.913434,-8.4845525,Tuesday,20:15,Alcoholics Anonymous,1,0,0
Farranree,51.913434,-8.4845525,Thursday,20:15,Alcoholics Anonymous,1,0,0
Farranree,51.913434,-8.4845525,Saturday,15:00,Alcoholics Anonymous,1,0,0
Farranree,51.913434,-8.4845525,Sunday,12:45,Alcoholics Anonymous,1,0,0
Fermoy,52.1423217,-8.2764983,Wednesday,20:30,Alcoholics Anonymous,1,0,0
Fermoy,52.1423217,-8.2764983,Friday,13:00,Alcoholics Anonymous,1,0,0
Fermoy,52.1423217,-8.2764983,Sunday,20:30,Alcoholics Anonymous,1,0,0
Gurranabraher,51.904542,-8.4917708,Monday,20:30,Alcoholics Anonymous,1,0,0
Gurranabraher,51.904542,-8.4917708,Wednesday,20:30,Alcoholics Anonymous,1,0,0
Gurranabraher,51.904542,-8.4917708,Friday,20:30,Alcoholics Anonymous,1,0,0
Gurranabraher,51.904542,-8.4917708,Sunday,18:00,Alcoholics Anonymous,1,0,0
Kanturk Town Park,52.1663266,-8.921607,Sunday,20:30,Alcoholics Anonymous,1,0,0
Kenmare,51.8752231,-9.5844929,Wednesday,20:30,Alcoholics Anonymous,1,0,0
Kenmare,51.8752231,-9.5844929,Friday,20:30,Alcoholics Anonymous,1,0,0
Kenmare,51.8752231,-9.5844929,Sunday,20:30,Alcoholics Anonymous,1,0,0
Knocknaheeney Keep Coming Back,51.9051256,-8.5044449,Tuesday,20:00,Alcoholics Anonymous,1,0,0
Knocknaheeney Keep Coming Back,51.9051256,-8.5044449,Friday,18:00,Alcoholics Anonymous,1,0,0
Lyre,52.0817595,-8.8580581,Wednesday,20:30,Alcoholics Anonymous,1,0,0
Macroom,51.9056537,-8.96377,Monday,20:30,Alcoholics Anonymous,1,0,0
Macroom,51.9056537,-8.96377,Wednesday,20:30,Alcoholics Anonymous,1,0,0
Macroom,51.9056537,-8.96377,Friday,20:30,Alcoholics Anonymous,1,0,0
Macroom,51.9056537,-8.96377,Saturday,19:00,Alcoholics Anonymous,1,0,0
Macroom,51.9056537,-8.96377,Sunday,19:00,Alcoholics Anonymous,1,0,0
Mallow Mercy Centre,52.1410518,-8.6425393,Monday,13:00,Alcoholics Anonymous,1,0,0
Mallow Mercy Centre,52.1410518,-8.6425393,Monday,20:00,Alcoholics Anonymous,1,0,0
Mallow Mercy Centre,52.1410518,-8.6425393,Thursday,13:00,Alcoholics Anonymous,1,0,0
Mallow Mercy Centre,52.1410518,-8.6425393,Friday,20:00,Alcoholics Anonymous,1,0,0
Mallow Mercy Centre,52.1410518,-8.6425393,Saturday,13:00,Alcoholics Anonymous,1,0,0
Mallow Mercy Centre,52.1410518,-8.6425393,Sunday,11:30,Alcoholics Anonymous,1,0,0
Mallow Southside,52.1309455,-8.6458747,Wednesday,20:30,Alcoholics Anonymous,1,0,0
Mallow Southside,52.1309455,-8.6458747,Sunday,20:00,Alcoholics Anonymous,1,0,0
Mallow St. Patricks Big Book Group,52.1298853,-8.6367556,Tuesday,19:30,Alcoholics Anonymous,1,0,0
Midleton Morning,51.9114755,-8.168872,Monday,09:45,Alcoholics Anonymous,1,0,0
Midleton Morning,51.9114755,-8.168872,Thursday,09:45,Alcoholics Anonymous,1,0,0
Midleton Morning,51.9114755,-8.168872,Saturday,11:00,Alcoholics Anonymous,1,0,0
Midleton Owennacurra,51.9182188,-8.1715663,Tuesday,20:30,Alcoholics Anonymous,1,0,0
Midleton Owennacurra,51.9182188,-8.1715663,Thursday,20:30,Alcoholics Anonymous,1,0,0
Midleton Owennacurra,51.9182188,-8.1715663,Saturday,20:30,Alcoholics Anonymous,1,0,0
Newmarket,52.2100593,-8.9941882,Tuesday,20:30,Alcoholics Anonymous,1,0,0
Newmarket,52.2100593,-8.9941882,Thursday,20:30,Alcoholics Anonymous,1,0,0
Newmarket,52.2100593,-8.9941882,Sunday,11:30,Alcoholics Anonymous,1,0,0
Passage West,51.8720626,-8.3362128,Tuesday,18:00,Alcoholics Anonymous,1,0,0
Passage West,51.8720626,-8.3362128,Thursday,20:30,Alcoholics Anonymous,1,0,0
Passage West,51.8720626,-8.3362128,Sunday,20:30,Alcoholics Anonymous,1,0,0
Riverstown Group,51.9286142,-8.3963079,Tuesday,20:30,Alcoholics Anonymous,1,0,0
Riverstown Group,51.9286142,-8.3963079,Thursday,20:30,Alcoholics Anonymous,1,0,0
Riverstown Group,51.9286142,-8.3963079,Sunday,18:00,Alcoholics Anonymous,1,0,0
Rosscarbery Group,51.5769523,-9.0326762,Wednesday,20:30,Alcoholics Anonymous,1,0,0
Rosscarbery Group,51.5769523,-9.0326762,Saturday,20:30,Alcoholics Anonymous,1,0,0
Rosscarbery Group,51.5769523,-9.0326762,Sunday,11:00,Alcoholics Anonymous,1,0,0
Schull,51.5250753,-9.5463991,Wednesday,20:30,Alcoholics Anonymous,1,0,0
Schull,51.5250753,-9.5463991,Friday,19:00,Alcoholics Anonymous,1,0,0
Schull,51.5250753,-9.5463991,Sunday,20:30,Alcoholics Anonymous,1,0,0
Skibbereen Recovery Group,51.5535951,-9.2632917,Sunday,09:00,Alcoholics Anonymous,1,0,0
Wilton Bishopstown Curraheen,51.8802091,-8.5092509,Thursday,20:00,Alcoholics Anonymous,1,0,0
Ardara,54.7641325,-8.4075766,Saturday,20:30,Alcoholics Anonymous,1,0,0
Ballyshannon,54.5039825,-8.189812,Monday,20:30,Alcoholics Anonymous,1,0,0
Bruckless,54.6406517,-8.3904285,Tuesday,20:30,Alcoholics Anonymous,1,0,0
Buncrana Amazing Grace AA Group,55.1333396,-7.4559853,Tuesday,20:30,Alcoholics Anonymous,1,0,0
Buncrana Amazing Grace AA Group,55.1333396,-7.4559853,Thursday,11:30,Alcoholics Anonymous,1,0,0
Buncrana Amazing Grace AA Group,55.1333396,-7.4559853,Friday,20:30,Alcoholics Anonymous,1,0,0
Buncrana Amazing Grace AA Group,55.1333396,-7.4559853,Saturday,11:30,Alcoholics Anonymous,1,0,0
Buncrana Amazing Grace AA Group,55.1333396,-7.4559853,Sunday,20:00,Alcoholics Anonymous,1,0,0
Bundoran,54.4761345,-8.277348,Thursday,20:30,Alcoholics Anonymous,1,0,0
Bundoran,54.4761345,-8.277348,Sunday,12:00,Alcoholics Anonymous,1,0,0
Bundoran,54.4761345,-8.277348,Sunday,20:30,Alcoholics Anonymous,1,0,0
Convoy AA Group,54.8579653,-7.6588888,Sunday,20:30,Alcoholics Anonymous,1,0,0
Donegal Town AA,54.6547357,-8.0937807,Sunday,12:30,Alcoholics Anonymous,1,0,0
Donegal Town AA,54.6547357,-8.0937807,Sunday,20:30,Alcoholics Anonymous,1,0,0
Donegal Town Promises Group,54.6552068,-8.1088771,Tuesday,18:30,Alcoholics Anonymous,1,0,0
Donegal Town Promises Group,54.6552068,-8.1088771,Thursday,20:30,Alcoholics Anonymous,1,0,0
Donegal Town Promises Group,54.6552068,-8.1088771,Saturday,20:30,Alcoholics Anonymous,1,0,0
Dungloe,54.9519574,-8.3576462,Wednesday,20:30,Alcoholics Anonymous,1,0,0
Dungloe,54.9519574,-8.3576462,Sunday,20:30,Alcoholics Anonymous,1,0,0
Falcarragh AA Group,55.1373056,-8.0960729,Monday,20:30,Alcoholics Anonymous,1,0,0
Falcarragh AA Group,55.1373056,-8.0960729,Sunday,20:30,Alcoholics Anonymous,1,0,0
Glenties Clear Cut Directions,54.7994346,-8.2853643,Monday,20:30,Alcoholics Anonymous,1,0,0
Glenties Clear Cut Directions,54.7994346,-8.2853643,Thursday,20:30,Alcoholics Anonymous,1,0,0
Killybegs,54.6391025,-8.4411657,Friday,20:30,Alcoholics Anonymous,1,0,0
Letterkenny  New Beginnings Group,54.9521118,-7.7392139,Monday,11:00,Alcoholics Anonymous,1,0,0
Letterkenny  New Beginnings Group,54.9521118,-7.7392139,Tuesday,19:30,Alcoholics Anonymous,1,0,0
Letterkenny  New Beginnings Group,54.9521118,-7.7392139,Wednesday,18:00,Alcoholics Anonymous,1,0,0
Letterkenny  New Beginnings Group,54.9521118,-7.7392139,Thursday,17:30,Alcoholics Anonymous,1,0,0
Letterkenny  New Beginnings Group,54.9521118,-7.7392139,Friday,17:30,Alcoholics Anonymous,1,0,0
Letterkenny  New Beginnings Group,54.9521118,-7.7392139,Saturday,11:00,Alcoholics Anonymous,1,0,0
Letterkenny  New Beginnings Group,54.9521118,-7.7392139,Sunday,11:00,Alcoholics Anonymous,1,0,0
Letterkenny  New Beginnings Group,54.9521118,-7.7392139,Sunday,19:30,Alcoholics Anonymous,1,0,0
Letterkenny A Vision For You,54.9571525,-7.7136043,Tuesday,10:30,Alcoholics Anonymous,1,0,0
Letterkenny A Vision For You,54.9571525,-7.7136043,Saturday,20:30,Alcoholics Anonymous,1,0,0
Letterkenny Big Book Meeting,54.9520454,-7.7390799,Monday,20:30,Alcoholics Anonymous,1,0,0
Letterkenny Creeslough Ards,55.1584057,-7.8636752,Friday,20:30,Alcoholics Anonymous,1,0,0
Letterkenny How It Works,54.9505245,-7.7399411,Friday,13:00,Alcoholics Anonymous,1,0,0
Letterkenny Pearse Road AA Meeting,54.9482635,-7.7360544,Wednesday,20:30,Alcoholics Anonymous,1,0,0
Letterkenny Pearse Road AA Meeting,54.9482635,-7.7360544,Friday,20:30,Alcoholics Anonymous,1,0,0
Letterkenny Primary Purpose Group,54.9491783,-7.7324493,Monday,12:30,Alcoholics Anonymous,1,0,0
Letterkenny Primary Purpose Group,54.9491783,-7.7324493,Tuesday,12:30,Alcoholics Anonymous,1,0,0
Letterkenny Primary Purpose Group,54.9491783,-7.7324493,Wednesday,12:30,Alcoholics Anonymous,1,0,0
Letterkenny Primary Purpose Group,54.9491783,-7.7324493,Thursday,12:30,Alcoholics Anonymous,1,0,0
Letterkenny Primary Purpose Group,54.9491783,-7.7324493,Friday,12:30,Alcoholics Anonymous,1,0,0
Letterkenny Primary Purpose Group,54.9491783,-7.7324493,Sunday,16:00,Alcoholics Anonymous,1,0,0
Lifford Friday Cross Border,54.8348411,-7.4910691,Friday,20:00,Alcoholics Anonymous,1,0,0
Milford,55.0883927,-7.6989621,Thursday,20:30,Alcoholics Anonymous,1,0,0
Newtowncunningham,54.995271,-7.5229144,Monday,20:30,Alcoholics Anonymous,1,0,0
Newtowncunningham,54.995271,-7.5229144,Thursday,20:30,Alcoholics Anonymous,1,0,0
Raphoe,54.8756865,-7.5880645,Tuesday,20:30,Alcoholics Anonymous,1,0,0
Stranorlar,54.8053346,-7.774617,Monday,20:30,Alcoholics Anonymous,1,0,0
Stranorlar,54.8053346,-7.774617,Friday,20:30,Alcoholics Anonymous,1,0,0
Stranorlar,54.8053346,-7.774617,Sunday,12:00,Alcoholics Anonymous,1,0,0
Termon,55.0501077,-7.8332942,Saturday,20:30,Alcoholics Anonymous,1,0,0
Artane,53.384264,-6.2153285,Monday,13:00,Alcoholics Anonymous,1,0,0
Artane,53.384264,-6.2153285,Tuesday,20:30,Alcoholics Anonymous,1,0,0
Artane,53.384264,-6.2153285,Thursday,20:30,Alcoholics Anonymous,1,0,0
Ashbourne One Day At A Time Group,53.5139086,-6.4026926,Tuesday,20:00,Alcoholics Anonymous,1,0,0
Ashbourne One Day At A Time Group,53.5139086,-6.4026926,Sunday,20:00,Alcoholics Anonymous,1,0,0
Ashbourne Stepping Stones,53.5115783,-6.4000597,Tuesday,13:00,Alcoholics Anonymous,1,0,0
Ashbourne Stepping Stones,53.5115783,-6.4000597,Thursday,19:15,Alcoholics Anonymous,1,0,0
Ashbourne Stepping Stones,53.5115783,-6.4000597,Friday,13:00,Alcoholics Anonymous,1,0,0
Ashbourne Stepping Stones,53.5115783,-6.4000597,Saturday,10:30,Alcoholics Anonymous,1,0,0
Balbriggan Let Go Let God,53.6035536,-6.1740161,Thursday,20:00,Alcoholics Anonymous,1,0,0
Baldoyle,53.3991649,-6.1272913,Tuesday,13:30,Alcoholics Anonymous,1,0,0
Baldoyle,53.3991649,-6.1272913,Wednesday,20:30,Alcoholics Anonymous,1,0,0
Baldoyle,53.3991649,-6.1272913,Saturday,13:30,Alcoholics Anonymous,1,0,0
Ballinteer,53.2762626,-6.2517554,Monday,20:00,Alcoholics Anonymous,1,0,0
Ballinteer,53.2762626,-6.2517554,Tuesday,20:00,Alcoholics Anonymous,1,0,0
Ballinteer,53.2762626,-6.2517554,Saturday,12:30,Alcoholics Anonymous,1,0,0
Ballinteer,53.2762626,-6.2517554,Sunday,19:00,Alcoholics Anonymous,1,0,0
Ballycragh AA Group,53.2734436,-6.3459118,Tuesday,20:30,Alcoholics Anonymous,1,0,0
Ballycragh AA Group,53.2734436,-6.3459118,Thursday,20:30,Alcoholics Anonymous,1,0,0
Ballyfermot Harmony Group,53.3423167,-6.3455958,Tuesday,13:00,Alcoholics Anonymous,1,0,0
Ballyfermot Harmony Group,53.3423167,-6.3455958,Tuesday,20:00,Alcoholics Anonymous,1,0,0
Ballyfermot Harmony Group,53.3423167,-6.3455958,Wednesday,20:00,Alcoholics Anonymous,1,0,0
Ballyfermot Harmony Group,53.3423167,-6.3455958,Friday,19:00,Alcoholics Anonymous,1,0,0
Ballyfermot Serenity Group,53.342531,-6.3614099,Monday,12:30,Alcoholics Anonymous,1,0,0
Ballyfermot Serenity Group,53.342531,-6.3614099,Friday,12:30,Alcoholics Anonymous,1,0,0
Ballymun,53.3956085,-6.2726907,Monday,11:00,Alcoholics Anonymous,1,0,0
Ballymun,53.3956085,-6.2726907,Wednesday,19:00,Alcoholics Anonymous,1,0,0
Ballymun,53.3956085,-6.2726907,Saturday,11:00,Alcoholics Anonymous,1,0,0
Ballymun D.C.U.,53.3875647,-6.257764,Tuesday,19:15,Alcoholics Anonymous,1,0,0
Ballyroan,53.2849053,-6.3053393,Thursday,20:30,Alcoholics Anonymous,1,0,0
Beaumont Hospital,53.3906025,-6.2235266,Wednesday,20:30,Alcoholics Anonymous,1,0,0
Belfield,53.30828,-6.223724,Monday,20:00,Alcoholics Anonymous,1,0,0
Blackrock Beginners,53.2793554,-6.1854045,Thursday,20:00,Alcoholics Anonymous,1,0,0
Blanchardstown Steps To Freedom,53.3901114,-6.4060143,Thursday,19:30,Alcoholics Anonymous,1,0,0
Booterstown Group,53.3086417,-6.1976272,Sunday,11:00,Alcoholics Anonymous,1,0,0
Cabinteely Recovery Unity & Service Group,53.2613114,-6.1503703,Tuesday,20:00,Alcoholics Anonymous,1,0,0
Castleknock,53.3774515,-6.3787934,Tuesday,13:00,Alcoholics Anonymous,1,0,0
Castleknock,53.3774515,-6.3787934,Wednesday,20:30,Alcoholics Anonymous,1,0,0
Castleknock,53.3774515,-6.3787934,Friday,13:00,Alcoholics Anonymous,1,0,0
Castleknock Saturday Group,53.3742984,-6.3630514,Saturday,20:30,Alcoholics Anonymous,1,0,0
Churchtown Church Group,53.2920154,-6.2699955,Tuesday,13:00,Alcoholics Anonymous,1,0,0
Churchtown Church Group,53.2920154,-6.2699955,Tuesday,20:30,Alcoholics Anonymous,1,0,0
Churchtown Church Group,53.2920154,-6.2699955,Thursday,18:30,Alcoholics Anonymous,1,0,0
Churchtown Church Group,53.2920154,-6.2699955,Saturday,20:30,Alcoholics Anonymous,1,0,0
Churchtown Church Group,53.2920154,-6.2699955,Sunday,20:30,Alcoholics Anonymous,1,0,0
Churchtown Good Shepherd School,53.293642,-6.2694793,Wednesday,20:30,Alcoholics Anonymous,1,0,0
Churchtown Good Shepherd School,53.293642,-6.2694793,Friday,20:30,Alcoholics Anonymous,1,0,0
Clondalkin Bawnogue Group,53.3217954,-6.4108425,Tuesday,20:00,Alcoholics Anonymous,1,0,0
Clondalkin Bawnogue Group,53.3217954,-6.4108425,Thursday,19:00,Alcoholics Anonymous,1,0,0
Clonee Progress Not Perfection,53.3972282,-6.435891,Friday,19:00,Alcoholics Anonymous,1,0,0
Clonsilla,53.3831712,-6.4100179,Monday,13:00,Alcoholics Anonymous,1,0,0
Clonsilla,53.3831712,-6.4100179,Monday,20:30,Alcoholics Anonymous,1,0,0
Clonsilla,53.3831712,-6.4100179,Tuesday,13:00,Alcoholics Anonymous,1,0,0
Clonsilla,53.3831712,-6.4100179,Tuesday,18:30,Alcoholics Anonymous,1,0,0
Clonsilla,53.3831712,-6.4100179,Tuesday,20:30,Alcoholics Anonymous,1,0,0
Clonsilla,53.3831712,-6.4100179,Wednesday,13:00,Alcoholics Anonymous,1,0,0
Clonsilla,53.3831712,-6.4100179,Wednesday,20:30,Alcoholics Anonymous,1,0,0
Clonsilla,53.3831712,-6.4100179,Thursday,13:00,Alcoholics Anonymous,1,0,0
Clonsilla,53.3831712,-6.4100179,Thursday,20:30,Alcoholics Anonymous,1,0,0
Clonsilla,53.3831712,-6.4100179,Friday,13:00,Alcoholics Anonymous,1,0,0
Clonsilla,53.3831712,-6.4100179,Friday,20:30,Alcoholics Anonymous,1,0,0
Clonsilla,53.3831712,-6.4100179,Saturday,13:00,Alcoholics Anonymous,1,0,0
Clonsilla,53.3831712,-6.4100179,Saturday,17:00,Alcoholics Anonymous,1,0,0
Clonsilla,53.3831712,-6.4100179,Saturday,20:30,Alcoholics Anonymous,1,0,0
Clonsilla,53.3831712,-6.4100179,Sunday,10:00,Alcoholics Anonymous,1,0,0
Clonsilla,53.3831712,-6.4100179,Sunday,11:30,Alcoholics Anonymous,1,0,0
Clonsilla,53.3831712,-6.4100179,Sunday,18:00,Alcoholics Anonymous,1,0,0
Clonskeagh,53.3158025,-6.2393292,Monday,20:00,Alcoholics Anonymous,1,0,0
Clonskeagh,53.3158025,-6.2393292,Saturday,10:30,Alcoholics Anonymous,1,0,0
Clonskeagh,53.3158025,-6.2393292,Sunday,10:30,Alcoholics Anonymous,1,0,0
Clontarf Group,53.3645545,-6.2147193,Wednesday,20:30,Alcoholics Anonymous,1,0,0
Clontarf Group,53.3645545,-6.2147193,Thursday,20:30,Alcoholics Anonymous,1,0,0
Clontarf Group,53.3645545,-6.2147193,Friday,20:30,Alcoholics Anonymous,1,0,0
Clontarf Group,53.3645545,-6.2147193,Saturday,20:30,Alcoholics Anonymous,1,0,0
Clontarf Hospital,53.3653167,-6.2147282,Sunday,12:00,Alcoholics Anonymous,1,0,0
Coolock Group,53.3896558,-6.2008375,Saturday,11:00,Alcoholics Anonymous,1,0,0
Coolock Priorswood New Hope,53.4031661,-6.21071,Sunday,16:00,Alcoholics Anonymous,1,0,0
Corduff There Is A Solution,53.399377,-6.3777327,Saturday,11:00,Alcoholics Anonymous,1,0,0
Dollymount Manresa House,53.3666547,-6.1780265,Sunday,18:30,Alcoholics Anonymous,1,0,0
Donabate,53.4861295,-6.1490707,Thursday,20:30,Alcoholics Anonymous,1,0,0
Donnybrook Group,53.3191138,-6.2310115,Monday,13:00,Alcoholics Anonymous,1,0,0
Donnybrook Group,53.3191138,-6.2310115,Tuesday,13:00,Alcoholics Anonymous,1,0,0
Donnybrook Group,53.3191138,-6.2310115,Tuesday,19:30,Alcoholics Anonymous,1,0,0
Donnybrook Group,53.3191138,-6.2310115,Wednesday,13:00,Alcoholics Anonymous,1,0,0
Donnybrook Group,53.3191138,-6.2310115,Thursday,13:00,Alcoholics Anonymous,1,0,0
Donnybrook Group,53.3191138,-6.2310115,Thursday,19:30,Alcoholics Anonymous,1,0,0
Donnybrook Group,53.3191138,-6.2310115,Friday,13:00,Alcoholics Anonymous,1,0,0
Donnybrook Group,53.3191138,-6.2310115,Friday,19:30,Alcoholics Anonymous,1,0,0
Donnybrook Group,53.3191138,-6.2310115,Saturday,11:00,Alcoholics Anonymous,1,0,0
Donnybrook Group,53.3191138,-6.2310115,Saturday,19:30,Alcoholics Anonymous,1,0,0
Donnybrook Group,53.3191138,-6.2310115,Sunday,19:30,Alcoholics Anonymous,1,0,0
Donnycarney,53.3750114,-6.2164124,Sunday,11:30,Alcoholics Anonymous,1,0,0
Drimnagh Curlew Road Group,53.32924,-6.31912,Monday,20:00,Alcoholics Anonymous,1,0,0
Dublin Airport 1St,53.4286096,-6.241371,Wednesday,14:00,Alcoholics Anonymous,1,0,0
Dublin City Aungier Street Back To Basics,53.3401524,-6.2659528,Monday,20:00,Alcoholics Anonymous,1,0,0
Dublin City Capel Street LGBT Group,53.3497619,-6.2694819,Monday,19:00,Alcoholics Anonymous,1,0,0
Dublin City Capel Street LGBT Group,53.3497619,-6.2694819,Friday,19:00,Alcoholics Anonymous,1,0,0
Dublin City Capel Street LGBT Group,53.3497619,-6.2694819,Sunday,18:30,Alcoholics Anonymous,1,0,0
Dublin City Clarendon Street Group,53.3423729,-6.2608798,Monday,11:45,Alcoholics Anonymous,1,0,0
Dublin City Clarendon Street Group,53.3423729,-6.2608798,Tuesday,11:45,Alcoholics Anonymous,1,0,0
Dublin City Clarendon Street Group,53.3423729,-6.2608798,Wednesday,11:45,Alcoholics Anonymous,1,0,0
Dublin City Clarendon Street Group,53.3423729,-6.2608798,Thursday,11:45,Alcoholics Anonymous,1,0,0
Dublin City Clarendon Street Group,53.3423729,-6.2608798,Friday,11:45,Alcoholics Anonymous,1,0,0
Dublin City Clarendon Street Group,53.3423729,-6.2608798,Saturday,11:45,Alcoholics Anonymous,1,0,0
Dublin City Clarendon Street Live & Let Live,53.3419119,-6.2614364,Tuesday,18:30,Alcoholics Anonymous,1,0,0
Dublin City Clarendon Street Live & Let Live,53.3419119,-6.2614364,Saturday,19:30,Alcoholics Anonymous,1,0,0
Dublin City Donore Avenue Just For Today,53.3343715,-6.2844402,Monday,20:00,Alcoholics Anonymous,1,0,0
Dublin City Donore Avenue Just For Today,53.3343715,-6.2844402,Friday,20:00,Alcoholics Anonymous,1,0,0
Dublin City Dorset Street The Priory,53.3533527,-6.2672213,Tuesday,20:30,Alcoholics Anonymous,1,0,0
Dublin City Dorset Street The Priory,53.3533527,-6.2672213,Sunday,18:30,Alcoholics Anonymous,1,0,0
Dublin City Downtown Group,53.3546124,-6.2639752,Monday,13:00,Alcoholics Anonymous,1,0,0
Dublin City Downtown Group,53.3546124,-6.2639752,Wednesday,13:00,Alcoholics Anonymous,1,0,0
Dublin City Downtown Group,53.3546124,-6.2639752,Thursday,13:00,Alcoholics Anonymous,1,0,0
Dublin City Downtown Group,53.3546124,-6.2639752,Saturday,11:00,Alcoholics Anonymous,1,0,0
Dublin City Ely House,53.3375326,-6.2538244,Friday,18:00,Alcoholics Anonymous,1,0,0
Dublin City Findlaters,53.3546124,-6.2639752,Monday,19:30,Alcoholics Anonymous,1,0,0
Dublin City Findlaters,53.3546124,-6.2639752,Thursday,19:30,Alcoholics Anonymous,1,0,0
Dublin City Haddington Road Meeting,53.3349356,-6.2416136,Wednesday,20:30,Alcoholics Anonymous,1,0,0
Dublin City Haddington Road Meeting,53.3349356,-6.2416136,Sunday,19:30,Alcoholics Anonymous,1,0,0
Dublin City Killarney Court,53.3546598,-6.2489817,Monday,19:00,Alcoholics Anonymous,1,0,0
Dublin City Lower Gardiner Street New Hope,53.3510323,-6.2549479,Wednesday,13:00,Alcoholics Anonymous,1,0,0
Dublin City Lower Gardiner Street New Hope,53.3510323,-6.2549479,Thursday,19:00,Alcoholics Anonymous,1,0,0
Dublin City Molesworth Place,53.3408214,-6.2571933,Monday,07:30,Alcoholics Anonymous,1,0,0
Dublin City Molesworth Place,53.3408214,-6.2571933,Monday,11:45,Alcoholics Anonymous,1,0,0
Dublin City Molesworth Place,53.3408214,-6.2571933,Monday,13:00,Alcoholics Anonymous,1,0,0
Dublin City Molesworth Place,53.3408214,-6.2571933,Monday,18:30,Alcoholics Anonymous,1,0,0
Dublin City Molesworth Place,53.3408214,-6.2571933,Tuesday,07:30,Alcoholics Anonymous,1,0,0
Dublin City Molesworth Place,53.3408214,-6.2571933,Tuesday,11:45,Alcoholics Anonymous,1,0,0
Dublin City Molesworth Place,53.3408214,-6.2571933,Tuesday,13:00,Alcoholics Anonymous,1,0,0
Dublin City Molesworth Place,53.3408214,-6.2571933,Wednesday,07:30,Alcoholics Anonymous,1,0,0
Dublin City Molesworth Place,53.3408214,-6.2571933,Wednesday,11:45,Alcoholics Anonymous,1,0,0
Dublin City Molesworth Place,53.3408214,-6.2571933,Wednesday,13:00,Alcoholics Anonymous,1,0,0
Dublin City Molesworth Place,53.3408214,-6.2571933,Wednesday,18:00,Alcoholics Anonymous,1,0,0
Dublin City Molesworth Place,53.3408214,-6.2571933,Thursday,07:30,Alcoholics Anonymous,1,0,0
Dublin City Molesworth Place,53.3408214,-6.2571933,Thursday,11:45,Alcoholics Anonymous,1,0,0
Dublin City Molesworth Place,53.3408214,-6.2571933,Thursday,13:00,Alcoholics Anonymous,1,0,0
Dublin City Molesworth Place,53.3408214,-6.2571933,Thursday,20:30,Alcoholics Anonymous,1,0,0
Dublin City Molesworth Place,53.3408214,-6.2571933,Friday,07:30,Alcoholics Anonymous,1,0,0
Dublin City Molesworth Place,53.3408214,-6.2571933,Friday,11:45,Alcoholics Anonymous,1,0,0
Dublin City Molesworth Place,53.3408214,-6.2571933,Friday,13:00,Alcoholics Anonymous,1,0,0
Dublin City Molesworth Place,53.3408214,-6.2571933,Friday,18:00,Alcoholics Anonymous,1,0,0
Dublin City Molesworth Place,53.3408214,-6.2571933,Saturday,07:30,Alcoholics Anonymous,1,0,0
Dublin City Molesworth Place,53.3408214,-6.2571933,Saturday,12:45,Alcoholics Anonymous,1,0,0
Dublin City Molesworth Place,53.3408214,-6.2571933,Saturday,14:00,Alcoholics Anonymous,1,0,0
Dublin City Molesworth Place,53.3408214,-6.2571933,Saturday,18:00,Alcoholics Anonymous,1,0,0
Dublin City Molesworth Place,53.3408214,-6.2571933,Sunday,07:30,Alcoholics Anonymous,1,0,0
Dublin City Molesworth Place,53.3408214,-6.2571933,Sunday,12:00,Alcoholics Anonymous,1,0,0
Dublin City Molesworth Place,53.3408214,-6.2571933,Sunday,16:00,Alcoholics Anonymous,1,0,0
Dublin City Od Nowa,53.3435561,-6.2736867,Monday,19:30,Alcoholics Anonymous,1,0,0
Dublin City Sherrard Street Unity Group,53.3587286,-6.2594524,Monday,13:00,Alcoholics Anonymous,1,0,0
Dublin City Sherrard Street Unity Group,53.3587286,-6.2594524,Monday,18:30,Alcoholics Anonymous,1,0,0
Dublin City Sherrard Street Unity Group,53.3587286,-6.2594524,Tuesday,13:00,Alcoholics Anonymous,1,0,0
Dublin City Sherrard Street Unity Group,53.3587286,-6.2594524,Tuesday,18:30,Alcoholics Anonymous,1,0,0
Dublin City Sherrard Street Unity Group,53.3587286,-6.2594524,Wednesday,11:30,Alcoholics Anonymous,1,0,0
Dublin City Sherrard Street Unity Group,53.3587286,-6.2594524,Wednesday,13:00,Alcoholics Anonymous,1,0,0
Dublin City Sherrard Street Unity Group,53.3587286,-6.2594524,Wednesday,18:30,Alcoholics Anonymous,1,0,0
Dublin City Sherrard Street Unity Group,53.3587286,-6.2594524,Wednesday,20:30,Alcoholics Anonymous,1,0,0
Dublin City Sherrard Street Unity Group,53.3587286,-6.2594524,Thursday,13:00,Alcoholics Anonymous,1,0,0
Dublin City Sherrard Street Unity Group,53.3587286,-6.2594524,Thursday,18:30,Alcoholics Anonymous,1,0,0
Dublin City Sherrard Street Unity Group,53.3587286,-6.2594524,Thursday,20:30,Alcoholics Anonymous,1,0,0
Dublin City Sherrard Street Unity Group,53.3587286,-6.2594524,Friday,13:00,Alcoholics Anonymous,1,0,0
Dublin City Sherrard Street Unity Group,53.3587286,-6.2594524,Friday,18:30,Alcoholics Anonymous,1,0,0
Dublin City Sherrard Street Unity Group,53.3587286,-6.2594524,Friday,20:30,Alcoholics Anonymous,1,0,0
Dublin City Sherrard Street Unity Group,53.3587286,-6.2594524,Saturday,10:30,Alcoholics Anonymous,1,0,0
Dublin City Sherrard Street Unity Group,53.3587286,-6.2594524,Saturday,12:00,Alcoholics Anonymous,1,0,0
Dublin City Sherrard Street Unity Group,53.3587286,-6.2594524,Saturday,18:00,Alcoholics Anonymous,1,0,0
Dublin City Sherrard Street Unity Group,53.3587286,-6.2594524,Saturday,20:30,Alcoholics Anonymous,1,0,0
Dublin City Sherrard Street Unity Group,53.3587286,-6.2594524,Sunday,12:00,Alcoholics Anonymous,1,0,0
Dublin City Sherrard Street Unity Group,53.3587286,-6.2594524,Sunday,13:30,Alcoholics Anonymous,1,0,0
Dublin City Sherrard Street Unity Group,53.3587286,-6.2594524,Sunday,18:00,Alcoholics Anonymous,1,0,0
Dublin City Sherrard Street Unity Group,53.3587286,-6.2594524,Sunday,20:30,Alcoholics Anonymous,1,0,0
Dublin City Wellington Street AA,53.3562553,-6.2688074,Wednesday,20:30,Alcoholics Anonymous,1,0,0
Dun Laoghaire Central,53.2933348,-6.1405563,Monday,20:30,Alcoholics Anonymous,1,0,0
Dun Laoghaire Central,53.2933348,-6.1405563,Tuesday,20:30,Alcoholics Anonymous,1,0,0
Dun Laoghaire Central,53.2933348,-6.1405563,Wednesday,20:30,Alcoholics Anonymous,1,0,0
Dun Laoghaire Central,53.2933348,-6.1405563,Thursday,20:30,Alcoholics Anonymous,1,0,0
Dun Laoghaire Central,53.2933348,-6.1405563,Friday,20:30,Alcoholics Anonymous,1,0,0
Dun Laoghaire Central,53.2933348,-6.1405563,Saturday,20:30,Alcoholics Anonymous,1,0,0
Dun Laoghaire Central,53.2933348,-6.1405563,Sunday,20:30,Alcoholics Anonymous,1,0,0
Dun Laoghaire Eblana Group,53.2933348,-6.1405563,Monday,13:00,Alcoholics Anonymous,1,0,0
Dun Laoghaire Eblana Group,53.2933348,-6.1405563,Tuesday,13:00,Alcoholics Anonymous,1,0,0
Dun Laoghaire Eblana Group,53.2933348,-6.1405563,Wednesday,13:00,Alcoholics Anonymous,1,0,0
Dun Laoghaire Eblana Group,53.2933348,-6.1405563,Thursday,13:00,Alcoholics Anonymous,1,0,0
Dun Laoghaire Eblana Group,53.2933348,-6.1405563,Friday,13:00,Alcoholics Anonymous,1,0,0
Dun Laoghaire Harbour Group,53.2904492,-6.1292682,Wednesday,20:30,Alcoholics Anonymous,1,0,0
Dun Laoghaire Tivoli,53.2907602,-6.1359008,Saturday,20:30,Alcoholics Anonymous,1,0,0
Dundrum Don Marmion,53.2881331,-6.2401263,Monday,13:00,Alcoholics Anonymous,1,0,0
Dundrum Don Marmion,53.2881331,-6.2401263,Thursday,13:00,Alcoholics Anonymous,1,0,0
East Wall,53.354387,-6.235787,Tuesday,20:30,Alcoholics Anonymous,1,0,0
Fairview Vincent’S Group,53.363244,-6.2392921,Wednesday,19:30,Alcoholics Anonymous,1,0,0
Fairview Vincent’S Group,53.363244,-6.2392921,Friday,19:30,Alcoholics Anonymous,1,0,0
Finglas St Helena’S Group,53.3828635,-6.3007518,Monday,20:30,Alcoholics Anonymous,1,0,0
Finglas St Helena’S Group,53.3828635,-6.3007518,Tuesday,20:30,Alcoholics Anonymous,1,0,0
Finglas St Helena’S Group,53.3828635,-6.3007518,Wednesday,20:30,Alcoholics Anonymous,1,0,0
Finglas St Helena’S Group,53.3828635,-6.3007518,Thursday,20:30,Alcoholics Anonymous,1,0,0
Finglas St Helena’S Group,53.3828635,-6.3007518,Friday,20:30,Alcoholics Anonymous,1,0,0
Finglas St Helena’S Group,53.3903944,-6.3112,Monday,11:00,Alcoholics Anonymous,1,0,0
Finglas St Helena’S Group,53.3903944,-6.3112,Saturday,18:00,Alcoholics Anonymous,1,0,0
Finglas St Helena’S Group,53.3903944,-6.3112,Sunday,11:00,Alcoholics Anonymous,1,0,0
Finglas St Helena’S Group,53.3903944,-6.3112,Sunday,20:30,Alcoholics Anonymous,1,0,0
Finglas Wellmount,53.3867928,-6.2996572,Monday,19:00,Alcoholics Anonymous,1,0,0
Foxrock Women’S Meeting,53.274486,-6.1735956,Tuesday,13:00,Alcoholics Anonymous,1,0,0
Glasthule Group,53.2878404,-6.1249344,Thursday,20:30,Alcoholics Anonymous,1,0,0
Grangegorman Stanhope Tuesday Group,53.3523018,-6.2804752,Tuesday,11:30,Alcoholics Anonymous,1,0,0
Henrietta Street Group,53.3509037,-6.2713408,Wednesday,20:00,Alcoholics Anonymous,1,0,0
Inchicore St. Michaels Bulfin Road,53.3399373,-6.3151667,Saturday,11:00,Alcoholics Anonymous,1,0,0
Inchicore St. Michaels Bulfin Road,53.3399373,-6.3151667,Sunday,19:00,Alcoholics Anonymous,1,0,0
Kilmacud St. Raphaela’S,53.2830554,-6.2056634,Monday,19:30,Alcoholics Anonymous,1,0,0
Knocklyon Big Book,53.2832873,-6.317023,Monday,20:00,Alcoholics Anonymous,1,0,0
Knocklyon Big Book,53.2832873,-6.317023,Wednesday,20:00,Alcoholics Anonymous,1,0,0
Knockmitten,53.3235626,-6.3802297,Friday,20:30,Alcoholics Anonymous,1,0,0
Knockmitten,53.3235626,-6.3802297,Saturday,19:00,Alcoholics Anonymous,1,0,0
Lucan Pass It On,53.3566349,-6.4495505,Saturday,20:00,Alcoholics Anonymous,1,0,0
Lucan Pass It On,53.3566349,-6.4495505,Sunday,20:00,Alcoholics Anonymous,1,0,0
Lusk Back To Basics,53.5297633,-6.170615,Monday,13:00,Alcoholics Anonymous,1,0,0
Lusk Back To Basics,53.5297633,-6.170615,Friday,18:00,Alcoholics Anonymous,1,0,0
Malahide,53.4508522,-6.155235,Saturday,20:30,Alcoholics Anonymous,1,0,0
Malahide Tuesday,53.4486595,-6.1674754,Tuesday,20:30,Alcoholics Anonymous,1,0,0
Monkstown First Group,53.2854561,-6.1334106,Monday,13:00,Alcoholics Anonymous,1,0,0
Monkstown First Group,53.2854561,-6.1334106,Monday,18:30,Alcoholics Anonymous,1,0,0
Monkstown First Group,53.2854561,-6.1334106,Tuesday,13:00,Alcoholics Anonymous,1,0,0
Monkstown First Group,53.2854561,-6.1334106,Tuesday,18:30,Alcoholics Anonymous,1,0,0
Monkstown First Group,53.2854561,-6.1334106,Wednesday,13:00,Alcoholics Anonymous,1,0,0
Monkstown First Group,53.2854561,-6.1334106,Wednesday,18:30,Alcoholics Anonymous,1,0,0
Monkstown First Group,53.2854561,-6.1334106,Thursday,13:00,Alcoholics Anonymous,1,0,0
Monkstown First Group,53.2854561,-6.1334106,Thursday,18:30,Alcoholics Anonymous,1,0,0
Monkstown First Group,53.2854561,-6.1334106,Friday,13:00,Alcoholics Anonymous,1,0,0
Monkstown First Group,53.2854561,-6.1334106,Friday,18:30,Alcoholics Anonymous,1,0,0
Monkstown First Group,53.2854561,-6.1334106,Saturday,09:00,Alcoholics Anonymous,1,0,0
Monkstown First Group,53.2854561,-6.1334106,Saturday,11:00,Alcoholics Anonymous,1,0,0
Monkstown First Group,53.2854561,-6.1334106,Sunday,17:30,Alcoholics Anonymous,1,0,0
Monkstown Homecomers,53.292968,-6.1495742,Monday,20:30,Alcoholics Anonymous,1,0,0
Monkstown Homecomers,53.292968,-6.1495742,Tuesday,20:30,Alcoholics Anonymous,1,0,0
Monkstown Homecomers,53.292968,-6.1495742,Saturday,18:30,Alcoholics Anonymous,1,0,0
Mount Argus Lower Kimmage,53.3192733,-6.2912168,Wednesday,20:30,Alcoholics Anonymous,1,0,0
Mount Argus Lower Kimmage,53.3192733,-6.2912168,Sunday,11:30,Alcoholics Anonymous,1,0,0
Mount Argus Lower Kimmage,53.3192733,-6.2912168,Sunday,20:30,Alcoholics Anonymous,1,0,0
Mount Merrion,53.3010226,-6.1912119,Tuesday,20:00,Alcoholics Anonymous,1,0,0
Mount Merrion,53.3010226,-6.1912119,Thursday,20:00,Alcoholics Anonymous,1,0,0
Mount Merrion,53.3010226,-6.1912119,Friday,20:00,Alcoholics Anonymous,1,0,0
Mount Merrion,53.3010226,-6.1912119,Sunday,20:00,Alcoholics Anonymous,1,0,0
North Strand AA Group,53.3585779,-6.241989,Friday,18:00,Alcoholics Anonymous,1,0,0
Palmerstown New Hope Group,53.3561053,-6.3712677,Thursday,20:30,Alcoholics Anonymous,1,0,0
Palmerstown New Hope Group,53.3561053,-6.3712677,Sunday,11:30,Alcoholics Anonymous,1,0,0
Portmarnock,53.4213953,-6.1364205,Sunday,11:00,Alcoholics Anonymous,1,0,0
Raheny,53.3809824,-6.1762194,Monday,20:30,Alcoholics Anonymous,1,0,0
Raheny,53.3809824,-6.1762194,Tuesday,20:30,Alcoholics Anonymous,1,0,0
Raheny,53.3809824,-6.1762194,Friday,20:30,Alcoholics Anonymous,1,0,0
Raheny,53.3809824,-6.1762194,Sunday,20:30,Alcoholics Anonymous,1,0,0
Ranelagh Beechwood Sunday Night BB,53.3187179,-6.2518417,Sunday,19:30,Alcoholics Anonymous,1,0,0
Ranelagh New Freedom,53.330164,-6.2523925,Saturday,18:00,Alcoholics Anonymous,1,0,0
Rathfarnham Sancta Maria,53.2847356,-6.3039319,Monday,20:00,Alcoholics Anonymous,1,0,0
Rathfarnham Sancta Maria,53.2847356,-6.3039319,Saturday,20:00,Alcoholics Anonymous,1,0,0
Rathgar Brighton Road,53.3131211,-6.2784452,Friday,20:00,Alcoholics Anonymous,1,0,0
Rathgar Brighton Road,53.3131211,-6.2784452,Sunday,13:00,Alcoholics Anonymous,1,0,0
Rathgar Highfield Serenity,53.312655,-6.2727748,Tuesday,13:00,Alcoholics Anonymous,1,0,0
Rathgar The Jubilee Group,53.3125005,-6.2731134,Tuesday,20:30,Alcoholics Anonymous,1,0,0
Rathgar The Jubilee Group,53.3125005,-6.2731134,Thursday,20:30,Alcoholics Anonymous,1,0,0
Rathmines Black Church,53.3202219,-6.2638281,Saturday,19:00,Alcoholics Anonymous,1,0,0
Rialto Group,53.335514,-6.2963924,Monday,19:00,Alcoholics Anonymous,1,0,0
Rialto Group,53.335514,-6.2963924,Monday,20:30,Alcoholics Anonymous,1,0,0
Rialto Group,53.335514,-6.2963924,Wednesday,19:00,Alcoholics Anonymous,1,0,0
Rialto Group,53.335514,-6.2963924,Wednesday,20:30,Alcoholics Anonymous,1,0,0
Rialto Group,53.335514,-6.2963924,Friday,19:00,Alcoholics Anonymous,1,0,0
Rialto Group,53.335514,-6.2963924,Friday,20:30,Alcoholics Anonymous,1,0,0
Rialto Group,53.335514,-6.2963924,Sunday,10:00,Alcoholics Anonymous,1,0,0
Rialto St. Andrew’S Sundrive Group,53.3356222,-6.2937961,Monday,18:30,Alcoholics Anonymous,1,0,0
Rialto St. Andrew’S Sundrive Group,53.3356222,-6.2937961,Thursday,18:30,Alcoholics Anonymous,1,0,0
Ronanstown Discovery Group,53.3453188,-6.4080666,Wednesday,20:30,Alcoholics Anonymous,1,0,0
Shankill Crinken,53.2195907,-6.1195863,Monday,20:30,Alcoholics Anonymous,1,0,0
Shankill St. Annes,53.2340752,-6.1239761,Sunday,20:30,Alcoholics Anonymous,1,0,0
Skerries,53.5798933,-6.1064588,Monday,19:30,Alcoholics Anonymous,1,0,0
Skerries,53.5798933,-6.1064588,Friday,20:00,Alcoholics Anonymous,1,0,0
St.Patrick’S Hospital Group,53.3442709,-6.2918414,Monday,20:30,Alcoholics Anonymous,1,0,0
St.Patrick’S Hospital Group,53.3442709,-6.2918414,Thursday,20:30,Alcoholics Anonymous,1,0,0
St.Patrick’S Hospital Group,53.3442709,-6.2918414,Friday,20:30,Alcoholics Anonymous,1,0,0
St.Patrick’S Hospital Group,53.3442709,-6.2918414,Sunday,11:00,Alcoholics Anonymous,1,0,0
Stillorgan Beginners Morning,53.2856898,-6.1914381,Monday,10:30,Alcoholics Anonymous,1,0,0
Stillorgan Beginners Morning,53.2856898,-6.1914381,Wednesday,10:30,Alcoholics Anonymous,1,0,0
Stillorgan Beginners Morning,53.2856898,-6.1914381,Thursday,10:30,Alcoholics Anonymous,1,0,0
Stillorgan Galloping Green,53.2793554,-6.1854045,Wednesday,20:00,Alcoholics Anonymous,1,0,0
Stillorgan Galloping Green,53.2793554,-6.1854045,Sunday,11:00,Alcoholics Anonymous,1,0,0
Stoneybatter Prussia Street Step Meeting,53.3543214,-6.2864947,Monday,19:00,Alcoholics Anonymous,1,0,0
Sutton Bayside Lunchtime,53.3889286,-6.1409659,Monday,13:00,Alcoholics Anonymous,1,0,0
Sutton Bayside Lunchtime,53.3889286,-6.1409659,Friday,13:00,Alcoholics Anonymous,1,0,0
Swords Keep It Simple,53.4534745,-6.243103,Sunday,13:00,Alcoholics Anonymous,1,0,0
Swords Midday,53.4579837,-6.2191617,Thursday,12:30,Alcoholics Anonymous,1,0,0
Swords Monday Meeting,53.459584,-6.2368792,Monday,20:30,Alcoholics Anonymous,1,0,0
Swords Saoirse,53.459584,-6.2368792,Friday,19:30,Alcoholics Anonymous,1,0,0
Tallaght Daily Reprieve,53.2948594,-6.3427075,Monday,11:30,Alcoholics Anonymous,1,0,0
Tallaght Daily Reprieve,53.2948594,-6.3427075,Monday,20:00,Alcoholics Anonymous,1,0,0
Tallaght Daily Reprieve,53.2948594,-6.3427075,Tuesday,13:00,Alcoholics Anonymous,1,0,0
Tallaght Daily Reprieve,53.2948594,-6.3427075,Wednesday,11:30,Alcoholics Anonymous,1,0,0
Tallaght Daily Reprieve,53.2948594,-6.3427075,Wednesday,20:00,Alcoholics Anonymous,1,0,0
Tallaght Daily Reprieve,53.2948594,-6.3427075,Thursday,13:00,Alcoholics Anonymous,1,0,0
Tallaght Daily Reprieve,53.2948594,-6.3427075,Friday,11:30,Alcoholics Anonymous,1,0,0
Tallaght Daily Reprieve,53.2948594,-6.3427075,Friday,20:00,Alcoholics Anonymous,1,0,0
Tallaght Daily Reprieve,53.2948594,-6.3427075,Saturday,11:30,Alcoholics Anonymous,1,0,0
Tallaght Daily Reprieve,53.2948594,-6.3427075,Saturday,20:00,Alcoholics Anonymous,1,0,0
Tallaght Daily Reprieve,53.2948594,-6.3427075,Sunday,08:30,Alcoholics Anonymous,1,0,0
Tallaght Daily Reprieve,53.2948594,-6.3427075,Sunday,11:30,Alcoholics Anonymous,1,0,0
Tallaght Daily Reprieve,53.2948594,-6.3427075,Sunday,20:00,Alcoholics Anonymous,1,0,0
Tallaght Fettercairn AA Group,53.2929047,-6.3956443,Tuesday,20:00,Alcoholics Anonymous,1,0,0
Tallaght Fettercairn AA Group,53.2929047,-6.3956443,Thursday,20:00,Alcoholics Anonymous,1,0,0
Tallaght Fettercairn AA Group,53.2929047,-6.3956443,Saturday,10:00,Alcoholics Anonymous,1,0,0
Tallaght The Common Solution Group,53.3064928,-6.3687005,Monday,19:45,Alcoholics Anonymous,1,0,0
Templeogue AA Group,53.2961815,-6.3165513,Friday,20:30,Alcoholics Anonymous,1,0,0
Terenure Kimmage Manor,53.3099467,-6.3118521,Monday,20:00,Alcoholics Anonymous,1,0,0
Terenure Kimmage Manor,53.3099467,-6.3118521,Wednesday,20:00,Alcoholics Anonymous,1,0,0
Terenure Kimmage Manor,53.3099467,-6.3118521,Sunday,20:00,Alcoholics Anonymous,1,0,0
Walkinstown,53.3149227,-6.3429492,Tuesday,20:30,Alcoholics Anonymous,1,0,0
Walkinstown,53.3149227,-6.3429492,Thursday,20:30,Alcoholics Anonymous,1,0,0
Aran Inis Mór,53.118643,-9.6724703,Sunday,21:00,Alcoholics Anonymous,1,0,0
Athenry Wednesday Night,53.3007537,-8.745493,Wednesday,20:30,Alcoholics Anonymous,1,0,0
Ballybane Emotional Sobriety,53.2855714,-9.0004024,Sunday,17:30,Alcoholics Anonymous,1,0,0
Barnaderg A Vision For You,53.4822794,-8.7257182,Wednesday,19:30,Alcoholics Anonymous,1,0,0
Carraroe,53.2597685,-9.6040726,Monday,20:30,Alcoholics Anonymous,1,0,0
Claregalway,53.2676588,-8.926587,Sunday,20:00,Alcoholics Anonymous,1,0,0
Clarinbridge,53.2287362,-8.8792731,Tuesday,20:00,Alcoholics Anonymous,1,0,0
Cong / Neale,53.5754882,-9.2290741,Sunday,20:30,Alcoholics Anonymous,1,0,0
Craughwell,53.2302689,-8.7347736,Saturday,20:00,Alcoholics Anonymous,1,0,0
Galway City Bohermore AA Group,53.2804847,-9.0468843,Saturday,20:30,Alcoholics Anonymous,1,0,0
Galway City Bohermore AA Group,53.2804847,-9.0468843,Sunday,20:30,Alcoholics Anonymous,1,0,0
Galway City Croi Nua,53.2675277,-9.0743381,Monday,17:45,Alcoholics Anonymous,1,0,0
Galway City Croi Nua,53.2675277,-9.0743381,Friday,17:45,Alcoholics Anonymous,1,0,0
Galway City Doughiska,53.2862476,-8.9878883,Wednesday,18:45,Alcoholics Anonymous,1,0,0
Galway City Good Morning Galway Galway,53.2607945,-9.0749884,Monday,08:00,Alcoholics Anonymous,1,0,0
Galway City Good Morning Galway Galway,53.2607945,-9.0749884,Tuesday,08:30,Alcoholics Anonymous,1,0,0
Galway City Good Morning Galway Galway,53.2607945,-9.0749884,Wednesday,08:30,Alcoholics Anonymous,1,0,0
Galway City Good Morning Galway Galway,53.2607945,-9.0749884,Thursday,08:30,Alcoholics Anonymous,1,0,0
Galway City Good Morning Galway Galway,53.2607945,-9.0749884,Friday,08:30,Alcoholics Anonymous,1,0,0
Galway City Good Morning Galway Galway,53.2607945,-9.0749884,Saturday,08:30,Alcoholics Anonymous,1,0,0
Galway City Good Morning Galway Galway,53.2607945,-9.0749884,Sunday,08:00,Alcoholics Anonymous,1,0,0
Galway City Iskierka Group,53.2804946,-9.0630103,Saturday,18:30,Alcoholics Anonymous,1,0,0
Galway City Mervue,53.2817381,-9.0159444,Monday,21:00,Alcoholics Anonymous,1,0,0
Galway City Mervue,53.2817381,-9.0159444,Saturday,21:00,Alcoholics Anonymous,1,0,0
Galway City Primary Purpose,53.2821024,-9.0171052,Monday,18:15,Alcoholics Anonymous,1,0,0
Galway City Primary Purpose,53.2821024,-9.0171052,Wednesday,18:15,Alcoholics Anonymous,1,0,0
Galway City Primary Purpose,53.2821024,-9.0171052,Thursday,20:00,Alcoholics Anonymous,1,0,0
Galway City Room 7 Ozanam House,53.2831471,-9.0120583,Monday,13:00,Alcoholics Anonymous,1,0,0
Galway City Room 7 Ozanam House,53.2831471,-9.0120583,Tuesday,13:00,Alcoholics Anonymous,1,0,0
Galway City Room 7 Ozanam House,53.2831471,-9.0120583,Wednesday,13:00,Alcoholics Anonymous,1,0,0
Galway City Room 7 Ozanam House,53.2831471,-9.0120583,Thursday,13:00,Alcoholics Anonymous,1,0,0
Galway City Room 7 Ozanam House,53.2831471,-9.0120583,Friday,13:00,Alcoholics Anonymous,1,0,0
Galway City Saturday Daytime 1Pm,53.2812609,-9.044737,Saturday,13:00,Alcoholics Anonymous,1,0,0
Galway City Shantalla Group,53.2760812,-9.0710631,Thursday,19:00,Alcoholics Anonymous,1,0,0
Galway City The Abbey,53.2751086,-9.0549745,Monday,20:00,Alcoholics Anonymous,1,0,0
Galway City The Abbey,53.2751086,-9.0549745,Wednesday,20:00,Alcoholics Anonymous,1,0,0
Galway City Tir Na Nóg,53.272351,-9.0512707,Saturday,22:00,Alcoholics Anonymous,1,0,0
Galway City Tir Na Nóg,53.272351,-9.0512707,Sunday,10:00,Alcoholics Anonymous,1,0,0
Galway City Tír Na Nóg,53.2760812,-9.0710631,Saturday,21:00,Alcoholics Anonymous,1,0,0
Galway City Tír Na Nóg,53.2760812,-9.0710631,Sunday,10:00,Alcoholics Anonymous,1,0,0
Galway City Westside Tuesday,53.2777416,-9.0737496,Tuesday,13:00,Alcoholics Anonymous,1,0,0
Galway Salthill Sunrise Meeting,53.2607241,-9.076163,Tuesday,07:00,Alcoholics Anonymous,1,0,0
Galway Salthill Sunrise Meeting,53.2607241,-9.076163,Thursday,07:00,Alcoholics Anonymous,1,0,0
Galway Salthill Sunrise Meeting,53.2607241,-9.076163,Friday,07:00,Alcoholics Anonymous,1,0,0
Good Morning Oranmore,53.2656399,-8.9311164,Thursday,08:30,Alcoholics Anonymous,1,0,0
Good Morning Oranmore,53.2656399,-8.9311164,Saturday,08:30,Alcoholics Anonymous,1,0,0
Headford AA,53.4694617,-9.106134,Monday,20:30,Alcoholics Anonymous,1,0,0
Headford AA,53.4694617,-9.106134,Saturday,20:30,Alcoholics Anonymous,1,0,0
Kinvara Saturday Morning,53.2355645,-8.7265892,Saturday,10:00,Alcoholics Anonymous,1,0,0
Lackagh,53.3695492,-8.8901585,Friday,20:30,Alcoholics Anonymous,1,0,0
Lettermore,53.268784,-9.6626992,Friday,20:30,Alcoholics Anonymous,1,0,0
Mountbellew,53.47188,-8.5049,Sunday,20:30,Alcoholics Anonymous,1,0,0
Oranmore Friday Night,53.2656825,-8.9310817,Tuesday,20:30,Alcoholics Anonymous,1,0,0
Oranmore Friday Night,53.2656825,-8.9310817,Friday,20:30,Alcoholics Anonymous,1,0,0
Oughterard,53.4277419,-9.3212249,Wednesday,13:00,Alcoholics Anonymous,1,0,0
Oughterard,53.4277419,-9.3212249,Thursday,20:30,Alcoholics Anonymous,1,0,0
Recess,53.4644363,-9.716996,Tuesday,20:30,Alcoholics Anonymous,1,0,0
Shrule,53.5226522,-9.0877892,Wednesday,20:30,Alcoholics Anonymous,1,0,0
Temperance Hall,53.1970497,-8.5689438,Tuesday,21:00,Alcoholics Anonymous,1,0,0
Temperance Hall,53.1970497,-8.5689438,Thursday,20:00,Alcoholics Anonymous,1,0,0
Temperance Hall,53.1970497,-8.5689438,Sunday,10:45,Alcoholics Anonymous,1,0,0
Tuam Alcoholics Anonymous Harmony Hall,53.5113727,-8.8542629,Monday,13:00,Alcoholics Anonymous,1,0,0
Tuam Alcoholics Anonymous Harmony Hall,53.5113727,-8.8542629,Wednesday,13:00,Alcoholics Anonymous,1,0,0
Tuam Alcoholics Anonymous Harmony Hall,53.5113727,-8.8542629,Thursday,20:30,Alcoholics Anonymous,1,0,0
Tuam Alcoholics Anonymous Harmony Hall,53.5113727,-8.8542629,Friday,13:00,Alcoholics Anonymous,1,0,0
Tuam Group,53.512614,-8.8475091,Tuesday,20:30,Alcoholics Anonymous,1,0,0
Tuam Group,53.512614,-8.8475091,Friday,20:30,Alcoholics Anonymous,1,0,0
Tuam Group,53.512614,-8.8475091,Saturday,20:30,Alcoholics Anonymous,1,0,0
Tuam Group,53.512614,-8.8475091,Sunday,11:00,Alcoholics Anonymous,1,0,0
Tully Inverin,53.2374453,-9.4932638,Thursday,20:30,Alcoholics Anonymous,1,0,0
Turloughmore Cuan Mhuire,53.3668585,-8.8338776,Tuesday,20:30,Alcoholics Anonymous,1,0,0
Turloughmore Cuan Mhuire,53.3668585,-8.8338776,Thursday,20:30,Alcoholics Anonymous,1,0,0
Abbeydorney Shanow Group,52.345914,-9.6881648,Wednesday,20:30,Alcoholics Anonymous,1,0,0
Ardfert,52.326842,-9.7814777,Tuesday,20:30,Alcoholics Anonymous,1,0,0
Ardfert,52.326842,-9.7814777,Friday,20:30,Alcoholics Anonymous,1,0,0
Ballyduff,52.451129,-9.6635237,Tuesday,20:30,Alcoholics Anonymous,1,0,0
Ballyduff,52.451129,-9.6635237,Sunday,20:00,Alcoholics Anonymous,1,0,0
Ballyheigue,52.3921232,-9.8423753,Friday,20:30,Alcoholics Anonymous,1,0,0
Ballyheigue,52.3921232,-9.8423753,Sunday,12:00,Alcoholics Anonymous,1,0,0
Ballylongford Serenity,52.5451194,-9.4791515,Thursday,20:30,Alcoholics Anonymous,1,0,0
Cahirciveen,51.9460927,-10.2317413,Wednesday,20:30,Alcoholics Anonymous,1,0,0
Cahirciveen,51.9460927,-10.2317413,Sunday,11:00,Alcoholics Anonymous,1,0,0
Castledrum Keel AA Group,52.1747924,-9.7675967,Monday,20:30,Alcoholics Anonymous,1,0,0
Castlegregory,52.2554688,-10.0257503,Wednesday,20:30,Alcoholics Anonymous,1,0,0
Castlegregory,52.2554688,-10.0257503,Saturday,20:30,Alcoholics Anonymous,1,0,0
Dingle Lunch Time,52.1417033,-10.2719751,Wednesday,13:00,Alcoholics Anonymous,1,0,0
Dingle Lunch Time,52.1417033,-10.2719751,Saturday,13:00,Alcoholics Anonymous,1,0,0
Killarney Into Action Group,52.0596376,-9.4880047,Sunday,19:30,Alcoholics Anonymous,1,0,0
Killarney Primary Purpose,52.0596376,-9.4880047,Thursday,19:00,Alcoholics Anonymous,1,0,0
Killarney Serenity,52.0628105,-9.5082747,Monday,12:00,Alcoholics Anonymous,1,0,0
Killarney Serenity,52.0628105,-9.5082747,Monday,20:30,Alcoholics Anonymous,1,0,0
Killarney Serenity,52.0628105,-9.5082747,Tuesday,12:00,Alcoholics Anonymous,1,0,0
Killarney Serenity,52.0628105,-9.5082747,Tuesday,20:30,Alcoholics Anonymous,1,0,0
Killarney Serenity,52.0628105,-9.5082747,Wednesday,12:00,Alcoholics Anonymous,1,0,0
Killarney Serenity,52.0628105,-9.5082747,Wednesday,20:30,Alcoholics Anonymous,1,0,0
Killarney Serenity,52.0628105,-9.5082747,Thursday,20:30,Alcoholics Anonymous,1,0,0
Killarney Serenity,52.0628105,-9.5082747,Friday,12:00,Alcoholics Anonymous,1,0,0
Killarney Serenity,52.0628105,-9.5082747,Friday,20:30,Alcoholics Anonymous,1,0,0
Killarney Serenity,52.0628105,-9.5082747,Saturday,15:00,Alcoholics Anonymous,1,0,0
Killarney Serenity,52.0628105,-9.5082747,Saturday,20:30,Alcoholics Anonymous,1,0,0
Killarney Serenity,52.0628105,-9.5082747,Sunday,11:30,Alcoholics Anonymous,1,0,0
Killarney Serenity,52.0628105,-9.5082747,Sunday,20:30,Alcoholics Anonymous,1,0,0
Killarney Serenity Centre St Ann’S Road Group,52.0628105,-9.5082747,Monday,12:00,Alcoholics Anonymous,1,0,0
Killarney Serenity Centre St Ann’S Road Group,52.0628105,-9.5082747,Monday,20:30,Alcoholics Anonymous,1,0,0
Killarney Serenity Centre St Ann’S Road Group,52.0628105,-9.5082747,Tuesday,20:30,Alcoholics Anonymous,1,0,0
Killarney Serenity Centre St Ann’S Road Group,52.0628105,-9.5082747,Wednesday,20:30,Alcoholics Anonymous,1,0,0
Killarney Serenity Centre St Ann’S Road Group,52.0628105,-9.5082747,Thursday,20:30,Alcoholics Anonymous,1,0,0
Killarney Serenity Centre St Ann’S Road Group,52.0628105,-9.5082747,Friday,12:00,Alcoholics Anonymous,1,0,0
Killarney Serenity Centre St Ann’S Road Group,52.0628105,-9.5082747,Friday,20:30,Alcoholics Anonymous,1,0,0
Killarney Serenity Centre St Ann’S Road Group,52.0628105,-9.5082747,Saturday,15:00,Alcoholics Anonymous,1,0,0
Killarney Serenity Centre St Ann’S Road Group,52.0628105,-9.5082747,Saturday,20:30,Alcoholics Anonymous,1,0,0
Killarney Serenity Centre St Ann’S Road Group,52.0628105,-9.5082747,Sunday,11:30,Alcoholics Anonymous,1,0,0
Killarney Serenity Centre St Ann’S Road Group,52.0628105,-9.5082747,Sunday,20:30,Alcoholics Anonymous,1,0,0
Killorglin,52.1083402,-9.7907488,Tuesday,20:30,Alcoholics Anonymous,1,0,0
Killorglin,52.1083402,-9.7907488,Thursday,20:30,Alcoholics Anonymous,1,0,0
Killorglin,52.1083402,-9.7907488,Saturday,11:00,Alcoholics Anonymous,1,0,0
Killorglin,52.1083402,-9.7907488,Sunday,11:00,Alcoholics Anonymous,1,0,0
Listowel Third Legacy,52.4504339,-9.4710215,Wednesday,20:30,Alcoholics Anonymous,1,0,0
Listowel Third Legacy,52.4504339,-9.4710215,Sunday,11:00,Alcoholics Anonymous,1,0,0
Listry / Faha Grass Roots,52.1048519,-9.638015,Friday,20:30,Alcoholics Anonymous,1,0,0
Lixnaw,52.4055887,-9.6169209,Tuesday,20:30,Alcoholics Anonymous,1,0,0
Lixnaw,52.4055887,-9.6169209,Thursday,20:30,Alcoholics Anonymous,1,0,0
Lixnaw,52.4055887,-9.6169209,Sunday,20:30,Alcoholics Anonymous,1,0,0
Moyvane New Hope,52.4629024,-9.3697476,Tuesday,20:30,Alcoholics Anonymous,1,0,0
Tralee Hope Group,52.2683915,-9.7092555,Monday,10:00,Alcoholics Anonymous,1,0,0
Tralee Hope Group,52.2683915,-9.7092555,Monday,18:30,Alcoholics Anonymous,1,0,0
Tralee Hope Group,52.2683915,-9.7092555,Tuesday,10:00,Alcoholics Anonymous,1,0,0
Tralee Hope Group,52.2683915,-9.7092555,Wednesday,18:30,Alcoholics Anonymous,1,0,0
Tralee Hope Group,52.2683915,-9.7092555,Thursday,10:00,Alcoholics Anonymous,1,0,0
Tralee Hope Group,52.2683915,-9.7092555,Friday,10:00,Alcoholics Anonymous,1,0,0
Tralee Hope Group,52.2683915,-9.7092555,Saturday,18:30,Alcoholics Anonymous,1,0,0
Tralee Hope Group,52.2683915,-9.7092555,Sunday,18:30,Alcoholics Anonymous,1,0,0
Tralee Phoenix Group,52.2723012,-9.7145142,Monday,13:00,Alcoholics Anonymous,1,0,0
Tralee Phoenix Group,52.2723012,-9.7145142,Tuesday,13:00,Alcoholics Anonymous,1,0,0
Tralee Phoenix Group,52.2723012,-9.7145142,Wednesday,13:00,Alcoholics Anonymous,1,0,0
Tralee Phoenix Group,52.2723012,-9.7145142,Thursday,13:00,Alcoholics Anonymous,1,0,0
Tralee Phoenix Group,52.2723012,-9.7145142,Friday,13:00,Alcoholics Anonymous,1,0,0
Tralee Presentation Group,52.2684961,-9.7020672,Monday,20:30,Alcoholics Anonymous,1,0,0
Tralee Presentation Group,52.2684961,-9.7020672,Tuesday,20:30,Alcoholics Anonymous,1,0,0
Tralee Presentation Group,52.2684961,-9.7020672,Wednesday,20:30,Alcoholics Anonymous,1,0,0
Tralee Presentation Group,52.2684961,-9.7020672,Thursday,20:30,Alcoholics Anonymous,1,0,0
Tralee Presentation Group,52.2684961,-9.7020672,Friday,20:30,Alcoholics Anonymous,1,0,0
Tralee Presentation Group,52.2684961,-9.7020672,Saturday,11:30,Alcoholics Anonymous,1,0,0
Tralee Presentation Group,52.2684961,-9.7020672,Saturday,20:30,Alcoholics Anonymous,1,0,0
Tralee Presentation Group,52.2684961,-9.7020672,Sunday,11:30,Alcoholics Anonymous,1,0,0
Tralee Presentation Group,52.2684961,-9.7020672,Sunday,20:30,Alcoholics Anonymous,1,0,0
Arklow,52.7975257,-6.1663673,Tuesday,20:00,Alcoholics Anonymous,1,0,0
Arklow,52.7975257,-6.1663673,Thursday,20:00,Alcoholics Anonymous,1,0,0
Arklow,52.7975257,-6.1663673,Sunday,11:30,Alcoholics Anonymous,1,0,0
Bray Vevay Group,53.1931844,-6.1051323,Thursday,20:30,Alcoholics Anonymous,1,0,0
Enniskerry Group,53.1940942,-6.1753347,Wednesday,20:00,Alcoholics Anonymous,1,0,0
Enniskerry Group,53.1940942,-6.1753347,Saturday,20:00,Alcoholics Anonymous,1,0,0
Glenealy Group,52.9686658,-6.1443438,Wednesday,20:30,Alcoholics Anonymous,1,0,0
Greystones Big Book Meeting,53.1464319,-6.0623655,Monday,20:00,Alcoholics Anonymous,1,0,0
Greystones Big Book Meeting,53.1464319,-6.0623655,Friday,19:00,Alcoholics Anonymous,1,0,0
Greystones Saturday,53.1464319,-6.0623655,Saturday,20:00,Alcoholics Anonymous,1,0,0
Kilcoole,53.1143162,-6.0652809,Tuesday,20:30,Alcoholics Anonymous,1,0,0
Laragh,53.0123713,-6.3037063,Monday,20:30,Alcoholics Anonymous,1,0,0
Newcastle Friday Group,53.067736,-6.0620971,Friday,20:30,Alcoholics Anonymous,1,0,0
Newcastle Sunday,53.1143162,-6.0652809,Sunday,11:30,Alcoholics Anonymous,1,0,0
Rathdrum One Day At A Time Group,52.9318721,-6.2342906,Friday,20:30,Alcoholics Anonymous,1,0,0
Rathdrum One Day At A Time Group,52.9318721,-6.2342906,Sunday,20:30,Alcoholics Anonymous,1,0,0
1St Riddrie,55.868338,-4.191026,Tuesday,20:00,Alcoholics Anonymous,1,0,0
Aberdeen Citadel,57.148417,-2.091896,Sunday,13:30,Alcoholics Anonymous,1,0,0
Aberdeen Salvation Army,57.148417,-2.091896,Wednesday,13:00,Alcoholics Anonymous,1,0,0
Aberfeldy,56.619808,-3.870064,Tuesday,19:30,Alcoholics Anonymous,1,0,0
Airdrie,55.870837,-3.975462,Tuesday,19:30,Alcoholics Anonymous,1,0,0
Airdrie Chapelhall,55.840647,-3.944064,Tuesday,19:30,Alcoholics Anonymous,1,0,0
Airdrie Chapelside Keep It Simple,55.870837,-3.975462,Thursday,19:30,Alcoholics Anonymous,1,0,0
Airdrie Chapelside Serenity,55.870837,-3.975462,Monday,19:30,Alcoholics Anonymous,1,0,0
Airdrie Glenmavis,55.885155,-3.997072,Sunday,19:30,Alcoholics Anonymous,1,0,0
Airdrie Keep It Simple,55.870837,-3.975462,Sunday,11:00,Alcoholics Anonymous,1,0,0
Airdrie St Edward`S Afternoon,55.862163,-3.96579,Monday,13:00,Alcoholics Anonymous,1,0,0
Alexandria,55.988845,-4.586169,Tuesday,20:00,Alcoholics Anonymous,1,0,0
Alexandria Big Book,55.988845,-4.586169,Thursday,20:00,Alcoholics Anonymous,1,0,0
Alexandria The Golden Hour,55.988845,-4.586169,Saturday,10:30,Alcoholics Anonymous,1,0,0
Armadale,55.897193,-3.703207,Saturday,20:00,Alcoholics Anonymous,1,0,0
Auchterarder,56.29288,-3.717209,Tuesday,20:00,Alcoholics Anonymous,1,0,0
Baillieston,55.852149,-4.109928,Tuesday,20:00,Alcoholics Anonymous,1,0,0
Banchory,57.051785,-2.505628,Wednesday,18:30,Alcoholics Anonymous,1,0,0
Bargeddie Keep It Simple,55.856344,-4.078155,Tuesday,19:30,Alcoholics Anonymous,1,0,0
Barlanark Greyfriars,55.868338,-4.191026,Wednesday,20:00,Alcoholics Anonymous,1,0,0
Barrhead,55.799291,-4.389542,Wednesday,20:00,Alcoholics Anonymous,1,0,0
Beith Big Book,55.752686,-4.633226,Wednesday,11:00,Alcoholics Anonymous,1,0,0
Biggar,55.638335,-3.468463,Monday,20:00,Alcoholics Anonymous,1,0,0
Birkenshaw Back To Basics Study,55.831495,-4.078358,Friday,20:00,Alcoholics Anonymous,1,0,0
Bishopbriggs,55.914527,-4.199393,Tuesday,20:00,Alcoholics Anonymous,1,0,0
Bishopbriggs,55.914527,-4.199393,Friday,19:30,Alcoholics Anonymous,1,0,0
Bishopbriggs,55.922175,-4.214439,Thursday,20:00,Alcoholics Anonymous,1,0,0
Bishopbriggs Morning - There Is A Solution,55.911273,-4.228427,Saturday,10:00,Alcoholics Anonymous,1,0,0
Blackwood Third Tradition,55.667548,-3.916802,Wednesday,20:00,Alcoholics Anonymous,1,0,0
Blairgowrie,56.592174,-3.341478,Wednesday,20:00,Alcoholics Anonymous,1,0,0
Bo'ness Cosy Corner,56.012964,-3.606036,Friday,20:00,Alcoholics Anonymous,1,0,0
Bonnyrigg Early Bird,55.880233,-3.090146,Friday,19:00,Alcoholics Anonymous,1,0,0
Bonnyrigg Midlothian Community Hospital,55.880233,-3.090146,Monday,20:00,Alcoholics Anonymous,1,0,0
Bowling Young In Sobriety,55.910475,-4.42515,Tuesday,19:30,Alcoholics Anonymous,1,0,0
Brechin,56.731599,-2.661817,Tuesday,19:30,Alcoholics Anonymous,1,0,0
Brechin,56.731599,-2.661817,Saturday,19:30,Alcoholics Anonymous,1,0,0
Bridge Of Weir,55.85515,-4.576268,Wednesday,20:00,Alcoholics Anonymous,1,0,0
Burntisland,56.058783,-3.235324,Thursday,19:30,Alcoholics Anonymous,1,0,0
Cambuslang 12 Step,55.810632,-4.1402102,Friday,20:00,Alcoholics Anonymous,1,0,0
Carnoustie,56.498668,-2.737249,Sunday,19:30,Alcoholics Anonymous,1,0,0
Castlemilk,55.805131,-4.231694,Tuesday,20:00,Alcoholics Anonymous,1,0,0
Clarkston Lunchtime Recovery,55.788592,-4.281438,Monday,12:30,Alcoholics Anonymous,1,0,0
Cluny,55.924377,-3.208799,Sunday,20:00,Alcoholics Anonymous,1,0,0
Coatbrridge Keep It Simple,55.844426,-4.039818,Thursday,10:45,Alcoholics Anonymous,1,0,0
Corstorphine,55.939824,-3.282878,Thursday,20:00,Alcoholics Anonymous,1,0,0
Crieff Keep It Simple,56.370441,-3.84262,Sunday,19:00,Alcoholics Anonymous,1,0,0
Croy Recovery,55.959007,-4.040492,Thursday,20:00,Alcoholics Anonymous,1,0,0
Cumbernauld 12 Step Recovery,55.944074,-3.979206,Sunday,20:00,Alcoholics Anonymous,1,0,0
Cumbernauld Condorrat: Keep It Simple,55.935893,-4.026324,Tuesday,12:30,Alcoholics Anonymous,1,0,0
Cumbernauld Recovery,55.931341,-4.023909,Monday,19:30,Alcoholics Anonymous,1,0,0
Cumbernauld: Living Sober,55.931341,-4.023909,Friday,13:30,Alcoholics Anonymous,1,0,0
Cumbernauld: Midday,55.935419,-4.00254,Wednesday,12:00,Alcoholics Anonymous,1,0,0
Cupar,56.316406,-3.016018,Sunday,19:00,Alcoholics Anonymous,1,0,0
Dalkeith No 1,55.880233,-3.090146,Saturday,20:00,Alcoholics Anonymous,1,0,0
Denny,56.023371,-3.905099,Thursday,20:00,Alcoholics Anonymous,1,0,0
Denny,56.024783,-3.909084,Sunday,20:00,Alcoholics Anonymous,1,0,0
Drybridge 12 Steps & 12 Traditions,55.594951,-4.604343,Wednesday,20:00,Alcoholics Anonymous,1,0,0
Dumbarton,55.947569,-4.56706,Monday,20:00,Alcoholics Anonymous,1,0,0
Dumbarton,55.947569,-4.56706,Wednesday,20:00,Alcoholics Anonymous,1,0,0
Dumbarton,55.947569,-4.56706,Thursday,20:00,Alcoholics Anonymous,1,0,0
Dumbarton,55.947569,-4.56706,Friday,20:00,Alcoholics Anonymous,1,0,0
Dumbarton,55.947569,-4.56706,Saturday,20:00,Alcoholics Anonymous,1,0,0
Dumbarton Afternoon,55.947569,-4.56706,Wednesday,13:00,Alcoholics Anonymous,1,0,0
Dumbarton Afternoon,55.947569,-4.56706,Sunday,13:00,Alcoholics Anonymous,1,0,0
Dumbarton Afternoon,55.947569,-4.56706,Monday,13:00,Alcoholics Anonymous,1,0,0
Dumbarton Big Book,55.947569,-4.56706,Sunday,19:30,Alcoholics Anonymous,1,0,0
Dumbarton Daily Reflections,55.947569,-4.56706,Saturday,11:00,Alcoholics Anonymous,1,0,0
Dumbarton Keep It Simple,55.947569,-4.56706,Tuesday,20:00,Alcoholics Anonymous,1,0,0
Dumbarton Lunch,55.947569,-4.56706,Friday,12:30,Alcoholics Anonymous,1,0,0
Dumbarton Lunchtime,55.947569,-4.56706,Tuesday,12:00,Alcoholics Anonymous,1,0,0
Dunblane,56.18892,-3.964738,Wednesday,20:00,Alcoholics Anonymous,1,0,0
Dunblane,56.18892,-3.964738,Saturday,20:00,Alcoholics Anonymous,1,0,0
Dundee,56.481553,-2.937131,Wednesday,19:00,Alcoholics Anonymous,1,0,0
Dundee 12 Step,56.458384,-2.973038,Tuesday,18:15,Alcoholics Anonymous,1,0,0
Dundee Beginners Plain Language,56.457658,-2.9977,Wednesday,19:00,Alcoholics Anonymous,1,0,0
Dundee Broughty Ferry,56.468246,-2.883289,Friday,19:30,Alcoholics Anonymous,1,0,0
Dundee Carseview,56.463426,-3.045679,Monday,19:00,Alcoholics Anonymous,1,0,0
Dundee Wielka Ksiega Polish Speaking,56.468549,-3.038028,Sunday,18:00,Alcoholics Anonymous,1,0,0
Dunfermline Canmore Recovery,56.071787,-3.457467,Saturday,13:00,Alcoholics Anonymous,1,0,0
Dunfermline Dell Farquharson,56.071787,-3.457467,Friday,19:30,Alcoholics Anonymous,1,0,0
Dunfermline Stepping Stones 12 Step Recovery,56.037495,-3.419161,Friday,19:00,Alcoholics Anonymous,1,0,0
Duntocher Big Book Study,55.924188,-4.417172,Wednesday,19:30,Alcoholics Anonymous,1,0,0
East Kilbride,55.770034,-4.174808,Friday,11:00,Alcoholics Anonymous,1,0,0
East Kilbride 11Th Step Meditation,55.746016,-4.194726,Tuesday,19:00,Alcoholics Anonymous,1,0,0
East Kilbride Big Book,55.770034,-4.174808,Sunday,20:00,Alcoholics Anonymous,1,0,0
East Kilbride Morning,55.755915,-4.195012,Tuesday,11:00,Alcoholics Anonymous,1,0,0
East Kilbride New Beginnings,55.755915,-4.195012,Monday,20:00,Alcoholics Anonymous,1,0,0
Easterhouse,55.869487,-4.119008,Sunday,19:00,Alcoholics Anonymous,1,0,0
Easterhouse,55.867704,-4.118411,Sunday,20:00,Alcoholics Anonymous,1,0,0
Edinburgh  Live & Let Live Lgbtq Hybrid,55.969452,-3.167874,Tuesday,19:45,Alcoholics Anonymous,1,0,0
Edinburgh Big Book Hybrid,55.95973,-3.217942,Monday,20:00,Alcoholics Anonymous,1,0,0
Edinburgh Muirhouse,55.972386,-3.257757,Monday,19:00,Alcoholics Anonymous,1,0,0
Edinburgh Sighthill,55.921818,-3.28878,Monday,19:30,Alcoholics Anonymous,1,0,0
Erskine,55.908367,-4.465213,Wednesday,20:00,Alcoholics Anonymous,1,0,0
Erskine Young In Sobriety Big Book Study,55.903989,-4.453575,Thursday,19:30,Alcoholics Anonymous,1,0,0
Falkirk,56.00004,-3.784888,Monday,19:30,Alcoholics Anonymous,1,0,0
Falkirk Daily Reflections,56.00004,-3.784888,Saturday,20:00,Alcoholics Anonymous,1,0,0
Fauldhouse,55.82825,-3.706402,Wednesday,20:00,Alcoholics Anonymous,1,0,0
Fernhill Cathkin 12 Step,55.807427,-4.199778,Thursday,13:00,Alcoholics Anonymous,1,0,0
Forfar,56.644218,-2.887355,Wednesday,19:30,Alcoholics Anonymous,1,0,0
Forfar,56.644218,-2.887355,Monday,19:30,Alcoholics Anonymous,1,0,0
Garangad,55.87087,-4.220229,Friday,19:30,Alcoholics Anonymous,1,0,0
Giffnock,55.795206,-4.29789,Friday,20:00,Alcoholics Anonymous,1,0,0
Giffnock 11Th Step Prayer& Meditation,55.795206,-4.29789,Sunday,20:00,Alcoholics Anonymous,1,0,0
Grangemouth Courage To Change,56.003868,-3.720086,Tuesday,20:00,Alcoholics Anonymous,1,0,0
Grangemouth Steps And Traditions,56.003868,-3.720086,Thursday,20:00,Alcoholics Anonymous,1,0,0
Greenock 12 Step Video,55.953541,-4.772118,Tuesday,12:00,Alcoholics Anonymous,1,0,0
Greenock Monday Night,55.952802,-4.765032,Monday,20:00,Alcoholics Anonymous,1,0,0
Greenock One Day At A Time,55.952802,-4.765032,Thursday,20:00,Alcoholics Anonymous,1,0,0
Guys Meadows,55.958239,-3.981867,Sunday,10:30,Alcoholics Anonymous,1,0,0
Hairmyres Hospital,55.759825,-4.221977,Saturday,19:00,Alcoholics Anonymous,1,0,0
Helensburgh,56.005626,-4.734476,Tuesday,20:00,Alcoholics Anonymous,1,0,0
Holytown,55.824785,-3.95938,Saturday,20:00,Alcoholics Anonymous,1,0,0
Househillwood,55.817347,-4.348569,Monday,20:00,Alcoholics Anonymous,1,0,0
Inverkeithing,56.029211,-3.399488,Thursday,19:30,Alcoholics Anonymous,1,0,0
Inverkeithing,56.026818,-3.389356,Sunday,19:30,Alcoholics Anonymous,1,0,0
Johnstone,55.832993,-4.520248,Tuesday,20:00,Alcoholics Anonymous,1,0,0
Kilsyth,55.97744,-4.051288,Sunday,20:00,Alcoholics Anonymous,1,0,0
Kinross,56.21385,-3.427332,Monday,19:30,Alcoholics Anonymous,1,0,0
Kirkintilloch,55.939201,-4.161064,Sunday,19:30,Alcoholics Anonymous,1,0,0
Kirkintilloch,55.940298,-4.13964,Monday,20:00,Alcoholics Anonymous,1,0,0
Kirkintilloch 12 Step,55.941681,-4.141041,Monday,19:30,Alcoholics Anonymous,1,0,0
Kirkintilloch Afternoon,55.940298,-4.13964,Friday,12:30,Alcoholics Anonymous,1,0,0
Kirkintilloch Big Book,55.941681,-4.141041,Wednesday,20:00,Alcoholics Anonymous,1,0,0
Kirkintilloch Recovery,55.941681,-4.141041,Thursday,19:15,Alcoholics Anonymous,1,0,0
Largs,55.793816,-4.870468,Saturday,20:00,Alcoholics Anonymous,1,0,0
Largs 12 Step Discussion,55.793816,-4.870468,Wednesday,11:00,Alcoholics Anonymous,1,0,0
Largs Morning,55.793816,-4.870468,Monday,11:00,Alcoholics Anonymous,1,0,0
Lenzie Keep It Simple,55.923761,-4.156206,Thursday,13:00,Alcoholics Anonymous,1,0,0
Leven Aa Love,56.194009,-2.995892,Tuesday,18:00,Alcoholics Anonymous,1,0,0
Linlithgow,55.978388,-3.596536,Tuesday,20:00,Alcoholics Anonymous,1,0,0
Livingston,55.89597,-3.503195,Friday,19:00,Alcoholics Anonymous,1,0,0
Livingston Keep It Simple,55.89597,-3.503195,Wednesday,19:30,Alcoholics Anonymous,1,0,0
Methil A Vision For You,56.186075,-3.008029,Friday,19:00,Alcoholics Anonymous,1,0,0
Midlothian Lunchtime,55.880233,-3.090146,Saturday,13:00,Alcoholics Anonymous,1,0,0
Midlothian Step,55.880233,-3.090146,Thursday,19:00,Alcoholics Anonymous,1,0,0
Milnathort/Kinross,56.229583,-3.420368,Friday,20:00,Alcoholics Anonymous,1,0,0
Milngavie,55.942343,-4.313759,Monday,20:00,Alcoholics Anonymous,1,0,0
Moodiesburn Keep It Simple,55.911253,-4.088593,Friday,20:00,Alcoholics Anonymous,1,0,0
Musselburgh,55.942499,-3.05022,Sunday,20:00,Alcoholics Anonymous,1,0,0
Musselburgh (Formerly Wallyford),55.942221,-3.047987,Friday,20:00,Alcoholics Anonymous,1,0,0
Musselburgh Big Book,55.942221,-3.047987,Monday,20:00,Alcoholics Anonymous,1,0,0
Musselburgh Language Of The Heart,55.944864,-3.056844,Saturday,15:00,Alcoholics Anonymous,1,0,0
Musselburgh Step Discussion,55.942221,-3.047987,Wednesday,20:00,Alcoholics Anonymous,1,0,0
Newmilns Friday Night,55.607205,-4.323335,Friday,20:00,Alcoholics Anonymous,1,0,0
Peebles,55.65158,-3.191685,Friday,20:00,Alcoholics Anonymous,1,0,0
Penilee,55.847639,-4.361516,Monday,20:00,Alcoholics Anonymous,1,0,0
Perth,56.395304,-3.440206,Thursday,19:30,Alcoholics Anonymous,1,0,0
Perth A Vision For You,56.398537,-3.434902,Tuesday,19:30,Alcoholics Anonymous,1,0,0
Perth Living Sober,56.396782,-3.433539,Sunday,11:00,Alcoholics Anonymous,1,0,0
Perth Rainbow Recovery,56.395304,-3.440206,Saturday,19:00,Alcoholics Anonymous,1,0,0
Perth Welcome,56.395304,-3.440206,Wednesday,15:30,Alcoholics Anonymous,1,0,0
Phoenix Big Book,55.959007,-4.040492,Saturday,17:30,Alcoholics Anonymous,1,0,0
Pollok Peat Road Recovery,55.818732,-4.351351,Tuesday,19:00,Alcoholics Anonymous,1,0,0
Port Glasgow,55.934623,-4.693054,Sunday,20:00,Alcoholics Anonymous,1,0,0
Port Seton,55.970481,-2.957328,Tuesday,19:30,Alcoholics Anonymous,1,0,0
Port Seton Lunchtime,55.970481,-2.957328,Friday,12:00,Alcoholics Anonymous,1,0,0
Renfrew 1St Tradition,55.878397,-4.392578,Sunday,20:00,Alcoholics Anonymous,1,0,0
Riddrie Afternoon Big Book,55.868338,-4.191026,Friday,13:00,Alcoholics Anonymous,1,0,0
Robroyston You Are No Longer Alone,55.892868,-4.178639,Monday,19:30,Alcoholics Anonymous,1,0,0
Rosyth,56.037495,-3.419161,Saturday,18:00,Alcoholics Anonymous,1,0,0
Rosyth,56.037495,-3.419161,Tuesday,19:00,Alcoholics Anonymous,1,0,0
Rosyth,56.037495,-3.419161,Wednesday,19:00,Alcoholics Anonymous,1,0,0
Rutherglen,55.829668,-4.223405,Tuesday,20:00,Alcoholics Anonymous,1,0,0
Rutherglen Big Book Discussion,55.824009,-4.215291,Thursday,20:00,Alcoholics Anonymous,1,0,0
Shotts,55.821512,-3.802059,Sunday,20:00,Alcoholics Anonymous,1,0,0
St Andrews,56.341078,-2.790372,Thursday,19:00,Alcoholics Anonymous,1,0,0
St Andrews Just For Today,56.341078,-2.790372,Saturday,11:00,Alcoholics Anonymous,1,0,0
St Andrews Step,56.341078,-2.790372,Tuesday,19:30,Alcoholics Anonymous,1,0,0
St Catherine's,55.891047,-4.206716,Sunday,20:00,Alcoholics Anonymous,1,0,0
Stepps Odaat,55.893539,-4.141174,Monday,19:30,Alcoholics Anonymous,1,0,0
Stirling Raploch,56.130136,-3.949043,Sunday,20:00,Alcoholics Anonymous,1,0,0
Stirling Serenity,56.130136,-3.949043,Wednesday,19:30,Alcoholics Anonymous,1,0,0
Stirling Serenity,56.130136,-3.949043,Friday,19:30,Alcoholics Anonymous,1,0,0
Stonehaven,56.96764,-2.215006,Friday,20:00,Alcoholics Anonymous,1,0,0
Stonehaven Serenity,56.96764,-2.215006,Tuesday,19:30,Alcoholics Anonymous,1,0,0
Tillicoultry Living Sober,56.153213,-3.739757,Tuesday,18:30,Alcoholics Anonymous,1,0,0
Torrance Twelve Step Recovery,55.942404,-4.211014,Tuesday,20:00,Alcoholics Anonymous,1,0,0
Viewpark,55.830113,-4.048282,Saturday,20:00,Alcoholics Anonymous,1,0,0
Viewpark The Team Fae The Scheme,55.830113,-4.048282,Sunday,20:00,Alcoholics Anonymous,1,0,0
Whitehill Big Book Discussion,55.862481,-4.213168,Thursday,19:30,Alcoholics Anonymous,1,0,0
Winchburgh,55.957814,-3.461109,Monday,19:45,Alcoholics Anonymous,1,0,0
Yoker Big Book,55.888666,-4.378099,Monday,11:00,Alcoholics Anonymous,1,0,0
Yoker Daily Reflections Recovery,55.888666,-4.378099,Tuesday,19:30,Alcoholics Anonymous,1,0,0
Yoker Happy Hour,55.888666,-4.378099,Tuesday,10:00,Alcoholics Anonymous,1,0,0
Aberdeen,57.150963,-2.135149,Thursday,19:45,Alcoholics Anonymous,1,0,0
Aberdeen Big Book Discussion,57.165932,-2.162122,Monday,13:00,Alcoholics Anonymous,1,0,0
Aberdeen Big Book Study,57.151389,-2.102358,Thursday,19:30,Alcoholics Anonymous,1,0,0
Aberdeen Castlegate Women,57.148738,-2.092005,Thursday,13:00,Alcoholics Anonymous,1,0,0
Aberdeen Cornhill,57.154271,-2.117216,Wednesday,20:00,Alcoholics Anonymous,1,0,0
Aberdeen Cults,57.115077,-2.189425,Sunday,18:30,Alcoholics Anonymous,1,0,0
Aberdeen Durys ? Laisv? Lithuanian & Russian Speaking,57.16098,-2.094548,Thursday,20:00,Alcoholics Anonymous,1,0,0
Aberdeen Fountainhall,57.14398,-2.129686,Tuesday,19:30,Alcoholics Anonymous,1,0,0
Aberdeen Just For Today,57.148738,-2.092005,Saturday,18:00,Alcoholics Anonymous,1,0,0
Aberdeen Linksfield,57.16098,-2.094548,Tuesday,20:00,Alcoholics Anonymous,1,0,0
Aberdeen Linksfield Theme,57.16098,-2.094548,Monday,20:00,Alcoholics Anonymous,1,0,0
Aberdeen Lunchtime,57.16098,-2.094548,Saturday,12:00,Alcoholics Anonymous,1,0,0
Aberdeen Mastrick,57.156229,-2.163369,Sunday,19:30,Alcoholics Anonymous,1,0,0
Aberdeen Odrodzeni Polish Speaking,57.16098,-2.094548,Sunday,18:00,Alcoholics Anonymous,1,0,0
Aberdeen Polish,57.148738,-2.092005,Friday,19:00,Alcoholics Anonymous,1,0,0
Aberdeen Rubislaw,57.14398,-2.129686,Friday,19:00,Alcoholics Anonymous,1,0,0
Aberdeen St Peter's,57.148738,-2.092005,Tuesday,12:30,Alcoholics Anonymous,1,0,0
Aberdeen Women In Recovery,57.145601,-2.106341,Monday,18:00,Alcoholics Anonymous,1,0,0
Ellon,57.365175,-2.072732,Friday,19:30,Alcoholics Anonymous,1,0,0
Inverurie,57.284187,-2.375965,Monday,19:30,Alcoholics Anonymous,1,0,0
Oldmeldrum,57.335247,-2.315371,Thursday,19:30,Alcoholics Anonymous,1,0,0
Arbroath,56.563054,-2.584088,Friday,19:00,Alcoholics Anonymous,1,0,0
Arbroath,56.563054,-2.584088,Monday,19:30,Alcoholics Anonymous,1,0,0
Dundee Sobotka (We Speak Polish),56.479199,-2.904358,Thursday,18:45,Alcoholics Anonymous,1,0,0
Haddington As Bill Sees It Discussion,55.954892,-2.773803,Tuesday,20:00,Alcoholics Anonymous,1,0,0
Haddington Big Book Study,55.954892,-2.773803,Sunday,19:30,Alcoholics Anonymous,1,0,0
Haddington Hybrid,55.95708,-2.797763,Monday,20:00,Alcoholics Anonymous,1,0,0
Haddington Lunchtime,55.954892,-2.773803,Wednesday,13:00,Alcoholics Anonymous,1,0,0
Haddington Step Hybrid,55.95708,-2.797763,Thursday,20:00,Alcoholics Anonymous,1,0,0
Peebles,55.652178,-3.188334,Tuesday,20:00,Alcoholics Anonymous,1,0,0
Tranent,55.946971,-2.955031,Thursday,20:15,Alcoholics Anonymous,1,0,0
Tranent Step,55.946971,-2.955031,Sunday,09:00,Alcoholics Anonymous,1,0,0
Bearsden,55.918219,-4.333254,Friday,20:00,Alcoholics Anonymous,1,0,0
Bearsdon Big Book,55.919425,-4.326189,Monday,18:00,Alcoholics Anonymous,1,0,0
Clydebank,55.908263,-4.406548,Wednesday,20:00,Alcoholics Anonymous,1,0,0
Drumchapel,55.917002,-4.371063,Tuesday,20:00,Alcoholics Anonymous,1,0,0
Drumchapel,55.917002,-4.371063,Saturday,20:00,Alcoholics Anonymous,1,0,0
Cumbernauld,55.951181,-3.985054,Friday,20:00,Alcoholics Anonymous,1,0,0
Cumbernauld,55.951181,-3.985054,Tuesday,20:00,Alcoholics Anonymous,1,0,0
Cumbernauld Afternoon Living Sober,55.947024,-3.985962,Monday,12:30,Alcoholics Anonymous,1,0,0
Cumbernauld Big Book,55.951181,-3.985054,Wednesday,20:00,Alcoholics Anonymous,1,0,0
Cumbernauld Lunchtime Big Book,55.947024,-3.985962,Thursday,12:30,Alcoholics Anonymous,1,0,0
Cumbernauld Morning Hybrid,55.951181,-3.985054,Saturday,10:45,Alcoholics Anonymous,1,0,0
Cumbernauld Morning Power Hour Prayer & Meditation,55.951181,-3.985054,Tuesday,10:00,Alcoholics Anonymous,1,0,0
Cumbernauld Recovery,55.951181,-3.985054,Thursday,20:00,Alcoholics Anonymous,1,0,0
Helensburgh,56.00265,-4.724322,Monday,20:00,Alcoholics Anonymous,1,0,0
Helensburgh Daylight,56.005004,-4.731335,Thursday,12:30,Alcoholics Anonymous,1,0,0
Renton,55.964514,-4.5815,Sunday,20:00,Alcoholics Anonymous,1,0,0
Renton,55.969458,-4.584569,Wednesday,19:45,Alcoholics Anonymous,1,0,0
Dundee,56.458575,-2.977262,Sunday,19:00,Alcoholics Anonymous,1,0,0
Dundee Big Book,56.47374,-3.035021,Saturday,11:00,Alcoholics Anonymous,1,0,0
Dundee Big Book Study,56.465968,-2.997756,Thursday,18:00,Alcoholics Anonymous,1,0,0
Dundee No 3,56.464456,-2.97097,Wednesday,19:00,Alcoholics Anonymous,1,0,0
Dundee No 3,56.464456,-2.97097,Tuesday,12:30,Alcoholics Anonymous,1,0,0
Dundee No 3,56.464456,-2.97097,Wednesday,12:30,Alcoholics Anonymous,1,0,0
Dundee No 3,56.464456,-2.97097,Thursday,12:30,Alcoholics Anonymous,1,0,0
Dundee No 3,56.464456,-2.97097,Thursday,19:00,Alcoholics Anonymous,1,0,0
Dundee No 3,56.464456,-2.97097,Friday,19:00,Alcoholics Anonymous,1,0,0
Dundee No 3,56.464456,-2.97097,Saturday,12:30,Alcoholics Anonymous,1,0,0
Dundee No 3,56.464456,-2.97097,Saturday,19:00,Alcoholics Anonymous,1,0,0
Dundee No 3,56.464456,-2.97097,Sunday,11:00,Alcoholics Anonymous,1,0,0
Dundee No 3,56.464456,-2.97097,Monday,19:00,Alcoholics Anonymous,1,0,0
Dundee No 3,56.464456,-2.97097,Tuesday,19:00,Alcoholics Anonymous,1,0,0
Dundee Recovery,56.465517,-2.965024,Friday,12:30,Alcoholics Anonymous,1,0,0
Dundee Women Living Sober,56.462304,-2.974923,Tuesday,18:00,Alcoholics Anonymous,1,0,0
1St Edinburgh,55.943713,-3.199715,Tuesday,19:30,Alcoholics Anonymous,1,0,0
East End Early Evening Step,55.959016,-3.18425,Thursday,18:00,Alcoholics Anonymous,1,0,0
Edinburgh Courage To Change,55.954581,-3.149138,Friday,07:30,Alcoholics Anonymous,1,0,0
Edinburgh Daily Reflections,55.934721,-3.210482,Thursday,13:00,Alcoholics Anonymous,1,0,0
Edinburgh Early Evening,55.959016,-3.18425,Monday,18:00,Alcoholics Anonymous,1,0,0
Edinburgh East End,55.959016,-3.18425,Wednesday,07:15,Alcoholics Anonymous,1,0,0
Edinburgh East End,55.959016,-3.18425,Monday,07:15,Alcoholics Anonymous,1,0,0
Edinburgh East End,55.959016,-3.18425,Tuesday,18:00,Alcoholics Anonymous,1,0,0
Edinburgh East End,55.959016,-3.18425,Friday,18:00,Alcoholics Anonymous,1,0,0
Edinburgh East End,55.959016,-3.18425,Saturday,08:30,Alcoholics Anonymous,1,0,0
Edinburgh East End,55.959016,-3.18425,Sunday,18:00,Alcoholics Anonymous,1,0,0
Edinburgh Lothian Road,55.949965,-3.206314,Wednesday,13:00,Alcoholics Anonymous,1,0,0
Edinburgh Lothian Road As Bill Sees It,55.949965,-3.206314,Friday,13:00,Alcoholics Anonymous,1,0,0
Edinburgh Manic Monday,55.949627,-3.207312,Monday,13:00,Alcoholics Anonymous,1,0,0
Edinburgh Murrayfield 11Th Step Prayer & Meditation,55.947199,-3.23654,Friday,19:00,Alcoholics Anonymous,1,0,0
Edinburgh Murrayfield Just For Today,55.947199,-3.23654,Monday,18:00,Alcoholics Anonymous,1,0,0
Edinburgh Murrayfield Step Hybrid,55.947199,-3.23654,Wednesday,19:30,Alcoholics Anonymous,1,0,0
Edinburgh Pass It On,55.949627,-3.207312,Friday,11:00,Alcoholics Anonymous,1,0,0
Edinburgh Primary Purpose Big Book Study,55.964426,-3.178568,Tuesday,20:00,Alcoholics Anonymous,1,0,0
Edinburgh Serenity Polish Speaking,55.959016,-3.18425,Tuesday,19:30,Alcoholics Anonymous,1,0,0
Edinburgh St Catherine's,55.943713,-3.199715,Thursday,10:30,Alcoholics Anonymous,1,0,0
Edinburgh St Catherine's Recovery,55.943713,-3.199715,Friday,20:00,Alcoholics Anonymous,1,0,0
Edinburgh St Catherines,55.943713,-3.199715,Wednesday,10:30,Alcoholics Anonymous,1,0,0
Edinburgh St Catherines,55.943713,-3.199715,Monday,10:30,Alcoholics Anonymous,1,0,0
Edinburgh The New Dalry,55.942412,-3.221433,Sunday,13:00,Alcoholics Anonymous,1,0,0
Edinburgh Tribe Within The Tribe,55.950908,-3.184036,Sunday,18:45,Alcoholics Anonymous,1,0,0
Longstone/Slateford,55.923793,-3.260327,Wednesday,11:00,Alcoholics Anonymous,1,0,0
Mental Health Aa Hybrid,55.948807,-3.218096,Tuesday,20:00,Alcoholics Anonymous,1,0,0
Morningside Thriving Not Surviving,55.927196,-3.215865,Wednesday,19:00,Alcoholics Anonymous,1,0,0
Murrayfield Church Of The Good Shepherd Big Book,55.947199,-3.23654,Thursday,18:00,Alcoholics Anonymous,1,0,0
Murrayfield Daily Reflections,55.947199,-3.23654,Tuesday,18:30,Alcoholics Anonymous,1,0,0
St Cuthbert's Lunchtime Discussion,55.949965,-3.206314,Tuesday,13:00,Alcoholics Anonymous,1,0,0
West End,55.948807,-3.218096,Monday,20:00,Alcoholics Anonymous,1,0,0
West End,55.948807,-3.218096,Wednesday,20:00,Alcoholics Anonymous,1,0,0
West End,55.948807,-3.218096,Tuesday,13:00,Alcoholics Anonymous,1,0,0
West End,55.948807,-3.218096,Wednesday,13:00,Alcoholics Anonymous,1,0,0
West End,55.948807,-3.218096,Thursday,13:00,Alcoholics Anonymous,1,0,0
West End,55.948807,-3.218096,Thursday,20:00,Alcoholics Anonymous,1,0,0
West End,55.948807,-3.218096,Friday,13:00,Alcoholics Anonymous,1,0,0
West End,55.948807,-3.218096,Saturday,11:00,Alcoholics Anonymous,1,0,0
West End,55.948807,-3.218096,Monday,13:00,Alcoholics Anonymous,1,0,0
West End,55.948807,-3.218096,Friday,20:00,Alcoholics Anonymous,1,0,0
Dunfermline,56.058488,-3.438385,Sunday,19:30,Alcoholics Anonymous,1,0,0
Dunfermline Big Book Study,56.074369,-3.42185,Thursday,18:30,Alcoholics Anonymous,1,0,0
Dunfermline Canmore Afternoon,56.070474,-3.455281,Thursday,12:30,Alcoholics Anonymous,1,0,0
Dunfermline Queen Margaret Hospital,56.082307,-3.426963,Wednesday,19:30,Alcoholics Anonymous,1,0,0
Dunfermline Queen Margaret Hospital,56.082307,-3.426963,Sunday,14:30,Alcoholics Anonymous,1,0,0
Dunfermline Viewfield Afternoon,56.070474,-3.455281,Wednesday,13:00,Alcoholics Anonymous,1,0,0
Dunfermline Viewfield Centre,56.070474,-3.455281,Thursday,19:30,Alcoholics Anonymous,1,0,0
Dunfermline Viewfield Morning,56.070474,-3.455281,Monday,10:00,Alcoholics Anonymous,1,0,0
Glenrothes,56.191584,-3.161288,Tuesday,14:00,Alcoholics Anonymous,1,0,0
Glenrothes,56.191584,-3.161288,Friday,11:30,Alcoholics Anonymous,1,0,0
Glenrothes Keep It Simple,56.205086,-3.182507,Monday,14:00,Alcoholics Anonymous,1,0,0
Inverkeithing Prayer & Meditation,56.03138,-3.397592,Monday,19:30,Alcoholics Anonymous,1,0,0
Kirkcaldy,56.112015,-3.158458,Wednesday,19:30,Alcoholics Anonymous,1,0,0
Kirkcaldy,56.112015,-3.158458,Sunday,19:30,Alcoholics Anonymous,1,0,0
Kirkcaldy 12 Step,56.112015,-3.158458,Tuesday,19:30,Alcoholics Anonymous,1,0,0
Kirkcaldy 12 Steps And 12 Promises Recovery,56.112015,-3.158458,Thursday,11:00,Alcoholics Anonymous,1,0,0
Kirkcaldy 3Rd Tradition,56.112015,-3.158458,Saturday,19:30,Alcoholics Anonymous,1,0,0
Kirkcaldy Big Book Meditation,56.111717,-3.16303,Sunday,18:00,Alcoholics Anonymous,1,0,0
Kirkcaldy Keep It Simple,56.112015,-3.158458,Monday,19:30,Alcoholics Anonymous,1,0,0
Leven Keep It Simple,56.197887,-3.00047,Monday,18:30,Alcoholics Anonymous,1,0,0
Alloa Morning,56.115257,-3.781735,Thursday,10:15,Alcoholics Anonymous,1,0,0
Bo'ness,56.016125,-3.612691,Monday,20:00,Alcoholics Anonymous,1,0,0
Bridge Of Allan 12 Step,56.153788,-3.948486,Monday,19:30,Alcoholics Anonymous,1,0,0
"Bridge Of Allan Language Of The Heart, Big Book Study",56.153788,-3.948486,Sunday,19:30,Alcoholics Anonymous,1,0,0
Falkirk,56.000274,-3.785131,Wednesday,20:00,Alcoholics Anonymous,1,0,0
Falkirk One Day At A Time,56.000274,-3.785131,Friday,10:30,Alcoholics Anonymous,1,0,0
Grangemouth Morning Fellowship,56.01222,-3.721725,Saturday,10:00,Alcoholics Anonymous,1,0,0
Kincardine,56.07059,-3.71623,Sunday,20:00,Alcoholics Anonymous,1,0,0
Larbert,56.019413,-3.837244,Thursday,20:00,Alcoholics Anonymous,1,0,0
Larbert East,56.025759,-3.814366,Monday,13:30,Alcoholics Anonymous,1,0,0
Menstrie Recovery,56.151327,-3.85277,Thursday,19:30,Alcoholics Anonymous,1,0,0
Stenhousemuir,56.025759,-3.814366,Friday,20:00,Alcoholics Anonymous,1,0,0
Stirling Polish,56.129166,-3.943468,Wednesday,19:00,Alcoholics Anonymous,1,0,0
Stirling Recovery On A Tuesday Afternoon,56.129166,-3.943468,Tuesday,13:45,Alcoholics Anonymous,1,0,0
Stirling You Are No Longer Alone,56.120452,-3.944992,Thursday,20:00,Alcoholics Anonymous,1,0,0
"Tullibody Experience, Strength & Hope",56.130263,-3.842431,Friday,19:30,Alcoholics Anonymous,1,0,0
Tullibody Morning,56.130263,-3.842431,Sunday,11:00,Alcoholics Anonymous,1,0,0
A New Beginning,55.851691,-4.199691,Tuesday,20:00,Alcoholics Anonymous,1,0,0
Bridgeton,55.851691,-4.199691,Monday,20:00,Alcoholics Anonymous,1,0,0
Cambuslang 12 Step,55.819055,-4.164437,Tuesday,20:00,Alcoholics Anonymous,1,0,0
Cambuslang Big Book,55.818598,-4.167413,Thursday,20:00,Alcoholics Anonymous,1,0,0
Cambuslang Big Book 12 Steps,55.819055,-4.164437,Saturday,11:00,Alcoholics Anonymous,1,0,0
Cambuslang Courage To Change,55.81344,-4.162037,Saturday,20:00,Alcoholics Anonymous,1,0,0
Cambuslang Monday 12 Steps & 12 Traditions Recovery,55.817785,-4.161799,Monday,19:00,Alcoholics Anonymous,1,0,0
Cambuslang Morning Big Book Recovery,55.818598,-4.167413,Wednesday,11:00,Alcoholics Anonymous,1,0,0
Carntyne Afternoon,55.861494,-4.180621,Wednesday,12:30,Alcoholics Anonymous,1,0,0
Helenvale 12 Step,55.848159,-4.198709,Sunday,20:00,Alcoholics Anonymous,1,0,0
Keep It Simple,55.851425,-4.184645,Friday,19:30,Alcoholics Anonymous,1,0,0
Live & Let Live,55.847499,-4.198674,Saturday,11:00,Alcoholics Anonymous,1,0,0
Parkhead Morning,55.851724,-4.195331,Thursday,11:00,Alcoholics Anonymous,1,0,0
Parkhead Recovery Discussion,55.851724,-4.195331,Tuesday,13:00,Alcoholics Anonymous,1,0,0
Rutherglen Start Your Day,55.829396,-4.213316,Thursday,10:00,Alcoholics Anonymous,1,0,0
Shettleston @ The Fuse,55.851094,-4.156761,Monday,18:30,Alcoholics Anonymous,1,0,0
Shettleston St Paul's,55.850258,-4.151155,Sunday,19:30,Alcoholics Anonymous,1,0,0
Anniesland Big Book,55.893185,-4.324393,Tuesday,20:00,Alcoholics Anonymous,1,0,0
Balmore Care & Share,55.887477,-4.25735,Tuesday,20:00,Alcoholics Anonymous,1,0,0
Balmore Rd 12 Step,55.887477,-4.25735,Thursday,20:00,Alcoholics Anonymous,1,0,0
Big Book Discussion,55.866252,-4.2616,Saturday,10:00,Alcoholics Anonymous,1,0,0
Big Book Discussion,55.880428,-4.304524,Saturday,20:00,Alcoholics Anonymous,1,0,0
Birdcage Lgbtq+ Recovery,55.85796,-4.245397,Wednesday,19:30,Alcoholics Anonymous,1,0,0
City Centre Multi-Mtg,55.855337,-4.244141,Wednesday,14:00,Alcoholics Anonymous,1,0,0
City Centre Multi-Mtg,55.855337,-4.244141,Thursday,14:00,Alcoholics Anonymous,1,0,0
City Centre Multi-Mtg,55.855337,-4.244141,Monday,14:00,Alcoholics Anonymous,1,0,0
City Centre Multi-Mtg,55.855337,-4.244141,Tuesday,20:00,Alcoholics Anonymous,1,0,0
City Centre Multi-Mtg,55.855337,-4.244141,Friday,14:00,Alcoholics Anonymous,1,0,0
Clydebank,55.90173,-4.405902,Friday,10:00,Alcoholics Anonymous,1,0,0
Clydebank,55.90173,-4.405902,Monday,10:00,Alcoholics Anonymous,1,0,0
Clydebank,55.90173,-4.405902,Tuesday,20:00,Alcoholics Anonymous,1,0,0
Clydebank Afternoon,55.90173,-4.405902,Tuesday,13:30,Alcoholics Anonymous,1,0,0
Clydebank Afternoon,55.90173,-4.405902,Thursday,13:00,Alcoholics Anonymous,1,0,0
Clydebank Afternoon,55.90173,-4.405902,Sunday,13:00,Alcoholics Anonymous,1,0,0
Clydebank As Bill Sees It,55.90173,-4.405902,Monday,19:30,Alcoholics Anonymous,1,0,0
Clydebank Easier And Softer Way Candlelit,55.90173,-4.405902,Thursday,20:00,Alcoholics Anonymous,1,0,0
Clydebank Friday Feelings,55.90173,-4.405902,Friday,20:00,Alcoholics Anonymous,1,0,0
Clydebank Lunch,55.90173,-4.405902,Wednesday,13:30,Alcoholics Anonymous,1,0,0
Clydebank Lunchtime,55.90173,-4.405902,Friday,13:00,Alcoholics Anonymous,1,0,0
Clydebank Morning,55.90173,-4.405902,Wednesday,10:30,Alcoholics Anonymous,1,0,0
Clydebank Morning,55.90173,-4.405902,Saturday,10:30,Alcoholics Anonymous,1,0,0
Clydebank Odaat,55.90173,-4.405902,Monday,13:00,Alcoholics Anonymous,1,0,0
Clydebank Serenity Sunday,55.90173,-4.405902,Sunday,19:30,Alcoholics Anonymous,1,0,0
Clydebank: Afternoon,55.90173,-4.405902,Saturday,14:00,Alcoholics Anonymous,1,0,0
Friday Into Saturday,55.876893,-4.294114,Friday,22:30,Alcoholics Anonymous,1,0,0
Gay Safe Haven 12 Steps,55.866252,-4.2616,Friday,19:30,Alcoholics Anonymous,1,0,0
Glasgow Dromader Polish Speaking,55.855337,-4.244141,Sunday,18:00,Alcoholics Anonymous,1,0,0
Glasgow Polacy Zyjacy Na Trzezwo Polish Speaking,55.855337,-4.244141,Friday,19:00,Alcoholics Anonymous,1,0,0
Glasgow Royal Infirmary Lunchtime,55.86403,-4.23566,Saturday,12:30,Alcoholics Anonymous,1,0,0
Glasgow Saturday Solution Newcomers,55.880428,-4.304524,Saturday,10:00,Alcoholics Anonymous,1,0,0
Gorbals Big Book Late Night,55.855337,-4.244141,Saturday,22:30,Alcoholics Anonymous,1,0,0
Govan,55.860857,-4.303557,Sunday,11:00,Alcoholics Anonymous,1,0,0
Govanhill 12 Step,55.849758,-4.257529,Wednesday,20:00,Alcoholics Anonymous,1,0,0
Knightswood,55.8898275,-4.3563693,Sunday,20:00,Alcoholics Anonymous,1,0,0
Knightswood,55.899744,-4.347229,Tuesday,20:00,Alcoholics Anonymous,1,0,0
Knightswood Just For The Day,55.893849,-4.341051,Monday,19:30,Alcoholics Anonymous,1,0,0
Lambhill,55.887477,-4.25735,Wednesday,20:00,Alcoholics Anonymous,1,0,0
Lunchtime Promises,55.871231,-4.308518,Monday,12:00,Alcoholics Anonymous,1,0,0
Maryhill,55.876922,-4.270968,Friday,20:00,Alcoholics Anonymous,1,0,0
Maryhill,55.886669,-4.283339,Sunday,19:30,Alcoholics Anonymous,1,0,0
Maryhill 12 Step Recovery,55.897821,-4.301572,Friday,19:30,Alcoholics Anonymous,1,0,0
Maryhill Afternoon Care & Share,55.876922,-4.270968,Saturday,14:00,Alcoholics Anonymous,1,0,0
Maryhill Beginners,55.876922,-4.270968,Monday,14:00,Alcoholics Anonymous,1,0,0
Maryhill Big Book Discussion,55.897821,-4.301572,Monday,20:00,Alcoholics Anonymous,1,0,0
Maryhill Courage To Change Big Book,55.884913,-4.283044,Wednesday,19:00,Alcoholics Anonymous,1,0,0
Milngavie,55.939097,-4.318657,Wednesday,20:00,Alcoholics Anonymous,1,0,0
Netherton Big Book Discussion,55.897767,-4.332714,Wednesday,13:00,Alcoholics Anonymous,1,0,0
Newcomers At The Rooms,55.855337,-4.244141,Thursday,20:00,Alcoholics Anonymous,1,0,0
Partick Big Book Discussion,55.871231,-4.308518,Monday,19:30,Alcoholics Anonymous,1,0,0
Partick Great Reality,55.880428,-4.304524,Tuesday,18:00,Alcoholics Anonymous,1,0,0
Partick Lunchtime Daily Reflections,55.871231,-4.308518,Friday,12:00,Alcoholics Anonymous,1,0,0
Partick Morning,55.873251,-4.298088,Saturday,10:30,Alcoholics Anonymous,1,0,0
Partick Serenity,55.871231,-4.308518,Wednesday,19:00,Alcoholics Anonymous,1,0,0
Partick South,55.870572,-4.303892,Monday,20:00,Alcoholics Anonymous,1,0,0
Partick Spiritual Awakenings,55.873251,-4.298088,Wednesday,07:30,Alcoholics Anonymous,1,0,0
Partick Spiritual Awakenings,55.873251,-4.298088,Friday,07:30,Alcoholics Anonymous,1,0,0
Partick The Way Out Big Book,55.871231,-4.308518,Thursday,19:30,Alcoholics Anonymous,1,0,0
Polacy ?Yj?Cy Na Trze?Wo,55.855337,-4.244141,Friday,19:00,Alcoholics Anonymous,1,0,0
Pollokshields Young Person`S Discussion,55.840851,-4.267298,Saturday,17:00,Alcoholics Anonymous,1,0,0
Possilpark,55.881094,-4.254054,Saturday,20:00,Alcoholics Anonymous,1,0,0
Possilpoint Lunchtime,55.884562,-4.252128,Tuesday,12:30,Alcoholics Anonymous,1,0,0
Primary Purpose Group Ppg,55.880428,-4.304524,Monday,19:30,Alcoholics Anonymous,1,0,0
"Queer, Bi & Lesbian Women, Trans & Non Binary Babes",55.855337,-4.244141,Monday,19:30,Alcoholics Anonymous,1,0,0
Renfield Second Chance,55.864279,-4.268887,Friday,10:00,Alcoholics Anonymous,1,0,0
Rose St Feelings,55.866252,-4.2616,Monday,11:00,Alcoholics Anonymous,1,0,0
Rose Street New Freedom,55.866252,-4.2616,Monday,19:30,Alcoholics Anonymous,1,0,0
Rose Street Recovery,55.866252,-4.2616,Sunday,10:00,Alcoholics Anonymous,1,0,0
Rose Street Simplicity,55.866252,-4.2616,Wednesday,10:00,Alcoholics Anonymous,1,0,0
Ruchill,55.884913,-4.283044,Tuesday,19:30,Alcoholics Anonymous,1,0,0
Ruchill Young Person's (Non Restrictive),55.886669,-4.283339,Saturday,11:00,Alcoholics Anonymous,1,0,0
Sober Women In Glasgow,55.871231,-4.308518,Thursday,18:00,Alcoholics Anonymous,1,0,0
Spiritual Reflections,55.876893,-4.294114,Tuesday,20:00,Alcoholics Anonymous,1,0,0
Springburn,55.882251,-4.229481,Thursday,20:00,Alcoholics Anonymous,1,0,0
St Francis,55.849888,-4.24723,Thursday,20:00,Alcoholics Anonymous,1,0,0
Step Eleven,55.866252,-4.2616,Wednesday,19:45,Alcoholics Anonymous,1,0,0
West End Newcomers,55.880428,-4.304524,Wednesday,19:30,Alcoholics Anonymous,1,0,0
Whiteinch Big Book Discussion,55.878533,-4.353399,Friday,19:45,Alcoholics Anonymous,1,0,0
Woodland's Womens,55.870771,-4.276475,Wednesday,18:00,Alcoholics Anonymous,1,0,0
Woodlands Rd,55.870712,-4.277061,Thursday,11:00,Alcoholics Anonymous,1,0,0
Woodlands Rd Tea-Time,55.870712,-4.277061,Friday,18:00,Alcoholics Anonymous,1,0,0
Woodlands Road Tea-Time,55.866252,-4.2616,Thursday,18:00,Alcoholics Anonymous,1,0,0
Albert,55.844048,-4.299175,Wednesday,20:00,Alcoholics Anonymous,1,0,0
Castlemilk Afternoon,55.803438,-4.24294,Tuesday,13:00,Alcoholics Anonymous,1,0,0
Couper Institute 3Rd Step,55.816038,-4.264291,Monday,18:30,Alcoholics Anonymous,1,0,0
Croftfoot,55.810676,-4.244045,Saturday,20:00,Alcoholics Anonymous,1,0,0
Glasgow Sunday Circle,55.825776,-4.347704,Sunday,19:30,Alcoholics Anonymous,1,0,0
Govan,55.859899,-4.323715,Monday,12:30,Alcoholics Anonymous,1,0,0
Govan Lunchtime,55.859899,-4.323715,Friday,12:30,Alcoholics Anonymous,1,0,0
Govan Recovery,55.859899,-4.323715,Thursday,19:00,Alcoholics Anonymous,1,0,0
Govanhill Carry The Message,55.836004,-4.258648,Thursday,13:30,Alcoholics Anonymous,1,0,0
Govanhill Dvd Step,55.834231,-4.257315,Sunday,20:00,Alcoholics Anonymous,1,0,0
Govanhill: Big Book,55.834231,-4.257315,Friday,20:00,Alcoholics Anonymous,1,0,0
Ibrox Clifford Street,55.849934,-4.300641,Monday,20:00,Alcoholics Anonymous,1,0,0
Just For Today,55.830359,-4.34086,Wednesday,19:30,Alcoholics Anonymous,1,0,0
Langside,55.814019,-4.271689,Thursday,19:00,Alcoholics Anonymous,1,0,0
Ledard Road,55.824762,-4.266663,Saturday,10:00,Alcoholics Anonymous,1,0,0
Lgbtqi Steps & Traditions,55.834231,-4.257315,Saturday,20:30,Alcoholics Anonymous,1,0,0
Lourdes,55.845663,-4.336523,Tuesday,11:00,Alcoholics Anonymous,1,0,0
Mansewood,55.811855,-4.304873,Saturday,20:00,Alcoholics Anonymous,1,0,0
Merrylee Road Morning,55.81404,-4.27493,Saturday,10:00,Alcoholics Anonymous,1,0,0
Mosspark Big Book Discussion,55.841823,-4.332858,Thursday,20:00,Alcoholics Anonymous,1,0,0
New Alban House Thornliebank,55.806744,-4.318135,Monday,20:00,Alcoholics Anonymous,1,0,0
Newlands South,55.822515,-4.280279,Monday,20:00,Alcoholics Anonymous,1,0,0
Park,55.835222,-4.270163,Monday,20:00,Alcoholics Anonymous,1,0,0
Pollokshaws Fifth Chapter,55.821156,-4.30207,Friday,20:00,Alcoholics Anonymous,1,0,0
Pollokshaws Serenity,55.821689,-4.299757,Wednesday,20:00,Alcoholics Anonymous,1,0,0
Pollokshaws Spiritual,55.821156,-4.30207,Tuesday,20:00,Alcoholics Anonymous,1,0,0
Rebos Recovery,55.814019,-4.271689,Wednesday,12:00,Alcoholics Anonymous,1,0,0
Shawlands Tolerance,55.831778,-4.284334,Tuesday,12:30,Alcoholics Anonymous,1,0,0
The South Group,55.80991,-4.277594,Thursday,20:00,Alcoholics Anonymous,1,0,0
Thornliebank,55.805669,-4.318633,Thursday,19:30,Alcoholics Anonymous,1,0,0
Victoria,55.815039,-4.264166,Friday,20:00,Alcoholics Anonymous,1,0,0
Victoria,55.814019,-4.271689,Tuesday,18:00,Alcoholics Anonymous,1,0,0
Greenock,55.939955,-4.746243,Saturday,20:00,Alcoholics Anonymous,1,0,0
Greenock,55.94626,-4.757357,Friday,20:00,Alcoholics Anonymous,1,0,0
Greenock,55.946079,-4.759379,Sunday,20:00,Alcoholics Anonymous,1,0,0
Greenock Afternoon,55.94626,-4.757357,Sunday,12:00,Alcoholics Anonymous,1,0,0
Greenock Jericho,55.94626,-4.757357,Saturday,11:15,Alcoholics Anonymous,1,0,0
Greenock Keep It Simple,55.94626,-4.757357,Wednesday,20:00,Alcoholics Anonymous,1,0,0
Greenock Womens Big Book,55.947218,-4.757105,Tuesday,19:30,Alcoholics Anonymous,1,0,0
Black Isle,57.513191,-4.369201,Thursday,20:00,Alcoholics Anonymous,1,0,0
Boat Of Garten,57.248895,-3.758115,Saturday,19:00,Alcoholics Anonymous,1,0,0
Dingwall Without Defence Against The First,57.595958,-4.427434,Wednesday,19:30,Alcoholics Anonymous,1,0,0
Forres,57.61074,-3.611997,Wednesday,19:30,Alcoholics Anonymous,1,0,0
Forres Unity Service Recovery,57.61206,-3.609663,Monday,11:00,Alcoholics Anonymous,1,0,0
Inverness,57.468634,-4.19131,Thursday,19:30,Alcoholics Anonymous,1,0,0
Inverness 12 Step Recovery,57.448379,-4.228732,Thursday,19:00,Alcoholics Anonymous,1,0,0
Inverness Craig Dunain,57.469866,-4.268865,Wednesday,19:00,Alcoholics Anonymous,1,0,0
Inverness Culloden,57.487267,-4.138468,Sunday,19:00,Alcoholics Anonymous,1,0,0
Inverness Friars St,57.481142,-4.22971,Tuesday,12:30,Alcoholics Anonymous,1,0,0
Inverness Friars St,57.481142,-4.22971,Friday,12:30,Alcoholics Anonymous,1,0,0
Inverness Just Stay,57.481142,-4.22971,Wednesday,12:30,Alcoholics Anonymous,1,0,0
Inverness Just Stay,57.479132,-4.228437,Saturday,12:30,Alcoholics Anonymous,1,0,0
Inverness Merkinch,57.484967,-4.235316,Monday,13:00,Alcoholics Anonymous,1,0,0
"Inverness Ness Bank Experience, Strength & Hope",57.474722,-4.2253,Monday,20:00,Alcoholics Anonymous,1,0,0
Inverness St Ninians,57.469854,-4.219683,Tuesday,19:30,Alcoholics Anonymous,1,0,0
Inverness Step & Traditions,57.482103,-4.23529,Sunday,19:00,Alcoholics Anonymous,1,0,0
Inverness Town,57.482103,-4.23529,Friday,20:00,Alcoholics Anonymous,1,0,0
Nairn,57.582896,-3.868891,Monday,20:00,Alcoholics Anonymous,1,0,0
Tain,57.811835,-4.055101,Friday,19:30,Alcoholics Anonymous,1,0,0
Bellshill,55.817805,-4.02524,Sunday,19:30,Alcoholics Anonymous,1,0,0
Bellshill Afternoon,55.811771,-4.023793,Friday,13:30,Alcoholics Anonymous,1,0,0
Bellshill Recovery,55.819746,-4.011347,Thursday,20:00,Alcoholics Anonymous,1,0,0
Blantyre Young People In Unity,55.794575,-4.091147,Tuesday,19:30,Alcoholics Anonymous,1,0,0
Carfin,55.802927,-3.962303,Friday,20:00,Alcoholics Anonymous,1,0,0
Carfin Morning,55.802927,-3.962303,Monday,11:00,Alcoholics Anonymous,1,0,0
Carfin Sunday Night,55.806663,-3.957417,Sunday,20:00,Alcoholics Anonymous,1,0,0
Carluke,55.736222,-3.841307,Wednesday,20:00,Alcoholics Anonymous,1,0,0
Carluke Big Book Study,55.736222,-3.841307,Sunday,19:30,Alcoholics Anonymous,1,0,0
Coltness 12 Step,55.787843,-3.914716,Wednesday,19:30,Alcoholics Anonymous,1,0,0
East Kilbride,55.765863,-4.177193,Friday,20:00,Alcoholics Anonymous,1,0,0
East Kilbride 5Th Tradition,55.755468,-4.190365,Wednesday,20:00,Alcoholics Anonymous,1,0,0
East Kilbride Afternoon Emotional Sobriety,55.765863,-4.177193,Sunday,15:00,Alcoholics Anonymous,1,0,0
East Kilbride Beyond Belief,55.765652,-4.172878,Monday,19:30,Alcoholics Anonymous,1,0,0
East Kilbride Newcomers,55.765652,-4.172878,Thursday,20:00,Alcoholics Anonymous,1,0,0
East Kilbride St Leonards Thursday Morning,55.773758,-4.142189,Thursday,11:00,Alcoholics Anonymous,1,0,0
Hamilton,55.773941,-4.036347,Wednesday,19:30,Alcoholics Anonymous,1,0,0
Hamilton,55.77123,-4.036375,Monday,20:00,Alcoholics Anonymous,1,0,0
Hamilton 3Rd Tradition,55.761275,-4.048049,Saturday,20:00,Alcoholics Anonymous,1,0,0
Hamilton 8111 Closed Discussion,55.78182,-4.058589,Wednesday,19:00,Alcoholics Anonymous,1,0,0
Hamilton Accies,55.78182,-4.058589,Thursday,19:00,Alcoholics Anonymous,1,0,0
Hamilton Afternoon Newcomers,55.772758,-4.039069,Wednesday,13:00,Alcoholics Anonymous,1,0,0
Hamilton Central,55.776727,-4.043008,Friday,20:00,Alcoholics Anonymous,1,0,0
Hamilton Fairhill,55.763178,-4.056278,Tuesday,20:00,Alcoholics Anonymous,1,0,0
Hamilton Morning,55.776727,-4.043008,Saturday,11:00,Alcoholics Anonymous,1,0,0
Hamilton Recovery Through Action Big Book,55.774091,-4.082253,Monday,20:00,Alcoholics Anonymous,1,0,0
Holytown,55.823065,-3.969719,Tuesday,20:00,Alcoholics Anonymous,1,0,0
Larkhall New Beginning,55.733312,-3.968432,Thursday,20:00,Alcoholics Anonymous,1,0,0
Motherwell,55.802927,-3.962303,Thursday,12:00,Alcoholics Anonymous,1,0,0
Motherwell Muirhouse Big Book,55.772244,-3.965256,Thursday,20:00,Alcoholics Anonymous,1,0,0
Motherwell Primary Purpose Big Book,55.786101,-3.984296,Monday,20:00,Alcoholics Anonymous,1,0,0
Newarthill,55.814476,-3.953276,Sunday,15:00,Alcoholics Anonymous,1,0,0
Newmains,55.779893,-3.881132,Wednesday,19:30,Alcoholics Anonymous,1,0,0
Uddingston 12 Step,55.818,-4.082427,Tuesday,19:30,Alcoholics Anonymous,1,0,0
Uddingston Discussion,55.824221,-4.081259,Wednesday,20:00,Alcoholics Anonymous,1,0,0
Uddingston Emotional Sobriety,55.824221,-4.081259,Monday,19:30,Alcoholics Anonymous,1,0,0
Uddingston Joe & Charlie Audio Big Book Study,55.8294618,-4.076798,Monday,19:30,Alcoholics Anonymous,1,0,0
Wishaw,55.778498,-3.954585,Friday,20:00,Alcoholics Anonymous,1,0,0
Wishaw 11Th Step Meditation,55.769034,-3.926755,Thursday,19:30,Alcoholics Anonymous,1,0,0
Wishaw Craigneuk,55.778498,-3.954585,Monday,20:00,Alcoholics Anonymous,1,0,0
Wishaw New Hope & New Beginning,55.769034,-3.926755,Saturday,19:30,Alcoholics Anonymous,1,0,0
Wishaw Recovery,55.769034,-3.926755,Tuesday,20:00,Alcoholics Anonymous,1,0,0
Airdrie Big Book,55.867058,-3.973512,Wednesday,20:00,Alcoholics Anonymous,1,0,0
Airdrie Meditation,55.866546,-3.975505,Monday,19:30,Alcoholics Anonymous,1,0,0
Airdrie Morning,55.862934,-3.982987,Tuesday,10:45,Alcoholics Anonymous,1,0,0
Airdrie Stay Connected,55.842202,-3.94692,Friday,19:30,Alcoholics Anonymous,1,0,0
Blairhill,55.861344,-4.037674,Saturday,12:00,Alcoholics Anonymous,1,0,0
Coatbidge,55.848483,-4.032272,Friday,20:00,Alcoholics Anonymous,1,0,0
Coatbridge,55.8485,-4.050958,Saturday,20:00,Alcoholics Anonymous,1,0,0
Coatbridge,55.850982,-4.046041,Thursday,20:00,Alcoholics Anonymous,1,0,0
Coatbridge,55.861511,-4.034071,Wednesday,11:00,Alcoholics Anonymous,1,0,0
Coatbridge,55.848483,-4.032272,Tuesday,20:00,Alcoholics Anonymous,1,0,0
Coatbridge High,55.864271,-4.01954,Wednesday,19:30,Alcoholics Anonymous,1,0,0
Coatbridge Marshall Street,55.850982,-4.046041,Monday,20:00,Alcoholics Anonymous,1,0,0
Coatbridge Morning (You Are No Longer Alone),55.865452,-4.027496,Friday,11:00,Alcoholics Anonymous,1,0,0
Coatbridge Womens Courage To Change,55.85933,-4.036594,Thursday,18:15,Alcoholics Anonymous,1,0,0
Dalry St Palladius,55.706856,-4.718845,Wednesday,20:00,Alcoholics Anonymous,1,0,0
Dreghorn,55.613166,-4.667265,Wednesday,20:00,Alcoholics Anonymous,1,0,0
Hurlford,55.59923,-4.450872,Tuesday,19:30,Alcoholics Anonymous,1,0,0
Irine Bourtreehill,55.61908,-4.629435,Sunday,19:00,Alcoholics Anonymous,1,0,0
Irvine,55.635056,-4.676106,Monday,20:00,Alcoholics Anonymous,1,0,0
Irvine,55.622042,-4.670378,Thursday,20:00,Alcoholics Anonymous,1,0,0
Irvine,55.622042,-4.670378,Tuesday,20:00,Alcoholics Anonymous,1,0,0
Irvine,55.613166,-4.667265,Saturday,11:00,Alcoholics Anonymous,1,0,0
Irvine Mure Church,55.616152,-4.670799,Tuesday,12:00,Alcoholics Anonymous,1,0,0
Irvine Woodlands,55.622042,-4.670378,Saturday,20:00,Alcoholics Anonymous,1,0,0
Irvine Woodlands,55.622042,-4.670378,Friday,20:00,Alcoholics Anonymous,1,0,0
Kilbirnie,55.756397,-4.683527,Tuesday,20:00,Alcoholics Anonymous,1,0,0
Kilmarnock,55.607635,-4.501508,Sunday,20:00,Alcoholics Anonymous,1,0,0
Kilmarnock Big Book Study,55.621555,-4.499492,Thursday,20:00,Alcoholics Anonymous,1,0,0
Kilmarnock Big Book Study,55.610222,-4.498068,Tuesday,19:30,Alcoholics Anonymous,1,0,0
Kilmarnock Literature Discussion,55.607635,-4.501508,Wednesday,20:00,Alcoholics Anonymous,1,0,0
Kilmarnock New Farm Loch,55.617699,-4.475597,Thursday,19:30,Alcoholics Anonymous,1,0,0
Kilmarnock Recovery,55.606944,-4.500642,Saturday,20:00,Alcoholics Anonymous,1,0,0
Kilwinning,55.652983,-4.697266,Monday,19:00,Alcoholics Anonymous,1,0,0
Largs Fairlie,55.759199,-4.854431,Tuesday,11:00,Alcoholics Anonymous,1,0,0
Abbotsinch Big Book Study,55.862174,-4.407052,Sunday,19:30,Alcoholics Anonymous,1,0,0
Elderslie,55.837215,-4.479457,Thursday,12:00,Alcoholics Anonymous,1,0,0
Elderslie,55.836029,-4.489875,Wednesday,20:00,Alcoholics Anonymous,1,0,0
Elderslie,55.836029,-4.489875,Sunday,20:00,Alcoholics Anonymous,1,0,0
Elderslie Afternoon,55.836029,-4.489875,Sunday,14:00,Alcoholics Anonymous,1,0,0
Elderslie Kirk Big Book Discussion,55.836029,-4.489875,Friday,20:00,Alcoholics Anonymous,1,0,0
Linwood,55.84905,-4.496667,Thursday,20:00,Alcoholics Anonymous,1,0,0
Linwood Change Through Action,55.84905,-4.496667,Monday,20:00,Alcoholics Anonymous,1,0,0
Paisley,55.84761,-4.418052,Tuesday,13:30,Alcoholics Anonymous,1,0,0
Paisley,55.845971,-4.421163,Thursday,19:30,Alcoholics Anonymous,1,0,0
Paisley 1St Tradition Group With Pride,55.841226,-4.443837,Wednesday,20:00,Alcoholics Anonymous,1,0,0
Paisley Abbey,55.845971,-4.421163,Friday,20:00,Alcoholics Anonymous,1,0,0
Paisley Back To Basics,55.849182,-4.453474,Saturday,13:00,Alcoholics Anonymous,1,0,0
Paisley Dykebar,55.824359,-4.398312,Tuesday,20:00,Alcoholics Anonymous,1,0,0
Paisley Rah Hope,55.835208,-4.43779,Monday,20:00,Alcoholics Anonymous,1,0,0
Paisley St Mary's Acceptance,55.841226,-4.443837,Saturday,10:00,Alcoholics Anonymous,1,0,0
Paisley Wallneuk 12 Step,55.848611,-4.420144,Monday,20:00,Alcoholics Anonymous,1,0,0
Renfrew,55.873317,-4.392666,Saturday,20:00,Alcoholics Anonymous,1,0,0
Bathgate,55.901148,-3.60621,Tuesday,19:30,Alcoholics Anonymous,1,0,0
Blackburn,55.872613,-3.61542,Thursday,20:00,Alcoholics Anonymous,1,0,0
Broxburn,55.935359,-3.494731,Sunday,20:00,Alcoholics Anonymous,1,0,0
Livingston Fells Rigg,55.9059,-3.54419,Monday,20:00,Alcoholics Anonymous,1,0,0
Livingston St John's Big Book,55.891888,-3.523089,Sunday,19:00,Alcoholics Anonymous,1,0,0
Uphall,55.929089,-3.51224,Tuesday,20:00,Alcoholics Anonymous,1,0,0
Whitburn,55.865912,-3.684226,Friday,20:00,Alcoholics Anonymous,1,0,0
Aberdare,51.7135,-3.447894,Monday,20:00,Alcoholics Anonymous,1,0,0
Barry,51.412458,-3.258132,Sunday,19:30,Alcoholics Anonymous,1,0,0
Barry,51.417811,-3.280249,Wednesday,20:00,Alcoholics Anonymous,1,0,0
Bridgend Arc,51.509539,-3.578378,Friday,18:30,Alcoholics Anonymous,1,0,0
Caerphilly Recovery,51.574488,-3.217737,Thursday,20:00,Alcoholics Anonymous,1,0,0
Caerphilly Recovery,51.574488,-3.217737,Sunday,20:00,Alcoholics Anonymous,1,0,0
Caerphilly Speaker,51.574488,-3.217737,Saturday,10:30,Alcoholics Anonymous,1,0,0
"Cardiff Cyncoed Experience, Strength & Hope",51.524084,-3.163188,Monday,20:00,Alcoholics Anonymous,1,0,0
Conwy,53.285714,-3.805355,Sunday,19:00,Alcoholics Anonymous,1,0,0
Cyfarfod Cymraeg Sir Gaerfyrddin Welsh Speaking,51.793268,-4.088691,Saturday,11:00,Alcoholics Anonymous,1,0,0
Holyhead,53.308294,-4.635053,Wednesday,18:00,Alcoholics Anonymous,1,0,0
Llandudno Living Sober,53.321026,-3.814424,Sunday,11:00,Alcoholics Anonymous,1,0,0
Llandudno Step,53.321026,-3.814424,Friday,19:30,Alcoholics Anonymous,1,0,0
Llangefni,53.26127,-4.300741,Monday,19:00,Alcoholics Anonymous,1,0,0
Llangefni Lunchtime,53.256654,-4.308344,Tuesday,11:00,Alcoholics Anonymous,1,0,0
Llanrwst,53.140867,-3.795147,Monday,19:30,Alcoholics Anonymous,1,0,0
Maesteg Lunch,51.608442,-3.661754,Thursday,13:30,Alcoholics Anonymous,1,0,0
Minehead,51.206087,-3.481541,Tuesday,19:00,Alcoholics Anonymous,1,0,0
"Penarth Step, Tradition & Share",51.437413,-3.177472,Tuesday,20:00,Alcoholics Anonymous,1,0,0
Pontardawe,51.721793,-3.8491,Friday,19:30,Alcoholics Anonymous,1,0,0
Pontypridd Live Sober: Just For Today,51.602419,-3.342169,Thursday,19:30,Alcoholics Anonymous,1,0,0
Porthcawl Big Book,51.479424,-3.706657,Monday,19:30,Alcoholics Anonymous,1,0,0
Rhiwbina,51.5227,-3.211973,Friday,19:30,Alcoholics Anonymous,1,0,0
Swansea There Is A Solution,51.582045,-4.041315,Tuesday,18:30,Alcoholics Anonymous,1,0,0
Swansea Ystalyfera,51.765693,-3.786939,Wednesday,19:00,Alcoholics Anonymous,1,0,0
Trawsfynydd Surrender,52.903201,-3.92301,Thursday,19:30,Alcoholics Anonymous,1,0,0
Cardiff,51.479728,-3.206686,Tuesday,13:00,Alcoholics Anonymous,1,0,0
Cardiff,51.479728,-3.206686,Wednesday,20:00,Alcoholics Anonymous,1,0,0
Cardiff Big Book Study,51.479728,-3.206686,Friday,20:00,Alcoholics Anonymous,1,0,0
Cardiff Getting Sober Staying Sober Newcomers,51.484098,-3.17311,Monday,19:30,Alcoholics Anonymous,1,0,0
Cardiff Lgbt+ Recovery,51.479728,-3.206686,Monday,20:00,Alcoholics Anonymous,1,0,0
Cardiff Lunchtime,51.479728,-3.206686,Friday,13:00,Alcoholics Anonymous,1,0,0
Cardiff Newcomers,51.479728,-3.206686,Sunday,17:00,Alcoholics Anonymous,1,0,0
Cardiff Smile,51.479728,-3.206686,Saturday,20:00,Alcoholics Anonymous,1,0,0
Cardiff St Martin In Roath,51.492674,-3.170694,Friday,13:00,Alcoholics Anonymous,1,0,0
Cardiff Step,51.479728,-3.206686,Saturday,10:30,Alcoholics Anonymous,1,0,0
Cardiff Theobald Rd,51.479728,-3.206686,Thursday,13:00,Alcoholics Anonymous,1,0,0
Cardiff Theobald Rd,51.479728,-3.206686,Monday,13:00,Alcoholics Anonymous,1,0,0
"Cardiff Theobald Rd Experience, Strength & Hope",51.479728,-3.206686,Sunday,11:00,Alcoholics Anonymous,1,0,0
Cardiff Theobald Rd Step,51.479728,-3.206686,Tuesday,20:00,Alcoholics Anonymous,1,0,0
Cardiff Theobald Road Lunchtime,51.479728,-3.206686,Wednesday,13:00,Alcoholics Anonymous,1,0,0
Cardiff Windsor,51.484098,-3.17311,Thursday,20:00,Alcoholics Anonymous,1,0,0
Cardiff Women's,51.479728,-3.206686,Saturday,18:00,Alcoholics Anonymous,1,0,0
Abergele,53.28473,-3.583773,Monday,19:00,Alcoholics Anonymous,1,0,0
Colwyn Bay,53.296218,-3.73626,Saturday,13:30,Alcoholics Anonymous,1,0,0
Colwyn Bay Lunchtime,53.296218,-3.73626,Tuesday,12:30,Alcoholics Anonymous,1,0,0
Penrhyn Bay Recovery,53.317456,-3.764673,Wednesday,19:00,Alcoholics Anonymous,1,0,0
Bangor Big Book Study,53.228043,-4.123812,Monday,18:30,Alcoholics Anonymous,1,0,0
Bangor Penrhyn,53.230129,-4.112169,Friday,18:00,Alcoholics Anonymous,1,0,0
Caernarfon Big Book Step,53.136403,-4.270812,Thursday,19:30,Alcoholics Anonymous,1,0,0
Criccieth,52.918993,-4.237415,Tuesday,19:30,Alcoholics Anonymous,1,0,0
Cyfarfod Cymraeg Aa / Aa Welsh Language Monthly Meeting,53.222142,-4.207614,Friday,19:30,Alcoholics Anonymous,1,0,0
Llanfair Pwllgwyngyll Morning,53.222417,-4.208317,Thursday,10:00,Alcoholics Anonymous,1,0,0
Llanfairpwllgwyngyll,53.222417,-4.208317,Friday,11:00,Alcoholics Anonymous,1,0,0
Menai Bridge,53.223915,-4.166358,Sunday,18:30,Alcoholics Anonymous,1,0,0
Penmaenmawr,53.267931,-3.927791,Tuesday,19:30,Alcoholics Anonymous,1,0,0
Ysbyty Gwynedd/Bangor Hospital,53.1704345,-4.0632764,Saturday,10:30,Alcoholics Anonymous,1,0,0
Ysbyty Gwynedd/Bangor Hospital,53.1704345,-4.0632764,Tuesday,19:30,Alcoholics Anonymous,1,0,0
Minehead Steps & Traditions,51.204899,-3.477338,Friday,19:45,Alcoholics Anonymous,1,0,0
Aberfan,51.692305,-3.34597,Thursday,19:00,Alcoholics Anonymous,1,0,0
Abertillery As Bill Sees It,51.731504,-3.133212,Wednesday,19:00,Alcoholics Anonymous,1,0,0
Ebbw Vale,51.781314,-3.208991,Friday,20:00,Alcoholics Anonymous,1,0,0
Ebbw Vale Discussion,51.781314,-3.208991,Tuesday,20:00,Alcoholics Anonymous,1,0,0
Ebbw Vale Friends Of Bill W,51.772177,-3.202567,Friday,19:30,Alcoholics Anonymous,1,0,0
Merthyr Tydfil Victory Over Alcohol,51.749016,-3.37737,Tuesday,19:30,Alcoholics Anonymous,1,0,0
Pontllanfraith Big Book/Speaker,51.65342,-3.184343,Wednesday,13:00,Alcoholics Anonymous,1,0,0
Pontllanfraith The Road Of Happy Destiny,51.65342,-3.184343,Friday,20:00,Alcoholics Anonymous,1,0,0
Briton Ferry,51.633089,-3.823554,Monday,13:00,Alcoholics Anonymous,1,0,0
Burry Port,51.686034,-4.24037,Thursday,19:00,Alcoholics Anonymous,1,0,0
Neath,51.65657,-3.806237,Saturday,19:00,Alcoholics Anonymous,1,0,0
Port Talbot,51.596385,-3.787361,Saturday,19:30,Alcoholics Anonymous,1,0,0
Port Talbot By The Book,51.606074,-3.821893,Tuesday,19:30,Alcoholics Anonymous,1,0,0
Port Talbot St Mary's,51.596385,-3.787361,Monday,19:30,Alcoholics Anonymous,1,0,0
Swansea,51.624641,-3.939086,Monday,13:00,Alcoholics Anonymous,1,0,0
Swansea 12 Steps & 12 Traditions Study,51.627074,-3.944446,Monday,19:30,Alcoholics Anonymous,1,0,0
Swansea Big Book,51.616225,-3.946914,Friday,18:30,Alcoholics Anonymous,1,0,0
Swansea Big Book,51.617547,-4.020646,Monday,19:30,Alcoholics Anonymous,1,0,0
Swansea Brynmill,51.614005,-3.968677,Saturday,12:00,Alcoholics Anonymous,1,0,0
Swansea Dunvant,51.617547,-4.020646,Tuesday,13:00,Alcoholics Anonymous,1,0,0
Swansea Dunvant,51.617547,-4.020646,Saturday,18:30,Alcoholics Anonymous,1,0,0
Swansea Gorseinon,51.66818,-4.038504,Thursday,19:00,Alcoholics Anonymous,1,0,0
Swansea High Street Beginners,51.626928,-3.941669,Wednesday,19:30,Alcoholics Anonymous,1,0,0
Swansea Is Aa For You Monthly Meeting,51.624641,-3.939086,Saturday,10:00,Alcoholics Anonymous,1,0,0
Swansea Mumbles,51.574456,-3.998165,Saturday,19:00,Alcoholics Anonymous,1,0,0
Swansea Page St,51.620012,-3.952205,Wednesday,19:30,Alcoholics Anonymous,1,0,0
Swansea The Steps We Took,51.588223,-4.009235,Wednesday,13:00,Alcoholics Anonymous,1,0,0
Swansea The Strand,51.624641,-3.939086,Wednesday,13:00,Alcoholics Anonymous,1,0,0
Swansea Women's,51.624641,-3.939086,Tuesday,12:00,Alcoholics Anonymous,1,0,0
Swansea Women's,51.624641,-3.939086,Friday,12:00,Alcoholics Anonymous,1,0,0
Carmarthen,51.855986,-4.309153,Monday,19:30,Alcoholics Anonymous,1,0,0
12 Steps To Freedom,51.60662,0.21919,Friday,19:15,Cocaine Anonymous,0,1,0
12&Amp;12 Book Study,50.784262,0.304544,Friday,18:30,Cocaine Anonymous,0,1,0
A Better Life,50.963947,-1.355573,Monday,19:00,Cocaine Anonymous,0,1,0
A New Beginning,50.835201,-0.0802082,Saturday,11:00,Cocaine Anonymous,0,1,0
A New Sense Of Hope,51.347092,-2.978346,Monday,19:30,Cocaine Anonymous,0,1,0
A Quiet Peace,51.347141,-2.974542,Wednesday,19:30,Cocaine Anonymous,0,1,0
A Vision For You,51.766673,-0.928294,Wednesday,19:30,Cocaine Anonymous,0,1,0
A Vision For You,50.367966,-4.140262,Thursday,19:00,Cocaine Anonymous,0,1,0
All Lit Up,53.691003,-1.632177,Friday,19:00,Cocaine Anonymous,0,1,0
Aylesbury,51.805316,-0.785616,Friday,19:00,Cocaine Anonymous,0,1,0
Big Book Study &Amp; Speaker Meeting,53.278858,-2.901932,Thursday,19:30,Cocaine Anonymous,0,1,0
Borehamwood,51.658305,-0.265401,Saturday,18:00,Cocaine Anonymous,0,1,0
C.A. Coleraine,55.129878,-6.671983,Tuesday,20:00,Cocaine Anonymous,0,1,0
C.A. Newry,54.124218,-6.35045,Thursday,19:00,Cocaine Anonymous,0,1,0
CA Blyth,55.1169315,-1.532542,Tuesday,18:00,Cocaine Anonymous,0,1,0
CA Murton,54.815149,-1.382202,Monday,18:00,Cocaine Anonymous,0,1,0
CA Pelton Fell,54.858325,-1.60829,Wednesday,19:00,Cocaine Anonymous,0,1,0
Carry The Message Not The Mess,51.068999,-1.798819,Thursday,19:00,Cocaine Anonymous,0,1,0
Change In Chesham - Sunday Solution,51.704801,-0.613045,Sunday,19:00,Cocaine Anonymous,0,1,0
Choose Day Tuesday,53.13476,0.340843,Tuesday,19:00,Cocaine Anonymous,0,1,0
Cocaine Anonymous,53.1623,-2.21457,Sunday,19:00,Cocaine Anonymous,0,1,0
Cocaine Anonymous,50.371159,-4.164776,Saturday,10:00,Cocaine Anonymous,0,1,0
Cocaine Anonymous,50.808367,-1.872302,Thursday,20:00,Cocaine Anonymous,0,1,0
Cocaine Anonymous,51.880929,0.365848,Thursday,19:30,Cocaine Anonymous,0,1,0
Cocaine Anonymous,51.125884,1.313958,Wednesday,18:00,Cocaine Anonymous,0,1,0
Cocaine Anonymous,52.093443,-1.945953,Tuesday,19:00,Cocaine Anonymous,0,1,0
Cocaine Anonymous - Newcomers Meeting,51.439883,0.763024,Thursday,19:30,Cocaine Anonymous,0,1,0
Daventry CA Thus We Grow,52.259411,-1.160698,Wednesday,19:00,Cocaine Anonymous,0,1,0
Dover CA,51.122492,1.311428,Sunday,19:00,Cocaine Anonymous,0,1,0
Ellesmere Port Friday CAUK,53.27886,-2.899307,Friday,11:00,Cocaine Anonymous,0,1,0
"Experience, Strength And Hope",51.021691,-0.452384,Sunday,19:00,Cocaine Anonymous,0,1,0
First 30 Days,50.372733,-4.154357,Friday,19:00,Cocaine Anonymous,0,1,0
First Step,50.776312,0.094218,Wednesday,19:00,Cocaine Anonymous,0,1,0
Folkestone Big Book Study,51.083592,1.183855,Thursday,19:30,Cocaine Anonymous,0,1,0
Free At Last,50.761848,0.279662,Monday,19:30,Cocaine Anonymous,0,1,0
Friday Night Out,51.382698,-0.156674,Friday,19:00,Cocaine Anonymous,0,1,0
Goff's Oak Gratitude Newcomer's,51.710724,-0.088031,Tuesday,19:30,Cocaine Anonymous,0,1,0
Goff's Oak Newcomers Gratitude,51.707189,-0.117826,Sunday,17:00,Cocaine Anonymous,0,1,0
Great Yarmouth Womens Unity Meeting,52.606212,1.728883,Thursday,10:30,Cocaine Anonymous,0,1,0
Happy Hour,50.367966,-4.140262,Sunday,17:00,Cocaine Anonymous,0,1,0
Harold Hill- Speaker Meeting,51.605727,0.220117,Wednesday,19:30,Cocaine Anonymous,0,1,0
Herne Bay Hope Share Meeting,51.371845,1.129572,Wednesday,19:30,Cocaine Anonymous,0,1,0
Hope In Hildenborough,51.218382,0.236843,Wednesday,19:30,Cocaine Anonymous,0,1,0
"Hope, Faith &Amp; Courage (Gt Yarmouth)",52.606212,1.728883,Tuesday,19:30,Cocaine Anonymous,0,1,0
Inspire,43.3599357,-72.1849899,Tuesday,18:15,Cocaine Anonymous,0,1,0
Jest Rozwiązanie | Hybrid Meeting In Polish,50.718551,-1.874373,Monday,19:00,Cocaine Anonymous,0,1,0
Kemp Town Big Book Study,50.835201,-0.0802082,Sunday,18:15,Cocaine Anonymous,0,1,0
Littlehampton Big Book Study,50.809923,-0.543474,Thursday,19:30,Cocaine Anonymous,0,1,0
Macclesfield CA,53.25594,-2.124188,Monday,19:00,Cocaine Anonymous,0,1,0
Margate Tuesday CA - There Is A Solution,51.383642,1.384608,Tuesday,19:30,Cocaine Anonymous,0,1,0
Midweek Meditation,50.719883,-1.875248,Wednesday,20:00,Cocaine Anonymous,0,1,0
Milton Keynes: Recovery Rocks,52.054599,-0.848307,Wednesday,20:00,Cocaine Anonymous,0,1,0
Mind Your Manor,50.835201,-0.0802082,Friday,19:00,Cocaine Anonymous,0,1,0
Monday Night Newcomers Meeting,51.812604,-0.808109,Monday,19:00,Cocaine Anonymous,0,1,0
More Will Be Revealed,52.021525,0.23922,Thursday,19:45,Cocaine Anonymous,0,1,0
New Beginnings,52.058519,-0.021504,Tuesday,19:30,Cocaine Anonymous,0,1,0
New Beginnings In Northfleet,51.44292,0.336173,Tuesday,19:00,Cocaine Anonymous,0,1,0
New Way Of Life,50.914555,0.489741,Tuesday,19:00,Cocaine Anonymous,0,1,0
Newark CA Meeting,53.086749,-0.796398,Friday,18:30,Cocaine Anonymous,0,1,0
"Off The Rock, On The Rock",50.546165,-2.437507,Saturday,12:00,Cocaine Anonymous,0,1,0
Open H&Amp;I Hastings,50.855252,0.581115,Monday,17:30,Cocaine Anonymous,0,1,0
Open H&Amp;I Step 1 RSCH,50.835201,-0.0802082,Wednesday,19:00,Cocaine Anonymous,0,1,0
Pollution To Solution,51.408304,-2.5606851,Monday,19:30,Cocaine Anonymous,0,1,0
Power Hill,50.721096,-1.892725,Thursday,19:45,Cocaine Anonymous,0,1,0
Power In Pollards,51.399972,-0.131079,Wednesday,19:30,Cocaine Anonymous,0,1,0
Precisely How Meeting Of Kings Lynn,52.753477,0.395479,Friday,19:30,Cocaine Anonymous,0,1,0
Primary Purpose Meeting,51.902543,0.198321,Tuesday,19:30,Cocaine Anonymous,0,1,0
Principles Before Personalities,51.654768,-0.275839,Wednesday,19:30,Cocaine Anonymous,0,1,0
Quaker Meeting House Wednesday 7:30 Pm,51.799006,-0.215513,Wednesday,19:30,Cocaine Anonymous,0,1,0
Rickmansworth,51.639161,-0.468044,Tuesday,19:30,Cocaine Anonymous,0,1,0
Rise And Shine,50.784262,0.304544,Saturday,08:00,Cocaine Anonymous,0,1,0
Road To Recovery,51.462076,-0.581398,Thursday,19:00,Cocaine Anonymous,0,1,0
Rocketed Into The Fourth Dimension,53.712586,-2.098277,Tuesday,19:30,Cocaine Anonymous,0,1,0
Royston Friday.,52.058519,-0.021504,Friday,19:30,Cocaine Anonymous,0,1,0
Rugby,52.367042,-1.262866,Monday,19:00,Cocaine Anonymous,0,1,0
Salisbury Newcomers Meeting,51.068999,-1.798819,Sunday,19:00,Cocaine Anonymous,0,1,0
Saturday Serenity - Christchurch,50.740869,-1.750507,Saturday,19:00,Cocaine Anonymous,0,1,0
Saturday Solution,51.745695,-0.975547,Saturday,19:30,Cocaine Anonymous,0,1,0
Serenity In Sevenoaks,51.277925,0.178765,Tuesday,20:00,Cocaine Anonymous,0,1,0
Sharing The Solution,50.8402951,-0.1778205,Thursday,19:30,Cocaine Anonymous,0,1,0
Sheerness Big Book Study,51.439883,0.763024,Monday,19:30,Cocaine Anonymous,0,1,0
Solution By The Sea,51.542211,0.784481,Sunday,18:00,Cocaine Anonymous,0,1,0
Solution To Living,52.540487,-1.236784,Monday,19:30,Cocaine Anonymous,0,1,0
Spiritual Awakening,50.721096,-1.892725,Sunday,18:45,Cocaine Anonymous,0,1,0
Stamford Monday Meeting Of Cocaine Anonymous,52.660067,-0.480745,Monday,19:30,Cocaine Anonymous,0,1,0
Step 11 Serenity Seekers Meeting,51.408956,-0.040282,Sunday,09:30,Cocaine Anonymous,0,1,0
Steps &Amp; Traditions,50.876786,-0.1262901,Tuesday,18:30,Cocaine Anonymous,0,1,0
The Big Step,51.214617,-0.796594,Wednesday,19:30,Cocaine Anonymous,0,1,0
The Bridge To A New Life,51.382533,-0.159928,Tuesday,19:30,Cocaine Anonymous,0,1,0
The Next Chapter,50.372733,-4.154357,Tuesday,19:00,Cocaine Anonymous,0,1,0
The Out Of Ideas Group,50.3695378,-4.1590218,Monday,19:00,Cocaine Anonymous,0,1,0
The Power Hour,51.885391,-0.526367,Wednesday,19:15,Cocaine Anonymous,0,1,0
The Primary Purpose,51.479777,-0.653486,Monday,19:00,Cocaine Anonymous,0,1,0
The Road To Happy Destiny,51.395588,-1.332105,Wednesday,19:30,Cocaine Anonymous,0,1,0
The Steps We Took,50.809923,-0.543474,Monday,19:30,Cocaine Anonymous,0,1,0
The Steps We Took,51.075645,-1.785825,Tuesday,19:45,Cocaine Anonymous,0,1,0
There Is A Solution,50.835201,-0.0802082,Monday,10:00,Cocaine Anonymous,0,1,0
There Is Another Wey,50.611674,-2.455286,Monday,19:30,Cocaine Anonymous,0,1,0
Thus We Grow,51.021691,-0.452384,Tuesday,19:15,Cocaine Anonymous,0,1,0
We Can Recover,51.786837,1.148893,Wednesday,20:00,Cocaine Anonymous,0,1,0
We Can Recover,51.587123,-1.426425,Monday,19:30,Cocaine Anonymous,0,1,0
We Can Recover Open H&Amp;I Meeting,50.837064,-0.126843,Monday,12:30,Cocaine Anonymous,0,1,0
We Do Recover,50.367774,-4.142855,Tuesday,12:30,Cocaine Anonymous,0,1,0
What Next?,51.348841,0.03345,Thursday,19:30,Cocaine Anonymous,0,1,0
Worksop CA Big Book Randomiser,53.306397,-1.123671,Tuesday,19:30,Cocaine Anonymous,0,1,0
C.A. Carrickfergus - Harbour Of Hope,54.734919,-5.807569,Monday,20:00,Cocaine Anonymous,0,1,0
C.A. Glenview Big Book Study,54.613674,-5.950111,Tuesday,19:00,Cocaine Anonymous,0,1,0
C.A. South Belfast,54.591976,-5.936951,Friday,19:00,Cocaine Anonymous,0,1,0
Cocaine Anonymous - West Belfast,54.588061,-5.97004,Thursday,20:00,Cocaine Anonymous,0,1,0
Rescued From Shipwreck,54.600253,-5.925498,Saturday,20:00,Cocaine Anonymous,0,1,0
The Bridge From Ship To Shore,54.599071,-5.896047,Wednesday,20:00,Cocaine Anonymous,0,1,0
A Quiet Peace Meditation And Share Meeting,52.526594,-1.836663,Tuesday,19:30,Cocaine Anonymous,0,1,0
"Birmingham Big Book Study ""The Way Out""",52.413899,-1.780718,Wednesday,20:15,Cocaine Anonymous,0,1,0
Birmingham Newcomers Meeting,52.477386,-1.890563,Tuesday,19:30,Cocaine Anonymous,0,1,0
Birmingham Saturday 8:00 Pm,52.4910152,-1.7514394,Saturday,20:00,Cocaine Anonymous,0,1,0
Clean And Free Bromsgrove,52.333972,-2.065218,Friday,19:30,Cocaine Anonymous,0,1,0
Experience Strength And Hope,52.210059,-2.186982,Friday,19:30,Cocaine Anonymous,0,1,0
Freedom On Friday Big Book Study,52.443723,-1.822994,Friday,12:00,Cocaine Anonymous,0,1,0
Freedom On The Frontline,52.443723,-1.822994,Monday,19:30,Cocaine Anonymous,0,1,0
Smethwick Big Book Study Meeting,52.486774,-1.973832,Monday,19:30,Cocaine Anonymous,0,1,0
The Door Is Always Open Meeting,52.391601,-2.245176,Thursday,20:00,Cocaine Anonymous,0,1,0
Cocaine Anonymous,53.800784,-3.043429,Saturday,19:30,Cocaine Anonymous,0,1,0
Middle Of The Boat,53.7544817,-2.9688826,Friday,19:30,Cocaine Anonymous,0,1,0
Out Of The Polution Into The Solution,53.818343,-3.043261,Tuesday,19:15,Cocaine Anonymous,0,1,0
Spiritual Solutions,53.818343,-3.043261,Monday,19:15,Cocaine Anonymous,0,1,0
12 X 12 – Inclusive Community Church,50.730803,-1.828334,Monday,20:00,Cocaine Anonymous,0,1,0
CA Big Book Audio,50.728007,-1.836624,Tuesday,19:30,Cocaine Anonymous,0,1,0
New Freedom,50.729388,-1.875591,Friday,19:45,Cocaine Anonymous,0,1,0
Serenity Sisters,50.728007,-1.836624,Sunday,18:30,Cocaine Anonymous,0,1,0
The Message,50.7244101,-1.8516201,Monday,19:30,Cocaine Anonymous,0,1,0
The Rocket Meeting,50.72527,-1.861936,Thursday,19:30,Cocaine Anonymous,0,1,0
The Spirit Of Rotation,50.728007,-1.836624,Wednesday,19:00,Cocaine Anonymous,0,1,0
There Is A Solution,50.731159,-1.838081,Saturday,10:30,Cocaine Anonymous,0,1,0
A Quiet Peace Meditation,50.825952,-0.14055,Thursday,13:00,Cocaine Anonymous,0,1,0
Absolute Beginners,50.825342,-0.148384,Friday,18:00,Cocaine Anonymous,0,1,0
Daily Principles,50.825342,-0.148384,Tuesday,07:30,Cocaine Anonymous,0,1,0
Early Recovery,50.827292,-0.179332,Wednesday,07:30,Cocaine Anonymous,0,1,0
Experience Strength &Amp; Hope,50.831232,-0.166001,Saturday,18:30,Cocaine Anonymous,0,1,0
Gratitude,50.831232,-0.166001,Sunday,09:00,Cocaine Anonymous,0,1,0
Hove Big Book Study,50.831232,-0.166001,Wednesday,19:30,Cocaine Anonymous,0,1,0
LGBTQIA+,50.825952,-0.14055,Tuesday,18:30,Cocaine Anonymous,0,1,0
Message Of Hope,50.825342,-0.148384,Monday,18:00,Cocaine Anonymous,0,1,0
Prayer And Meditation,50.823467,-0.139612,Wednesday,18:30,Cocaine Anonymous,0,1,0
They Stopped In Time,50.825952,-0.14055,Friday,18:00,Cocaine Anonymous,0,1,0
Thus We Grow,50.830939,-0.209864,Monday,18:30,Cocaine Anonymous,0,1,0
Topic,50.831232,-0.166001,Thursday,18:30,Cocaine Anonymous,0,1,0
Topic Hove Morning,50.832662,-0.178271,Thursday,07:30,Cocaine Anonymous,0,1,0
Womens Book Study,50.825952,-0.14055,Tuesday,10:00,Cocaine Anonymous,0,1,0
"Womens, Trans And Non-Binary Back To Basics",50.825342,-0.148384,Wednesday,19:30,Cocaine Anonymous,0,1,0
"""Spirit Of Freedom""",51.420289,-2.595216,Saturday,18:30,Cocaine Anonymous,0,1,0
4Th Dimension,51.459686,-2.580283,Tuesday,19:00,Cocaine Anonymous,0,1,0
A Flimsy Reed,51.522038,-2.47067,Sunday,19:30,Cocaine Anonymous,0,1,0
A Quiet Peace,51.457547,-2.572685,Thursday,10:30,Cocaine Anonymous,0,1,0
Acceptance Is The Answer,51.4475549,-2.5673698,Friday,10:30,Cocaine Anonymous,0,1,0
Archway To Freedom,51.462619,-2.590656,Monday,19:30,Cocaine Anonymous,0,1,0
Band Of Hope,51.457992,-2.582709,Saturday,19:00,Cocaine Anonymous,0,1,0
Grounded In A Power Greater,51.4938018,-2.4945293,Wednesday,19:00,Cocaine Anonymous,0,1,0
Hope Faith And Courage,51.498572,-2.665397,Wednesday,19:30,Cocaine Anonymous,0,1,0
Let's Talk Recovery - Women's Meeting,51.457992,-2.582709,Friday,18:45,Cocaine Anonymous,0,1,0
Living In The Solution,51.464772,-2.589663,Friday,18:30,Cocaine Anonymous,0,1,0
Newcomers Candlelit,51.463963,-2.578669,Thursday,19:30,Cocaine Anonymous,0,1,0
Newcomers Into Action,51.451709,-2.594503,Tuesday,13:00,Cocaine Anonymous,0,1,0
Serenity Sisters - Big Book Study,51.452635,-2.572899,Monday,13:00,Cocaine Anonymous,0,1,0
Sunday Solution,51.457992,-2.582709,Sunday,14:15,Cocaine Anonymous,0,1,0
The Language Of The Heart,51.540578,-2.42126,Thursday,19:30,Cocaine Anonymous,0,1,0
The Next Frontier Steps And Traditions,51.458581,-2.608394,Wednesday,19:30,Cocaine Anonymous,0,1,0
There Is A Solution,51.4177038,-2.6108147,Friday,18:30,Cocaine Anonymous,0,1,0
Tradition 5,51.463579,-2.550406,Sunday,19:00,Cocaine Anonymous,0,1,0
A Vision Of Recovery,53.422731,-2.255864,Friday,19:00,Cocaine Anonymous,0,1,0
Back To Basics,53.259436,-2.503384,Monday,19:15,Cocaine Anonymous,0,1,0
Cocaine Anonymous,53.38911,-2.352343,Monday,19:30,Cocaine Anonymous,0,1,0
Cocaine Anonymous,53.443534,-2.311046,Tuesday,19:30,Cocaine Anonymous,0,1,0
Cocaine Anonymous Big Book Study,53.430969,-2.179124,Monday,19:30,Cocaine Anonymous,0,1,0
Didsbury Discussion Meeting,53.422731,-2.255864,Sunday,18:30,Cocaine Anonymous,0,1,0
Everyday Freedom,53.19376,-2.503991,Friday,19:00,Cocaine Anonymous,0,1,0
Friday Night Hyde,53.44751,-2.07702,Friday,19:00,Cocaine Anonymous,0,1,0
Hale Barns Big Book Study,53.369479,-2.313707,Thursday,19:30,Cocaine Anonymous,0,1,0
Hale Discussion Meeting,53.369479,-2.313707,Saturday,18:30,Cocaine Anonymous,0,1,0
Knutsford Cocaine Anonymous,53.303614,-2.374507,Thursday,19:00,Cocaine Anonymous,0,1,0
Macclesfield Women's CA Meeting,53.2601,-2.125504,Thursday,19:00,Cocaine Anonymous,0,1,0
Partington Newcomers Meeting,53.417024,-2.430119,Wednesday,19:30,Cocaine Anonymous,0,1,0
Recovery 101,53.303252,-2.234033,Friday,19:00,Cocaine Anonymous,0,1,0
The Solution,53.373725,-2.344881,Wednesday,12:30,Cocaine Anonymous,0,1,0
Big Book,53.197236,-2.887315,Wednesday,19:30,Cocaine Anonymous,0,1,0
First Things First,53.192392,-2.893247,Friday,19:30,Cocaine Anonymous,0,1,0
The Primary Purpose Group,53.188148,-2.892514,Monday,19:30,Cocaine Anonymous,0,1,0
Taking The High Out Of High Wycombe,51.63069,-0.745851,Friday,19:30,Cocaine Anonymous,0,1,0
There Is A Solution,51.524065,-0.725158,Sunday,18:30,Cocaine Anonymous,0,1,0
A Good Idea,50.454304,-4.462679,Wednesday,19:00,Cocaine Anonymous,0,1,0
Cocaine Anonymous,50.121016,-5.53905,Tuesday,19:30,Cocaine Anonymous,0,1,0
Cocaine Anonymous,50.1681617,-5.1032203,Thursday,19:30,Cocaine Anonymous,0,1,0
Stronger Together,50.237876,-5.233683,Monday,19:30,Cocaine Anonymous,0,1,0
Cocaine Anonymous,52.474448,-1.424814,Wednesday,19:30,Cocaine Anonymous,0,1,0
Coventry CA,52.393754,-1.573818,Thursday,20:00,Cocaine Anonymous,0,1,0
New Beginnings - Share/Big Book Meeting,52.278938,-1.591263,Monday,19:30,Cocaine Anonymous,0,1,0
Prometeusz | Hybrid Meeting In Polish,52.411448,-1.51404,Wednesday,17:30,Cocaine Anonymous,0,1,0
Rugby,52.367241,-1.264432,Friday,19:00,Cocaine Anonymous,0,1,0
There Is A Solution!,52.438879,-1.480361,Tuesday,19:00,Cocaine Anonymous,0,1,0
Magherafelt CA,54.755838,-6.612061,Friday,20:00,Cocaine Anonymous,0,1,0
A Quiet Peace,50.721092,-3.52997,Wednesday,19:15,Cocaine Anonymous,0,1,0
A Way Out,50.728417,-3.522104,Thursday,19:00,Cocaine Anonymous,0,1,0
Castle Rocketeers,51.079988,-4.0624,Monday,19:00,Cocaine Anonymous,0,1,0
Cocaine Anonymous,50.619919,-3.413195,Sunday,18:00,Cocaine Anonymous,0,1,0
Cocaine Anonymous Lunchtime Meeting,50.729025,-3.521117,Friday,11:30,Cocaine Anonymous,0,1,0
Newcomers,50.727334,-3.536762,Monday,19:00,Cocaine Anonymous,0,1,0
12 Simple Rules,54.746799,-1.290436,Tuesday,18:00,Cocaine Anonymous,0,1,0
Cocaine Anonymous,54.761937,-1.313094,Friday,19:00,Cocaine Anonymous,0,1,0
Cocaine Anonymous Shotton Colliery,54.763245,-1.386161,Saturday,19:00,Cocaine Anonymous,0,1,0
Jay Walkers Big Book Study,54.524038,-1.557954,Wednesday,19:30,Cocaine Anonymous,0,1,0
Primary Purpose Meeting,54.570782,-1.234114,Monday,19:00,Cocaine Anonymous,0,1,0
Recovery Rocks Meditation Meeting,54.554016,-1.26515,Saturday,09:30,Cocaine Anonymous,0,1,0
Recovery Rocks Thursdays,54.554016,-1.26515,Thursday,18:30,Cocaine Anonymous,0,1,0
The Steps We Took,54.593061,-1.310986,Friday,19:00,Cocaine Anonymous,0,1,0
11Th Step Meditation,51.798102,-0.070038,Sunday,12:00,Cocaine Anonymous,0,1,0
12 Steps To Freedom,51.777657,0.122387,Monday,19:30,Cocaine Anonymous,0,1,0
Archway To Freedom,51.798102,-0.070038,Tuesday,20:00,Cocaine Anonymous,0,1,0
CA Meeting Hertford,51.797417,-0.071459,Thursday,14:15,Cocaine Anonymous,0,1,0
Candlelit Newcomers Meeting,51.728652,-0.025341,Wednesday,19:30,Cocaine Anonymous,0,1,0
Cocaine Anonymous,51.771529,0.085457,Thursday,17:30,Cocaine Anonymous,0,1,0
Harlow Primary Purpose Meeting CA,51.756322,0.111664,Friday,19:30,Cocaine Anonymous,0,1,0
Hertford,51.798102,-0.070038,Thursday,20:00,Cocaine Anonymous,0,1,0
Hope Faith And Courage,51.798102,-0.070038,Monday,12:00,Cocaine Anonymous,0,1,0
Hope In Hoddesdon,51.762305,-0.013279,Monday,20:00,Cocaine Anonymous,0,1,0
Our Primary Purpose,51.866903,0.161099,Wednesday,19:30,Cocaine Anonymous,0,1,0
Our Primary Purpose,51.865179,0.160911,Friday,19:00,Cocaine Anonymous,0,1,0
Primary Purpose,51.690171,0.045746,Monday,19:30,Cocaine Anonymous,0,1,0
Saturday Night Miracles,51.687097,-0.006956,Saturday,18:30,Cocaine Anonymous,0,1,0
Sisters In Strength - Harlow Women's Meeting,51.769385,0.09256,Wednesday,19:30,Cocaine Anonymous,0,1,0
Steel On Steel Breakfast Meeting,51.798102,-0.070038,Saturday,09:00,Cocaine Anonymous,0,1,0
The Way Step And Tradition,51.686266,0.007275,Wednesday,19:00,Cocaine Anonymous,0,1,0
Waltham Cross CA,51.692535,-0.033485,Friday,18:30,Cocaine Anonymous,0,1,0
Ware CA,51.811159,-0.029368,Saturday,19:30,Cocaine Anonymous,0,1,0
Whatever Meeting,51.686266,0.007275,Thursday,19:00,Cocaine Anonymous,0,1,0
Canterbury Big Book Study,51.276648,1.085809,Wednesday,19:30,Cocaine Anonymous,0,1,0
Canterbury Face-To-Face Speaker Meeting There Is A Solution,51.276648,1.085809,Friday,19:30,Cocaine Anonymous,0,1,0
Deal 12 X 12,51.229964,1.399342,Monday,19:00,Cocaine Anonymous,0,1,0
Faversham CA Meeting,51.314043,0.900448,Sunday,19:30,Cocaine Anonymous,0,1,0
Happy Hour,51.0875429,1.1875105,Monday,19:00,Cocaine Anonymous,0,1,0
Happy Hour Topic Meeting,51.13446,0.864772,Saturday,17:00,Cocaine Anonymous,0,1,0
Into Action,51.276648,1.085809,Monday,19:30,Cocaine Anonymous,0,1,0
Monday Big Book Study,51.149416,0.856362,Monday,19:30,Cocaine Anonymous,0,1,0
The Way Out,51.086829,1.148401,Tuesday,19:30,Cocaine Anonymous,0,1,0
We Do Recover,51.13446,0.864772,Friday,19:30,Cocaine Anonymous,0,1,0
Cocaine Anonymous Blackburn,53.746176,-2.486591,Wednesday,19:30,Cocaine Anonymous,0,1,0
Help With Addiction,53.562431,-2.343741,Sunday,11:30,Cocaine Anonymous,0,1,0
Cocaine Anonymous,51.564977,0.184353,Sunday,18:00,Cocaine Anonymous,0,1,0
Into Action,51.590751,0.080023,Thursday,19:30,Cocaine Anonymous,0,1,0
Newcomers Meeting,51.629633,0.034352,Tuesday,19:00,Cocaine Anonymous,0,1,0
One Day At A Time,51.570616,0.135501,Saturday,19:00,Cocaine Anonymous,0,1,0
Eastbourne Gratitude,50.770469,0.28035,Sunday,10:00,Cocaine Anonymous,0,1,0
Hailsham Big Book Study,50.860848,0.257714,Tuesday,19:00,Cocaine Anonymous,0,1,0
"New Beginnings, Women’S, Theys &Amp; Gays",50.770469,0.28035,Wednesday,18:30,Cocaine Anonymous,0,1,0
Open H&Amp;I Eastbourne,50.770469,0.28035,Thursday,17:30,Cocaine Anonymous,0,1,0
Quiet Peace &Amp; Monthly Topic Q&Amp;A,50.770469,0.28035,Thursday,19:30,Cocaine Anonymous,0,1,0
Step One Open H&Amp;I Meeting,50.786964,0.2670207,Sunday,19:30,Cocaine Anonymous,0,1,0
Big Book Meeting,51.727827,0.469453,Friday,20:00,Cocaine Anonymous,0,1,0
Came To Believe,51.880205,0.55366,Wednesday,19:00,Cocaine Anonymous,0,1,0
Canvey Island Hope Faith And Courage,51.520336,0.577269,Thursday,19:30,Cocaine Anonymous,0,1,0
Carry The Message,51.536505,0.712515,Monday,19:00,Cocaine Anonymous,0,1,0
Cocaine Anonymous,51.883452,0.923549,Tuesday,19:00,Cocaine Anonymous,0,1,0
Cocaine Anonymous,51.536219,0.711662,Thursday,19:30,Cocaine Anonymous,0,1,0
Cocaine Anonymous,51.635294,0.351494,Saturday,08:30,Cocaine Anonymous,0,1,0
Colchester Book Study,51.883452,0.923549,Saturday,19:00,Cocaine Anonymous,0,1,0
Come As You Are,51.663067,0.830804,Monday,19:00,Cocaine Anonymous,0,1,0
Corringham Newcomers Meeting,51.525468,0.449879,Wednesday,19:00,Cocaine Anonymous,0,1,0
Freedom,51.610003,0.520034,Monday,19:30,Cocaine Anonymous,0,1,0
Freedom And Faith,51.540835,0.731927,Tuesday,19:30,Cocaine Anonymous,0,1,0
Freedom And Happiness,51.589096,0.609198,Wednesday,19:30,Cocaine Anonymous,0,1,0
Friday Honeypot Hive Of Recovery,51.575187,0.46446,Friday,19:30,Cocaine Anonymous,0,1,0
Hope Faith And Courage For The Newcomer,51.735807,0.471362,Tuesday,19:30,Cocaine Anonymous,0,1,0
"Hope, Faith &Amp; Courage",51.859461,0.417733,Monday,20:00,Cocaine Anonymous,0,1,0
"Hope, Faith And Courage",51.614621,0.426799,Sunday,18:00,Cocaine Anonymous,0,1,0
Hutton Daytime Meeting,51.635294,0.351494,Tuesday,12:00,Cocaine Anonymous,0,1,0
Into Action,51.731496,0.681902,Sunday,19:00,Cocaine Anonymous,0,1,0
Newcomers' Meeting,51.7273837,0.4692287,Wednesday,19:30,Cocaine Anonymous,0,1,0
One-Hour Big Book Meeting,51.799752,0.637575,Saturday,18:00,Cocaine Anonymous,0,1,0
There Is A Solution,51.645036,0.619505,Thursday,19:00,Cocaine Anonymous,0,1,0
Topic Meeting,51.883452,0.923549,Thursday,19:00,Cocaine Anonymous,0,1,0
We Can Recover,51.614621,0.426799,Tuesday,19:45,Cocaine Anonymous,0,1,0
Cambridge Friday CA,52.221482,0.14684,Friday,19:30,Cocaine Anonymous,0,1,0
Clear Cut Directions,52.562644,-0.074681,Monday,19:30,Cocaine Anonymous,0,1,0
One Day At A Time,52.085578,0.4421,Wednesday,19:00,Cocaine Anonymous,0,1,0
Peterborough &Amp; Stamford Primary Purpose,52.569314,-0.242184,Tuesday,19:30,Cocaine Anonymous,0,1,0
Peterborough Big Book Study,52.559914,-0.228676,Friday,19:00,Cocaine Anonymous,0,1,0
Peterborough Courage To Change Newcomers,52.569314,-0.242184,Sunday,17:00,Cocaine Anonymous,0,1,0
The Keystone Big Book/Share Meeting,52.328193,-0.179665,Thursday,19:30,Cocaine Anonymous,0,1,0
Wednesday Ely Meeting,52.401253,0.264989,Wednesday,19:30,Cocaine Anonymous,0,1,0
A New Way Of Life,50.858264,0.58158,Saturday,18:00,Cocaine Anonymous,0,1,0
Principles Before Personalities,50.858264,0.58158,Friday,19:00,Cocaine Anonymous,0,1,0
There Is A Solution,50.858264,0.58158,Wednesday,19:00,Cocaine Anonymous,0,1,0
Women’S Meeting,50.858264,0.58158,Sunday,16:00,Cocaine Anonymous,0,1,0
Cocaine Anonymous Monday Hull Primary Purpose Group,53.758345,-0.407574,Monday,19:45,Cocaine Anonymous,0,1,0
Steps To Serenity,53.749752,-0.347666,Wednesday,19:30,Cocaine Anonymous,0,1,0
Steps To Serenity,53.749752,-0.347666,Saturday,10:30,Cocaine Anonymous,0,1,0
"CA ""Dens"" Hemel Hempstead",51.764154,-0.456803,Wednesday,18:45,Cocaine Anonymous,0,1,0
"Experience, Strength And Hope,Watford",51.664194,-0.399226,Wednesday,20:00,Cocaine Anonymous,0,1,0
Hatfield,51.76485,-0.226526,Thursday,20:15,Cocaine Anonymous,0,1,0
Hemel Hempstead CA,51.768992,-0.44805,Thursday,19:00,Cocaine Anonymous,0,1,0
Hope In Harpenden,51.813315,-0.352936,Wednesday,19:30,Cocaine Anonymous,0,1,0
Into Action,51.639137,-0.342149,Saturday,09:00,Cocaine Anonymous,0,1,0
London Colney Newcomers,51.719853,-0.290607,Tuesday,20:00,Cocaine Anonymous,0,1,0
St Albans Candlelight Meeting,51.741514,-0.349045,Thursday,19:15,Cocaine Anonymous,0,1,0
There Is A Solution. Hemel Hempstead,51.746252,-0.431021,Monday,19:45,Cocaine Anonymous,0,1,0
Thursday Night Big Book Study,51.651717,-0.3916,Thursday,19:30,Cocaine Anonymous,0,1,0
Watford Chair Meeting,51.664194,-0.399226,Friday,20:00,Cocaine Anonymous,0,1,0
Watford Monday Night,51.656146,-0.399264,Monday,20:00,Cocaine Anonymous,0,1,0
Horncastle Hopeless To Hopeful,53.204145,-0.112202,Tuesday,20:00,Cocaine Anonymous,0,1,0
"Lincoln CA - Hope, Faith &Amp; Courage",53.229716,-0.543454,Sunday,18:00,Cocaine Anonymous,0,1,0
Spalding Big Book,52.783915,-0.152706,Sunday,19:30,Cocaine Anonymous,0,1,0
Back To Basics,53.420276,-2.984524,Monday,11:30,Cocaine Anonymous,0,1,0
Back To Basics,53.402231,-2.972902,Wednesday,18:00,Cocaine Anonymous,0,1,0
Clean For Life,53.336363,-2.706908,Friday,20:00,Cocaine Anonymous,0,1,0
Cocaine Anonymous,53.402231,-2.972902,Monday,18:30,Cocaine Anonymous,0,1,0
Cuddington CA Thursday Meeting,53.237276,-2.60568,Thursday,19:15,Cocaine Anonymous,0,1,0
"Honesty, Open-Minded And Willingness",53.42668,-2.95528,Monday,19:30,Cocaine Anonymous,0,1,0
Hope Faith And Courage Big Book Study,53.402231,-2.972902,Friday,18:00,Cocaine Anonymous,0,1,0
"Hope, Faith &Amp; Courage Meeting",53.381854,-2.944654,Sunday,19:00,Cocaine Anonymous,0,1,0
Jay Walkers Big Book Study,53.402231,-2.972902,Saturday,18:00,Cocaine Anonymous,0,1,0
Keys To Kingdom,53.418788,-2.960746,Wednesday,19:30,Cocaine Anonymous,0,1,0
Never Too Young To Recover,53.402231,-2.972902,Sunday,12:00,Cocaine Anonymous,0,1,0
On Awakening,53.406311,-2.823441,Saturday,10:00,Cocaine Anonymous,0,1,0
Practice The Principles,53.41508,-2.921438,Thursday,18:00,Cocaine Anonymous,0,1,0
Saturday Solution Group,53.456479,-2.991566,Saturday,10:00,Cocaine Anonymous,0,1,0
Sefton Friday Night Solution Meeting,53.456479,-2.991566,Friday,19:15,Cocaine Anonymous,0,1,0
The 4Th Dimension,53.458918,-2.996351,Tuesday,18:30,Cocaine Anonymous,0,1,0
The Sisters Afterward,53.402155,-2.981007,Friday,09:45,Cocaine Anonymous,0,1,0
Together We Can - Candlelit Meeting,53.409167,-2.907214,Tuesday,18:30,Cocaine Anonymous,0,1,0
We Can Recover,53.421228,-2.974629,Wednesday,12:00,Cocaine Anonymous,0,1,0
We Can Recover Widnes,53.354554,-2.733862,Wednesday,18:00,Cocaine Anonymous,0,1,0
CA Worcester Park,51.377094,-0.234808,Sunday,19:00,Cocaine Anonymous,0,1,0
Cocaine Anonymous,51.369961,-0.103513,Monday,19:00,Cocaine Anonymous,0,1,0
Courage In Carshalton,51.373022,-0.16879,Thursday,19:00,Cocaine Anonymous,0,1,0
Emotional Sobriety Group,51.377094,-0.234808,Tuesday,19:00,Cocaine Anonymous,0,1,0
Epsom By The Book,51.331141,-0.260015,Friday,19:30,Cocaine Anonymous,0,1,0
Primary Purpose In Purley,51.339555,-0.115677,Thursday,19:30,Cocaine Anonymous,0,1,0
Sobriety In Selsdon,51.342759,-0.066195,Tuesday,19:30,Cocaine Anonymous,0,1,0
Step Into Banstead,51.325373,-0.192128,Wednesday,19:00,Cocaine Anonymous,0,1,0
The Monday Club,51.347063,-0.208492,Monday,19:30,Cocaine Anonymous,0,1,0
A Desire To Stop,51.445058,0.21404,Monday,19:30,Cocaine Anonymous,0,1,0
A New Beginning Step Meeting,51.463625,0.105854,Friday,19:30,Cocaine Anonymous,0,1,0
A Safe Place Women's Meeting,51.411309,0.013486,Wednesday,19:00,Cocaine Anonymous,0,1,0
Carrying The Message Big Book Study,51.374186,0.043094,Thursday,19:30,Cocaine Anonymous,0,1,0
Cocaine Anonymous,51.374186,0.043094,Tuesday,20:00,Cocaine Anonymous,0,1,0
Cocaine Anonymous,51.410779,0.014527,Wednesday,19:30,Cocaine Anonymous,0,1,0
Cocaine Anonymous,51.45782,0.137386,Wednesday,19:45,Cocaine Anonymous,0,1,0
Escaping The Madness,51.413369,0.015561,Saturday,10:30,Cocaine Anonymous,0,1,0
Hextable Candlelight,51.410075,0.179003,Thursday,19:30,Cocaine Anonymous,0,1,0
Newcomers' Meeting,51.392665,0.034416,Monday,19:30,Cocaine Anonymous,0,1,0
Saturday Night Newcomers Meeting,51.410779,0.014527,Saturday,19:30,Cocaine Anonymous,0,1,0
Saturday Sanctuary,51.45782,0.137386,Saturday,11:00,Cocaine Anonymous,0,1,0
Sunday Step Meeting,51.3808,0.004358,Sunday,19:30,Cocaine Anonymous,0,1,0
The Addicts And Alcoholics Group Of Cocaine Anonymous,51.373787,0.09828,Wednesday,19:00,Cocaine Anonymous,0,1,0
The Carpet Farmers,51.410779,0.014527,Friday,20:00,Cocaine Anonymous,0,1,0
We're Here And We're Free,51.456911,0.147806,Sunday,19:00,Cocaine Anonymous,0,1,0
Stanwell We Could Not Stop On Our Own,51.455293,-0.477906,Wednesday,19:00,Cocaine Anonymous,0,1,0
The Extra Mile Meeting Of Cocaine Anonymous,51.436937,-0.390896,Sunday,18:00,Cocaine Anonymous,0,1,0
The Proven Route,51.44496,-0.361741,Monday,19:15,Cocaine Anonymous,0,1,0
Chessington World Of Recovery,51.377269,-0.303945,Monday,19:30,Cocaine Anonymous,0,1,0
Faith At The Lodge,51.3833175,-0.3103861,Tuesday,19:00,Cocaine Anonymous,0,1,0
Hope On The Hill,51.423407,-0.358671,Tuesday,19:30,Cocaine Anonymous,0,1,0
Nowa Wolność | Hybrid Meeting In Polish,51.460493,-0.220067,Sunday,17:30,Cocaine Anonymous,0,1,0
Teddington Contempt Prior To Investigation,51.425337,-0.337407,Thursday,19:00,Cocaine Anonymous,0,1,0
The Honest Undesirables,51.417487,-0.297366,Saturday,19:30,Cocaine Anonymous,0,1,0
The Priory H&Amp;I Meeting,51.462539,-0.251509,Monday,19:00,Cocaine Anonymous,0,1,0
A Bridge To Normal Living - Big Book Study,53.545914,-2.623392,Thursday,19:30,Cocaine Anonymous,0,1,0
Back To Basics,53.531936,-2.427166,Thursday,19:00,Cocaine Anonymous,0,1,0
Big Book Discussion Meeting,53.514534,-2.269595,Wednesday,12:30,Cocaine Anonymous,0,1,0
Candle Lit - Meditation Cocaine Anonymous,53.514534,-2.269595,Friday,18:30,Cocaine Anonymous,0,1,0
Christ Church Recovery Meeting,53.493558,-2.100407,Monday,19:30,Cocaine Anonymous,0,1,0
Cocaine Anonymous,53.514534,-2.269595,Thursday,12:00,Cocaine Anonymous,0,1,0
Cocaine Anonymous,53.514978,-2.151022,Friday,19:00,Cocaine Anonymous,0,1,0
Cocaine Anonymous,53.514534,-2.269595,Sunday,18:00,Cocaine Anonymous,0,1,0
Cocaine Anonymous,53.533686,-2.222735,Sunday,19:00,Cocaine Anonymous,0,1,0
Cocaine Anonymous Discussion,53.514534,-2.269595,Monday,19:00,Cocaine Anonymous,0,1,0
Friday Night Discussion,53.483541,-2.217108,Friday,19:00,Cocaine Anonymous,0,1,0
Higher Power Hour,53.48253,-2.339314,Friday,10:00,Cocaine Anonymous,0,1,0
"Oldham Hope, Faith And Courage",53.540395,-2.121854,Wednesday,19:30,Cocaine Anonymous,0,1,0
Road To Recovery,53.514534,-2.269595,Tuesday,19:00,Cocaine Anonymous,0,1,0
Salford Big Book Study,53.492749,-2.287921,Thursday,19:30,Cocaine Anonymous,0,1,0
Salford Discussion Meeting,53.514534,-2.269595,Saturday,18:30,Cocaine Anonymous,0,1,0
Salford Monday Lunchtime,53.514534,-2.269595,Monday,12:00,Cocaine Anonymous,0,1,0
Salford Orchard Meeting,53.496346,-2.283544,Monday,19:00,Cocaine Anonymous,0,1,0
Spin The Wheel Topic Meeting,53.514534,-2.269595,Tuesday,12:30,Cocaine Anonymous,0,1,0
Wednesdays Higher Power Hour,53.514534,-2.269595,Wednesday,18:00,Cocaine Anonymous,0,1,0
A New Way Of Life Skelmersdale,53.563474,-2.773287,Sunday,18:00,Cocaine Anonymous,0,1,0
Cocaine Anonymous,53.460906,-2.740424,Wednesday,19:00,Cocaine Anonymous,0,1,0
St Helen's CA - Spin That Wheel,53.434982,-2.786952,Monday,19:00,Cocaine Anonymous,0,1,0
The Saturday Solution,53.437217,-2.70399,Saturday,12:00,Cocaine Anonymous,0,1,0
There Is A Solution,53.391939,-2.596989,Tuesday,19:15,Cocaine Anonymous,0,1,0
12 And 12,51.34809,-0.725312,Thursday,19:30,Cocaine Anonymous,0,1,0
Acceptance Is The Answer,51.368732,-0.503016,Tuesday,19:30,Cocaine Anonymous,0,1,0
Acceptance Is The Key,51.247043,-0.569907,Monday,19:30,Cocaine Anonymous,0,1,0
Chertsey CA,51.386491,-0.509456,Saturday,19:15,Cocaine Anonymous,0,1,0
Cocaine Anonymous,51.294951,-0.325756,Friday,20:00,Cocaine Anonymous,0,1,0
Emotional Sobriety,51.433206,-0.512836,Tuesday,19:00,Cocaine Anonymous,0,1,0
Lifeworks H&Amp;I Meeting,51.302778,-0.536092,Wednesday,19:30,Cocaine Anonymous,0,1,0
Practicing The Principles,51.36119,-0.691697,Sunday,18:30,Cocaine Anonymous,0,1,0
Primrose Lodge H&Amp;I Cocaine Anonymous,51.277059,-0.609126,Friday,19:00,Cocaine Anonymous,0,1,0
Quiet Peace,51.433206,-0.512836,Thursday,19:00,Cocaine Anonymous,0,1,0
Read The Black Bits,51.388428,-0.454077,Friday,20:00,Cocaine Anonymous,0,1,0
Road To Recovery,51.218118,-0.323303,Wednesday,19:30,Cocaine Anonymous,0,1,0
Second Thought Cobham,51.325673,-0.411256,Thursday,19:45,Cocaine Anonymous,0,1,0
The Book Has The Answers,51.433206,-0.512836,Saturday,09:00,Cocaine Anonymous,0,1,0
The Easier Softer Way,51.3618802,-0.4512529,Monday,19:00,Cocaine Anonymous,0,1,0
We Can Recover,51.247043,-0.569907,Saturday,17:30,Cocaine Anonymous,0,1,0
Meet The Solution,52.019187,-0.720413,Monday,19:00,Cocaine Anonymous,0,1,0
Beccles CA,52.448305,1.574172,Monday,19:30,Cocaine Anonymous,0,1,0
Lowestoft CA,52.477999,1.744561,Wednesday,19:00,Cocaine Anonymous,0,1,0
Norwich,52.65252,1.309815,Friday,19:30,Cocaine Anonymous,0,1,0
Norwich Tuesday Night,52.624722,1.288798,Tuesday,19:30,Cocaine Anonymous,0,1,0
Step 11 Saturday Spirit,52.470307,1.744313,Saturday,09:30,Cocaine Anonymous,0,1,0
Step 11Meditation Meeting,52.483221,1.750367,Saturday,09:30,Cocaine Anonymous,0,1,0
The Problem Has Been Removed,52.416389,0.520697,Monday,19:30,Cocaine Anonymous,0,1,0
Caterham Anonymous,51.292197,-0.10663,Wednesday,19:15,Cocaine Anonymous,0,1,0
Clarity In Coulsdon,51.2997553,-0.1457222,Friday,19:30,Cocaine Anonymous,0,1,0
Sunday Serenity,51.24138,-0.196154,Sunday,19:00,Cocaine Anonymous,0,1,0
Archway To Freedom,51.980023,-0.225522,Wednesday,19:30,Cocaine Anonymous,0,1,0
Bedford Blazing The Trial To Recovery Primary Purpose Group,52.141095,-0.476674,Thursday,19:30,Cocaine Anonymous,0,1,0
Biggleswade CA,52.087363,-0.260169,Tuesday,19:30,Cocaine Anonymous,0,1,0
Blessed In Biggleswade,52.087363,-0.260169,Monday,19:00,Cocaine Anonymous,0,1,0
Great Denham,52.12914,-0.50858,Tuesday,19:30,Cocaine Anonymous,0,1,0
Newcomers 12 Step Experiences,51.9681581,-0.3229678,Thursday,19:30,Cocaine Anonymous,0,1,0
Stevenage,51.908103,-0.202798,Wednesday,19:30,Cocaine Anonymous,0,1,0
Stevenage,51.913341,-0.186164,Friday,19:30,Cocaine Anonymous,0,1,0
Stevenage,51.908103,-0.202798,Saturday,11:00,Cocaine Anonymous,0,1,0
Stevenage CA,51.913341,-0.186164,Monday,19:00,Cocaine Anonymous,0,1,0
Stevenage Sunday,51.90155,-0.197652,Sunday,17:00,Cocaine Anonymous,0,1,0
The Rainbow Road To Serenity,51.9104,-0.170386,Thursday,19:30,Cocaine Anonymous,0,1,0
Came To Believe,51.534812,0.194746,Monday,19:30,Cocaine Anonymous,0,1,0
Cocaine Anonymous,51.479439,0.325883,Monday,18:00,Cocaine Anonymous,0,1,0
Cocaine Anonymous,51.629015,0.323933,Saturday,18:45,Cocaine Anonymous,0,1,0
Hornchurch New Beginnings,51.571132,0.224028,Thursday,19:00,Cocaine Anonymous,0,1,0
Recipe For Serenity,51.559643,0.251055,Thursday,19:30,Cocaine Anonymous,0,1,0
Shenfield Men's Book Study. (Formerly Warley),51.629015,0.323933,Friday,19:00,Cocaine Anonymous,0,1,0
SOS - South Ockendon Solution,51.5093984,0.2881889,Tuesday,19:30,Cocaine Anonymous,0,1,0
South Ockendon Step Meeting,51.5093984,0.2881889,Saturday,08:00,Cocaine Anonymous,0,1,0
"Sunday Solutions, Elm Park",51.546639,0.196613,Sunday,19:30,Cocaine Anonymous,0,1,0
There Is A Solution,51.586935,0.200518,Tuesday,19:00,Cocaine Anonymous,0,1,0
We Can Recover,51.629015,0.323933,Monday,19:30,Cocaine Anonymous,0,1,0
Young Persons (OPEN TO ALL AGES) Meeting,51.567029,0.267682,Wednesday,19:30,Cocaine Anonymous,0,1,0
Chorley CA,53.654112,-2.626032,Monday,19:30,Cocaine Anonymous,0,1,0
Cocaine Anonymous Morecambe,54.064496,-2.886131,Monday,19:30,Cocaine Anonymous,0,1,0
Desperate To Stop - Kendal,54.330841,-2.73898,Saturday,19:30,Cocaine Anonymous,0,1,0
North Preston CA,53.782277,-2.670051,Monday,19:30,Cocaine Anonymous,0,1,0
Preston CA,53.766691,-2.727621,Wednesday,19:30,Cocaine Anonymous,0,1,0
Sobriety Society,53.8115795,-2.8539892,Monday,19:30,Cocaine Anonymous,0,1,0
Southport Solution Big Book Study,53.648008,-2.995118,Friday,17:30,Cocaine Anonymous,0,1,0
Sunday Night CA,54.1135,-3.232884,Sunday,19:00,Cocaine Anonymous,0,1,0
We Do Recover - Ribble Valley,53.826741,-2.599343,Tuesday,19:30,Cocaine Anonymous,0,1,0
Workington Warriors,54.627934,-3.551585,Thursday,19:00,Cocaine Anonymous,0,1,0
Cocaine Anonymous,53.792797,-1.378301,Thursday,19:30,Cocaine Anonymous,0,1,0
Saltaire Solution In Serenity,53.834928,-1.795074,Monday,19:00,Cocaine Anonymous,0,1,0
Scarborough 'Newcomer's' CA Meeting,54.278977,-0.408069,Tuesday,18:30,Cocaine Anonymous,0,1,0
Scarborough's Sunday 'Sunlight Of Spirit' CA Meeting,54.278977,-0.408069,Sunday,12:00,Cocaine Anonymous,0,1,0
Scarborough's Wednesday Evening 'Big Book Discussion' CA Study Group,54.278977,-0.408069,Wednesday,18:30,Cocaine Anonymous,0,1,0
Scarborough's Wednesday Lunchtime 'A Vision For You' Big Book Study Meeting,54.278977,-0.408069,Wednesday,12:00,Cocaine Anonymous,0,1,0
There Is A Solution - Keighley CA Meeting,53.864849,-1.910415,Wednesday,19:00,Cocaine Anonymous,0,1,0
We Can Recover,53.808292,-1.54177,Wednesday,19:15,Cocaine Anonymous,0,1,0
We Can Recover,53.991142,-1.530849,Friday,19:00,Cocaine Anonymous,0,1,0
York CA,53.95587,-1.073135,Sunday,18:30,Cocaine Anonymous,0,1,0
12 Steps To Freedom,52.302302,-0.696844,Friday,19:00,Cocaine Anonymous,0,1,0
Corby Big Book Study,52.495413,-0.697288,Wednesday,19:30,Cocaine Anonymous,0,1,0
Kettering,52.397333,-0.710289,Tuesday,19:00,Cocaine Anonymous,0,1,0
Monday Rushden,52.291998,-0.606665,Monday,19:00,Cocaine Anonymous,0,1,0
Northampton,52.2383888,-0.8836495,Thursday,19:00,Cocaine Anonymous,0,1,0
Northampton March Into Action,52.2383888,-0.8836495,Sunday,18:30,Cocaine Anonymous,0,1,0
Andover Friday,51.206294,-1.479923,Friday,19:30,Cocaine Anonymous,0,1,0
There Is A Solution,51.264873,-1.089311,Tuesday,20:00,Cocaine Anonymous,0,1,0
Thus We Grow,51.277528,-1.079369,Thursday,20:00,Cocaine Anonymous,0,1,0
Archway To Freedom Big Book Study. (Leicester),52.625198,-1.21446,Wednesday,19:30,Cocaine Anonymous,0,1,0
Big Book Study Monday Meeting,52.95435,-1.149258,Monday,19:00,Cocaine Anonymous,0,1,0
Bridgeway To A New Living,52.644506,-1.180787,Tuesday,19:30,Cocaine Anonymous,0,1,0
"I Can't, We Can",52.636977,-1.127381,Friday,19:30,Cocaine Anonymous,0,1,0
Leicester CA Monday,52.636977,-1.127381,Monday,19:00,Cocaine Anonymous,0,1,0
Loughborough Step Meeting,52.775517,-1.20373,Saturday,18:00,Cocaine Anonymous,0,1,0
"Mansfield, Hope, Faith And Courage",53.122839,-1.267337,Saturday,19:00,Cocaine Anonymous,0,1,0
No Human Power,52.636977,-1.127381,Thursday,19:30,Cocaine Anonymous,0,1,0
Nottingham CA Wednesday,52.978756,-1.150777,Wednesday,19:30,Cocaine Anonymous,0,1,0
Nottingham. There Is A Solution,52.933661,-1.132523,Sunday,18:30,Cocaine Anonymous,0,1,0
Oakham,52.670623,-0.73329,Tuesday,19:30,Cocaine Anonymous,0,1,0
Something For The Weekend - Quiet Peace Themed Meeting,52.978756,-1.150777,Friday,18:30,Cocaine Anonymous,0,1,0
Sutton Newcomer's Meeting,53.122839,-1.267337,Thursday,19:30,Cocaine Anonymous,0,1,0
Sutton-In-Ashfield,53.122839,-1.267337,Monday,19:30,Cocaine Anonymous,0,1,0
The 164 Big Book Study,52.897226,-1.269154,Thursday,19:30,Cocaine Anonymous,0,1,0
The Problem Has Been Removed,52.632986,-1.132366,Sunday,18:30,Cocaine Anonymous,0,1,0
We Do Recover Loughborough CA,52.775517,-1.20373,Wednesday,19:15,Cocaine Anonymous,0,1,0
4Th Dimension Meeting,50.762653,-1.917315,Wednesday,19:45,Cocaine Anonymous,0,1,0
How It Works,50.726179,-1.97582,Monday,19:45,Cocaine Anonymous,0,1,0
Cocaine Anonymous,52.981092,-2.197198,Thursday,19:30,Cocaine Anonymous,0,1,0
Stafford Quakers Tuesday 7:30 Pm,52.810828,-2.11996,Tuesday,19:30,Cocaine Anonymous,0,1,0
Surviving Saturdays,52.811342,-2.120573,Saturday,18:00,Cocaine Anonymous,0,1,0
By The Book,51.906404,-2.076702,Sunday,16:00,Cocaine Anonymous,0,1,0
Cheltenham Newcomers,51.906404,-2.076702,Thursday,19:00,Cocaine Anonymous,0,1,0
Cheltenham Steps &Amp; Traditions,51.900674,-2.080631,Monday,18:30,Cocaine Anonymous,0,1,0
Cocaine Anonymous,51.744396,-2.212049,Monday,19:00,Cocaine Anonymous,0,1,0
Cocaine Anonymous Hope Faith And Courage,51.906404,-2.076702,Saturday,18:00,Cocaine Anonymous,0,1,0
Hope Faith Courage,51.856285,-2.244159,Tuesday,19:30,Cocaine Anonymous,0,1,0
Malvern Cocaine Anonymous,52.097765,-2.306453,Wednesday,19:30,Cocaine Anonymous,0,1,0
Stroud Experience Strength &Amp; Hope Meeting,51.74558,-2.215723,Wednesday,19:00,Cocaine Anonymous,0,1,0
Sunday Living In The Solution,51.8625295,-2.2385908,Sunday,18:30,Cocaine Anonymous,0,1,0
Women In Recovery,51.900674,-2.080631,Friday,19:00,Cocaine Anonymous,0,1,0
Crystal Clear,50.920331,-1.40422,Tuesday,19:30,Cocaine Anonymous,0,1,0
Lack Of Power,50.912773,-1.40168,Wednesday,19:30,Cocaine Anonymous,0,1,0
Newcomers Meeting,50.912773,-1.40168,Friday,19:30,Cocaine Anonymous,0,1,0
Spiritual Lines,50.915697,-1.410917,Thursday,19:30,Cocaine Anonymous,0,1,0
A New Freedom,51.0078826,-3.0976971,Saturday,19:00,Cocaine Anonymous,0,1,0
Bridge To Recovery,51.125511,-3.012062,Wednesday,19:30,Cocaine Anonymous,0,1,0
Hope Has An Address,51.208819,-2.652737,Thursday,19:30,Cocaine Anonymous,0,1,0
Road To Recovery,50.943526,-2.662849,Friday,19:30,Cocaine Anonymous,0,1,0
Serenity Seekers - Step 11 Meeting,51.208819,-2.652737,Monday,19:30,Cocaine Anonymous,0,1,0
Step Into The Steps,51.341514,-2.978997,Friday,12:00,Cocaine Anonymous,0,1,0
Sunlight Of The Spirit,51.346298,-2.977497,Tuesday,19:30,Cocaine Anonymous,0,1,0
The 164 Group,51.346298,-2.977497,Thursday,19:30,Cocaine Anonymous,0,1,0
Blenheim Share,51.892422,-0.427712,Sunday,19:00,Cocaine Anonymous,0,1,0
Dark Side Of The Spoon,51.877373,-0.41185,Monday,19:30,Cocaine Anonymous,0,1,0
Flitwick,51.99747,-0.497213,Thursday,19:00,Cocaine Anonymous,0,1,0
Have You A Sufficient Substitute? (Luton),51.901939,-0.497524,Thursday,19:30,Cocaine Anonymous,0,1,0
Luton,51.908311,-0.411627,Saturday,09:00,Cocaine Anonymous,0,1,0
Luton CA At The Squared,51.877373,-0.41185,Wednesday,19:30,Cocaine Anonymous,0,1,0
The Fourth Dimension,51.879685,-0.402006,Friday,19:30,Cocaine Anonymous,0,1,0
Tuesday Night Big Book Meeting,51.877373,-0.41185,Tuesday,19:00,Cocaine Anonymous,0,1,0
Friday Night Rewired,50.530003,-3.603978,Friday,17:30,Cocaine Anonymous,0,1,0
Paignton Pass It On,50.435679,-3.569597,Tuesday,17:30,Cocaine Anonymous,0,1,0
Reaching Out,50.532448,-3.602777,Wednesday,19:30,Cocaine Anonymous,0,1,0
The Fix,50.474597,-3.535004,Saturday,10:30,Cocaine Anonymous,0,1,0
Cocaine Anonymous,51.96536,1.327039,Monday,19:30,Cocaine Anonymous,0,1,0
Our Primary Purpose (Ipswich),52.050825,1.153487,Thursday,19:30,Cocaine Anonymous,0,1,0
Progress Not Perfection,52.060631,1.141629,Tuesday,19:30,Cocaine Anonymous,0,1,0
Building A New Life,51.730919,-1.218708,Friday,12:15,Cocaine Anonymous,0,1,0
CA Abingdon,51.669417,-1.283319,Sunday,19:00,Cocaine Anonymous,0,1,0
Cocaine Anonymous - Witney,51.784473,-1.484888,Wednesday,19:30,Cocaine Anonymous,0,1,0
Friday In To Action Meeting,51.747623,-1.236769,Friday,19:30,Cocaine Anonymous,0,1,0
Keep It Simple,51.611215,-1.251482,Friday,19:30,Cocaine Anonymous,0,1,0
Newcomers' Meeting,51.746855,-1.231528,Monday,19:30,Cocaine Anonymous,0,1,0
There Is A Solution Banbury,52.058377,-1.339932,Wednesday,19:30,Cocaine Anonymous,0,1,0
Working With Others,51.721005,-1.201069,Tuesday,19:30,Cocaine Anonymous,0,1,0
A Quiet Peace,53.360181,-1.466921,Wednesday,12:00,Cocaine Anonymous,0,1,0
A Quiet Peace,53.556028,-1.475635,Sunday,19:00,Cocaine Anonymous,0,1,0
A Spiritual Solution,53.429064,-1.360875,Monday,19:30,Cocaine Anonymous,0,1,0
CA Barnsley Back-To-Basics,53.553254,-1.488922,Friday,19:30,Cocaine Anonymous,0,1,0
CA Barnsley Step And Tradition Meeting,53.560704,-1.514754,Tuesday,19:00,Cocaine Anonymous,0,1,0
CA Step 11 Meditation Meeting,53.361824,-1.478695,Saturday,16:30,Cocaine Anonymous,0,1,0
Hope Dealers,53.442769,-1.470886,Monday,19:30,Cocaine Anonymous,0,1,0
I Am Grateful,53.352111,-1.489871,Sunday,10:00,Cocaine Anonymous,0,1,0
Inspire Your Recovery,53.523835,-1.127095,Saturday,09:30,Cocaine Anonymous,0,1,0
New Beginnings,53.522517,-1.128751,Thursday,19:30,Cocaine Anonymous,0,1,0
"Sheffield Hope, Faith And Courage",53.376577,-1.453082,Wednesday,19:30,Cocaine Anonymous,0,1,0
Sheffield Step Into The Solution Tuesday Meeting,53.36245,-1.479906,Tuesday,19:30,Cocaine Anonymous,0,1,0
We Do Recover,53.376577,-1.453082,Thursday,19:00,Cocaine Anonymous,0,1,0
12 Step Meeting,50.85269,-1.18416,Saturday,10:00,Cocaine Anonymous,0,1,0
A New Freedom,50.7932769,-1.1396104,Wednesday,19:30,Cocaine Anonymous,0,1,0
Design For Living,50.7953159,-1.0863527,Friday,19:00,Cocaine Anonymous,0,1,0
Into Action,50.811009,-1.082578,Monday,19:45,Cocaine Anonymous,0,1,0
Newcomer Meeting,50.833835,-0.779416,Tuesday,19:30,Cocaine Anonymous,0,1,0
Read This Book More Than Once,50.7860103,-1.0837457,Thursday,19:30,Cocaine Anonymous,0,1,0
Spiritual Sunday,50.794942,-1.059197,Sunday,18:00,Cocaine Anonymous,0,1,0
Spiritual Vibes,50.901204,-1.030052,Tuesday,19:00,Cocaine Anonymous,0,1,0
Steps To Recovery,50.85269,-1.18416,Thursday,20:00,Cocaine Anonymous,0,1,0
Women In Recovery,50.7932769,-1.1396104,Monday,19:00,Cocaine Anonymous,0,1,0
A Way Out In Woodley,51.454615,-0.888275,Tuesday,19:30,Cocaine Anonymous,0,1,0
Bracknell Three Legacies,51.399538,-0.751584,Monday,19:30,Cocaine Anonymous,0,1,0
Faith On Friday,51.412646,-0.836982,Friday,20:00,Cocaine Anonymous,0,1,0
Peace Of Mind,51.599668,-1.127563,Thursday,19:00,Cocaine Anonymous,0,1,0
Rarely Have We Seen A Person Fail,51.396761,-1.323646,Thursday,18:45,Cocaine Anonymous,0,1,0
Reading Spirit Of The Sunlight,51.453409,-0.961866,Wednesday,19:30,Cocaine Anonymous,0,1,0
We Have Recovered,51.400773,-1.326883,Monday,19:30,Cocaine Anonymous,0,1,0
CA Newcastle,54.967194,-1.625848,Tuesday,18:00,Cocaine Anonymous,0,1,0
CA Newcastle,54.967194,-1.625848,Thursday,18:00,Cocaine Anonymous,0,1,0
CA Newcastle,54.967194,-1.625848,Friday,18:00,Cocaine Anonymous,0,1,0
CA Newcastle,54.967194,-1.625848,Saturday,18:00,Cocaine Anonymous,0,1,0
CA Newcastle,54.967194,-1.625848,Sunday,18:00,Cocaine Anonymous,0,1,0
Cocaine Anonymous South Shields,54.971468,-1.439496,Wednesday,18:00,Cocaine Anonymous,0,1,0
Cocaine Anonymous South Shields,54.971468,-1.439496,Friday,18:00,Cocaine Anonymous,0,1,0
Freedom From Addiction,52.19492,-2.220527,Monday,19:30,Cocaine Anonymous,0,1,0
Steps To Freedom,52.055361,-2.717204,Tuesday,19:30,Cocaine Anonymous,0,1,0
Cocaine Anonymous,50.971674,-2.461393,Sunday,09:30,Cocaine Anonymous,0,1,0
Dorchester Conscious Contact,50.714478,-2.434966,Wednesday,19:45,Cocaine Anonymous,0,1,0
There Is A Way Out,50.616599,-2.469808,Thursday,19:30,Cocaine Anonymous,0,1,0
A Common Solution,51.192503,0.272443,Monday,19:30,Cocaine Anonymous,0,1,0
A New Found Freedom,51.145285,0.282806,Friday,19:30,Cocaine Anonymous,0,1,0
A New Freedom,51.192503,0.272443,Thursday,19:30,Cocaine Anonymous,0,1,0
A New Life,51.374963,0.547337,Wednesday,19:30,Cocaine Anonymous,0,1,0
Big Book / Alternate Speaker Meeting,51.137829,0.269384,Saturday,19:00,Cocaine Anonymous,0,1,0
Chatham CA,51.383868,0.521486,Monday,19:30,Cocaine Anonymous,0,1,0
Chatham Daytime Topic Discussion Meeting,51.383868,0.521486,Friday,12:00,Cocaine Anonymous,0,1,0
Cocaine Anonymous,51.326325,0.440957,Monday,19:30,Cocaine Anonymous,0,1,0
Hoo Can Recover,51.418616,0.563889,Thursday,19:30,Cocaine Anonymous,0,1,0
"Hope, Faith And Courage",51.277138,0.52371,Thursday,19:00,Cocaine Anonymous,0,1,0
Road To Recovery,51.339829,0.731543,Friday,19:30,Cocaine Anonymous,0,1,0
Saturday CA Share And Recovery Meeting,51.27504,0.52173,Saturday,10:00,Cocaine Anonymous,0,1,0
Strood Big Book Study,51.396435,0.492763,Sunday,19:30,Cocaine Anonymous,0,1,0
The Tradition 5 Meeting,51.27504,0.52173,Tuesday,19:30,Cocaine Anonymous,0,1,0
Leeds Cocaine And All Other Drugs,53.768422,-1.581436,Monday,19:00,Cocaine Anonymous,0,1,0
Pontefract Shared Experience,53.690117,-1.315633,Tuesday,19:00,Cocaine Anonymous,0,1,0
Wakefield CA - Addicts Helping Addicts,53.683265,-1.496754,Wednesday,18:45,Cocaine Anonymous,0,1,0
A Quiet Peace,50.958027,-0.140451,Monday,19:00,Cocaine Anonymous,0,1,0
A Quiet Peace,51.115751,-0.18725,Wednesday,07:30,Cocaine Anonymous,0,1,0
A Quiet Peace,50.813165,-0.374284,Wednesday,10:30,Cocaine Anonymous,0,1,0
Absolute Beginners,51.1166733,-0.1157821,Saturday,18:00,Cocaine Anonymous,0,1,0
Experience Strength &Amp; Hope,50.813165,-0.374284,Thursday,19:00,Cocaine Anonymous,0,1,0
Freedom From Addiction,50.817416,-0.375414,Saturday,17:30,Cocaine Anonymous,0,1,0
Gratitude,50.831326,-0.421707,Sunday,10:30,Cocaine Anonymous,0,1,0
Gratitude,51.1166733,-0.1157821,Sunday,11:15,Cocaine Anonymous,0,1,0
Haywards Heath Big Book Study,51.001405,-0.107675,Wednesday,19:30,Cocaine Anonymous,0,1,0
Horsham Big Book Study,51.06288,-0.333344,Friday,19:30,Cocaine Anonymous,0,1,0
It Works It Really Does,51.1166733,-0.1157821,Tuesday,20:00,Cocaine Anonymous,0,1,0
Men’S Meeting,51.1166733,-0.1157821,Thursday,20:00,Cocaine Anonymous,0,1,0
Reaching Out,50.833606,-0.272646,Friday,19:30,Cocaine Anonymous,0,1,0
Sharing The Solution,51.097032,-0.205563,Monday,19:30,Cocaine Anonymous,0,1,0
Step One H &Amp; I Meeting Worthing,50.816691,-0.363429,Tuesday,19:30,Cocaine Anonymous,0,1,0
The Steps We Took,51.001405,-0.107675,Friday,19:30,Cocaine Anonymous,0,1,0
Topic,50.824185,-0.321168,Thursday,19:00,Cocaine Anonymous,0,1,0
Women’S Steps Of Faith &Amp; Hopes Of Healing,51.097032,-0.205563,Thursday,19:15,Cocaine Anonymous,0,1,0
A Bridge To Shore,53.729682,-1.982685,Thursday,19:00,Cocaine Anonymous,0,1,0
A New Beginning,53.698147,-1.782256,Monday,19:00,Cocaine Anonymous,0,1,0
Bradford Into The Light,53.769332,-1.7099,Tuesday,19:00,Cocaine Anonymous,0,1,0
Huddersfield Jaywalkers,53.644804,-1.783438,Sunday,19:00,Cocaine Anonymous,0,1,0
Out Of The Darkness,53.698147,-1.782256,Wednesday,19:00,Cocaine Anonymous,0,1,0
"Pass It On, Big Book Study",53.720483,-1.863943,Friday,18:30,Cocaine Anonymous,0,1,0
Steps To Recovery,53.644804,-1.783438,Thursday,19:30,Cocaine Anonymous,0,1,0
Steps Towards Change,53.720483,-1.863943,Monday,18:30,Cocaine Anonymous,0,1,0
Women Who Found It,53.68781,-1.84129,Thursday,18:30,Cocaine Anonymous,0,1,0
12 Step Hill! Step Share And Book Study,51.5899425,-1.7787009,Monday,19:00,Cocaine Anonymous,0,1,0
12 Steps To Freedom,51.232988,-2.326392,Thursday,19:00,Cocaine Anonymous,0,1,0
Bath Newcomers,51.385756,-2.360875,Friday,19:00,Cocaine Anonymous,0,1,0
Big Book Study,51.553779,-1.747821,Sunday,19:00,Cocaine Anonymous,0,1,0
Newcomers Meeting,51.560559,-1.783503,Friday,18:00,Cocaine Anonymous,0,1,0
Safe &Amp; Protected Trowbridge Newcomers Meeting,51.323696,-2.20412,Monday,19:00,Cocaine Anonymous,0,1,0
Step 11 Improving Conscious Contact,51.554931,-1.752444,Tuesday,19:30,Cocaine Anonymous,0,1,0
Swindon Newcomers,51.553779,-1.747821,Wednesday,19:30,Cocaine Anonymous,0,1,0
Swindon Women's Road To Recovery Meeting,51.562453,-1.759501,Thursday,19:00,Cocaine Anonymous,0,1,0
Worn Out Party People,51.34786,-2.25155,Wednesday,18:30,Cocaine Anonymous,0,1,0
A Vision For You,53.390035,-3.020065,Tuesday,18:00,Cocaine Anonymous,0,1,0
There Is A Solution,53.413039,-3.044853,Sunday,19:30,Cocaine Anonymous,0,1,0
C.A. Athy,52.9923585,-6.9833981,Monday,20:30,Cocaine Anonymous,0,1,0
C.A. Athy,52.9956456,-6.992239,Saturday,20:00,Cocaine Anonymous,0,1,0
C.A. Ballinrobe,53.6232248,-9.2229148,Saturday,20:00,Cocaine Anonymous,0,1,0
C.A. Carlow,52.8375902,-6.9287941,Thursday,20:00,Cocaine Anonymous,0,1,0
C.A. Drogheda,53.7160764,-6.3503127,Wednesday,20:00,Cocaine Anonymous,0,1,0
C.A. Drogheda,53.7160764,-6.3503127,Friday,19:00,Cocaine Anonymous,0,1,0
C.A. Dungarvan,52.0877837,-7.620684,Wednesday,20:00,Cocaine Anonymous,0,1,0
C.A. Dunshaughlin,53.5071475,-6.5412857,Friday,20:00,Cocaine Anonymous,0,1,0
C.A. Ennis,52.8571764,-8.960035,Saturday,20:00,Cocaine Anonymous,0,1,0
C.A. Kildare Town,53.1664683,-6.9090447,Wednesday,20:00,Cocaine Anonymous,0,1,0
C.A. Limerick,52.6612308,-8.6312246,Monday,20:00,Cocaine Anonymous,0,1,0
C.A. Limerick,52.6612308,-8.6312246,Thursday,20:00,Cocaine Anonymous,0,1,0
C.A. Longford,53.7264756,-7.7969278,Monday,19:00,Cocaine Anonymous,0,1,0
C.A. Navan,53.6694421,-6.6987409,Tuesday,19:30,Cocaine Anonymous,0,1,0
C.A. Nenagh,52.8570058,-8.1892213,Tuesday,20:00,Cocaine Anonymous,0,1,0
C.A. Nenagh,52.8570058,-8.1892213,Friday,20:00,Cocaine Anonymous,0,1,0
C.A. Never Too Young To Recover,43.1616236,0.5190221,Tuesday,19:30,Cocaine Anonymous,0,1,0
C.A. Newbridge,53.20794,-6.73675,Tuesday,20:00,Cocaine Anonymous,0,1,0
C.A. Newbridge,53.20794,-6.73675,Friday,20:00,Cocaine Anonymous,0,1,0
C.A. Sankalpa,53.6543065,-1.2699845,Friday,19:30,Cocaine Anonymous,0,1,0
C.A. Sankalpa,53.6543065,-1.2699845,Sunday,11:00,Cocaine Anonymous,0,1,0
C.A. Shankill,53.2195906,-6.1195863,Monday,19:30,Cocaine Anonymous,0,1,0
C.A. Shannon,52.7167442,-8.8710512,Sunday,20:00,Cocaine Anonymous,0,1,0
C.A. The Glin,43.1616236,0.5190221,Thursday,19:30,Cocaine Anonymous,0,1,0
C.A. Waterford,52.2590241,-7.1077297,Thursday,20:00,Cocaine Anonymous,0,1,0
C.A. Waterford,52.2590241,-7.1077297,Saturday,20:00,Cocaine Anonymous,0,1,0
C.A. Wexford Open H&I Meeting,52.3214815,-6.449516,Tuesday,20:00,Cocaine Anonymous,0,1,0
C.A. Rescued From Shipwreck,54.600253,-5.925498,Saturday,20:00,Cocaine Anonymous,0,1,0
C.A. West Belfast - Rising From The Falls,54.588061,-5.97004,Thursday,20:00,Cocaine Anonymous,0,1,0
There Is A Solution (East Belfast),54.598779,-5.8968858,Wednesday,20:00,Cocaine Anonymous,0,1,0
A New Beginning,51.9019298,-8.4810869,Wednesday,20:00,Cocaine Anonymous,0,1,0
C.A. Ballincollig,51.888026,-8.5949041,Tuesday,20:00,Cocaine Anonymous,0,1,0
C.A. Ballintemple,51.8920671,-8.4685786,Thursday,20:00,Cocaine Anonymous,0,1,0
C.A. Ballintemple,51.8920671,-8.4685786,Saturday,20:00,Cocaine Anonymous,0,1,0
C.A. Bandon,51.7443802,-8.735437,Monday,20:00,Cocaine Anonymous,0,1,0
C.A. Midleton,51.9114189,-8.1735911,Friday,20:00,Cocaine Anonymous,0,1,0
C.A. Sunlight Of The Spirit,51.8787888,-8.4951035,Sunday,11:00,Cocaine Anonymous,0,1,0
C.A. Magherafelt,54.755838,-6.612061,Friday,20:00,Cocaine Anonymous,0,1,0
As We Grow C.A. Tallaght,53.2756607,-6.402893,Monday,19:30,Cocaine Anonymous,0,1,0
C.A Ushers Street,53.344447,-6.2840825,Wednesday,19:00,Cocaine Anonymous,0,1,0
C.A. Ashbourne,53.5101801,-6.3990905,Monday,19:30,Cocaine Anonymous,0,1,0
C.A. Ayrfield,53.3966288,-6.1823331,Thursday,19:30,Cocaine Anonymous,0,1,0
C.A. Ballymun,53.3957557,-6.2731542,Monday,19:00,Cocaine Anonymous,0,1,0
C.A. Ballymun,53.3957557,-6.2731542,Wednesday,20:00,Cocaine Anonymous,0,1,0
C.A. Ballymun,53.3957557,-6.2731542,Saturday,20:00,Cocaine Anonymous,0,1,0
C.A. Bawnoges Just For Today,53.3217993,-6.410851,Wednesday,19:00,Cocaine Anonymous,0,1,0
C.A. Blackrock,53.3010235,-6.1761337,Friday,20:30,Cocaine Anonymous,0,1,0
C.A. Blanchardstown,53.4033419,-6.3856826,Tuesday,19:30,Cocaine Anonymous,0,1,0
C.A. Bow Street,53.3487123,-6.2749347,Saturday,17:30,Cocaine Anonymous,0,1,0
C.A. Cabra,53.3628387,-6.2858728,Monday,20:00,Cocaine Anonymous,0,1,0
C.A. Castleknock,53.3774514,-6.3787933,Friday,20:00,Cocaine Anonymous,0,1,0
C.A. Cherry Orchard,53.337426,-6.3749102,Friday,19:30,Cocaine Anonymous,0,1,0
C.A. Clondalkin,53.3453188,-6.4080666,Monday,20:00,Cocaine Anonymous,0,1,0
C.A. Crumlin,53.3294306,-6.3043467,Tuesday,19:30,Cocaine Anonymous,0,1,0
C.A. Crumlin,53.3294306,-6.3043467,Thursday,19:30,Cocaine Anonymous,0,1,0
C.A. Darndale,53.4018443,-6.1937336,Thursday,18:00,Cocaine Anonymous,0,1,0
C.A. Darndale,53.400454,-6.2057418,Saturday,11:00,Cocaine Anonymous,0,1,0
C.A. Darndale Belcamp Parish,53.4010574,-6.1935415,Wednesday,19:00,Cocaine Anonymous,0,1,0
C.A. Drimnagh,53.335161,-6.3181586,Monday,19:30,Cocaine Anonymous,0,1,0
C.A. Eastwall,53.355798,-6.2364325,Sunday,20:00,Cocaine Anonymous,0,1,0
C.A. Edenmore,53.3907807,-6.1833268,Monday,19:30,Cocaine Anonymous,0,1,0
C.A. Finglas,53.3857504,-6.3052437,Monday,19:30,Cocaine Anonymous,0,1,0
C.A. Finglas,53.3857504,-6.3052437,Wednesday,19:00,Cocaine Anonymous,0,1,0
C.A. Haddington Rd,53.3349356,-6.2416136,Monday,20:00,Cocaine Anonymous,0,1,0
C.A. Haddington Rd,53.3349356,-6.2416136,Friday,20:00,Cocaine Anonymous,0,1,0
C.A. Kilbarrack Newcomer Meeting,53.3848369,-6.1525815,Saturday,19:00,Cocaine Anonymous,0,1,0
C.A. Lucan,53.3590547,-6.4392802,Sunday,17:30,Cocaine Anonymous,0,1,0
C.A. Malahide,53.4551768,-6.1818606,Monday,19:00,Cocaine Anonymous,0,1,0
C.A. Mulhuddart,53.4070425,-6.3933779,Wednesday,20:00,Cocaine Anonymous,0,1,0
C.A. Neilstown,53.3445437,-6.3948798,Thursday,19:30,Cocaine Anonymous,0,1,0
C.A. New Beginnings,53.3568666,-6.2462319,Saturday,13:30,Cocaine Anonymous,0,1,0
C.A. Pace Open H&I Meeting,53.4038159,-6.2106378,Friday,20:00,Cocaine Anonymous,0,1,0
C.A. Rutland Open H&I Meeting,53.2859134,-6.326429,Saturday,19:00,Cocaine Anonymous,0,1,0
C.A. Sandyford,53.2754363,-6.2063906,Monday,19:30,Cocaine Anonymous,0,1,0
C.A. Sean Mcdermott St.,53.3536707,-6.2529626,Wednesday,18:00,Cocaine Anonymous,0,1,0
C.A. Shankill,53.2197733,-6.1204866,Wednesday,20:00,Cocaine Anonymous,0,1,0
C.A. Sheriff St.,53.3542585,-6.2460465,Tuesday,19:00,Cocaine Anonymous,0,1,0
C.A. South Inner City,53.3426725,-6.2420759,Monday,19:00,Cocaine Anonymous,0,1,0
C.A. South Inner City,53.3400303,-6.2240687,Thursday,19:00,Cocaine Anonymous,0,1,0
C.A. Stoneybatter,53.3543214,-6.2864947,Thursday,19:00,Cocaine Anonymous,0,1,0
C.A. Swords,53.4529282,-6.245794,Sunday,19:00,Cocaine Anonymous,0,1,0
C.A. Tallaght,53.2851861,-6.3559758,Wednesday,20:00,Cocaine Anonymous,0,1,0
C.A. Teach Mhuire,53.3512422,-6.2550064,Thursday,20:00,Cocaine Anonymous,0,1,0
C.A. The Big Book Study,53.3839376,-6.2416942,Wednesday,19:30,Cocaine Anonymous,0,1,0
C.A. Galway,53.2675285,-9.0743372,Wednesday,20:00,Cocaine Anonymous,0,1,0
C.A. Mervue,53.282296,-9.0172982,Tuesday,19:30,Cocaine Anonymous,0,1,0
C.A. Mervue,53.282296,-9.0172982,Friday,19:30,Cocaine Anonymous,0,1,0
C.A. Oz House,53.2720381,-9.0512046,Monday,15:00,Cocaine Anonymous,0,1,0
C.A. Oz House,53.2720381,-9.0512046,Thursday,15:00,Cocaine Anonymous,0,1,0
C.A. Oz House,53.2720381,-9.0512046,Friday,15:00,Cocaine Anonymous,0,1,0
C.A. Bray,53.1874749,-6.1040513,Tuesday,19:30,Cocaine Anonymous,0,1,0
C.A. Bray,53.1874749,-6.1040513,Friday,19:30,Cocaine Anonymous,0,1,0
C.A. Greystones,53.1465583,-6.0626083,Sunday,19:30,Cocaine Anonymous,0,1,0
ASGAL,55.98883,-4.580027,Monday,20:00,Cocaine Anonymous,0,1,0
Birkenshaw Monday Night CA Keep It Simple,55.831495,-4.078358,Monday,20:00,Cocaine Anonymous,0,1,0
Birkenshaw Wednesday Night CA The Basics,55.831495,-4.078358,Wednesday,19:30,Cocaine Anonymous,0,1,0
Carfin Wednesday,55.8173588,-3.9351838,Wednesday,20:00,Cocaine Anonymous,0,1,0
Cumbernauld Friday Night,55.959325,-3.9544,Friday,19:30,Cocaine Anonymous,0,1,0
Falkirk Tuesday Newcomer Meeting,55.994158,-3.78735,Tuesday,19:30,Cocaine Anonymous,0,1,0
Fellowship Of The Spirit,55.847697,-3.190957,Thursday,19:40,Cocaine Anonymous,0,1,0
Friday CA Meeting,60.1652292,-1.1893921,Friday,12:00,Cocaine Anonymous,0,1,0
Greenock Sunday Night Big Book Study,55.953185,-4.766789,Sunday,19:00,Cocaine Anonymous,0,1,0
Hope Up The Hill,56.1477187,-4.7029418,Tuesday,19:00,Cocaine Anonymous,0,1,0
It Works It Really Does,55.892103,-3.073254,Wednesday,12:00,Cocaine Anonymous,0,1,0
Keep Coming Back Step Study,55.880465,-4.387429,Wednesday,19:00,Cocaine Anonymous,0,1,0
Keep It Simple,55.96348,-3.272174,Thursday,19:00,Cocaine Anonymous,0,1,0
Mid-Argyll Sunday Night,56.0116822,-5.4474834,Sunday,19:00,Cocaine Anonymous,0,1,0
Now We Are Free,55.921759,-3.135938,Saturday,19:30,Cocaine Anonymous,0,1,0
Phoenix Fridays,55.951119,-4.587271,Friday,19:00,Cocaine Anonymous,0,1,0
Prayer & Meditation,55.7701159,-4.185445,Thursday,19:00,Cocaine Anonymous,0,1,0
Reaching Out,56.39572,-3.437956,Tuesday,17:30,Cocaine Anonymous,0,1,0
Recovery At The Rock,55.9443909,-4.5688263,Wednesday,20:00,Cocaine Anonymous,0,1,0
Recovery Rocks,55.752266,-3.356106,Thursday,19:00,Cocaine Anonymous,0,1,0
Renfrew Sundays,55.875096,-4.392393,Sunday,19:00,Cocaine Anonymous,0,1,0
Step Into Saturday,56.39671,-3.435903,Saturday,12:15,Cocaine Anonymous,0,1,0
Stirling Mondays: There Is A Solution,56.131126,-3.957099,Monday,19:30,Cocaine Anonymous,0,1,0
TGI Friday,55.921759,-3.135938,Friday,19:30,Cocaine Anonymous,0,1,0
The 3 Legacies,55.973169,-3.164655,Tuesday,18:00,Cocaine Anonymous,0,1,0
The Monday Club,55.872721,-4.049838,Monday,19:30,Cocaine Anonymous,0,1,0
There Is A Solution,55.93286,-3.129159,Monday,19:30,Cocaine Anonymous,0,1,0
We Can Recover,55.826286,-3.221111,Saturday,10:45,Cocaine Anonymous,0,1,0
Welcome To Cocaine Anonymous (Falkirk),55.9444722,-3.7918652,Thursday,20:00,Cocaine Anonymous,0,1,0
Well Wednesdays,55.858166,-4.216246,Wednesday,12:30,Cocaine Anonymous,0,1,0
West Fife Wednesday,56.0865555,-3.5168795,Wednesday,19:30,Cocaine Anonymous,0,1,0
Women For Women,55.8690054,-3.1022329,Monday,20:00,Cocaine Anonymous,0,1,0
Drongan,55.480604,-4.547614,Saturday,19:30,Cocaine Anonymous,0,1,0
Progress Ayr Friday Night,55.4740869,-4.6109117,Friday,19:30,Cocaine Anonymous,0,1,0
"Stepping Into The Light, Big Book Study",55.449297,-4.612809,Monday,11:00,Cocaine Anonymous,0,1,0
We Can Recover,55.471191,-4.61209,Wednesday,19:30,Cocaine Anonymous,0,1,0
Keep The Ball On The Deck,55.610066,-2.802619,Monday,19:00,Cocaine Anonymous,0,1,0
Quaker House (Kelso),55.5986072,-2.4318277,Thursday,19:30,Cocaine Anonymous,0,1,0
Rule 62,55.894824,-3.069316,Sunday,19:00,Cocaine Anonymous,0,1,0
Clydebank Monday Night Magic,55.908263,-4.406548,Monday,20:00,Cocaine Anonymous,0,1,0
Radnor Park Newcomers Meeting,55.908263,-4.406548,Tuesday,19:30,Cocaine Anonymous,0,1,0
Wednesday Awakening - Big Book Study,55.908263,-4.406548,Wednesday,13:00,Cocaine Anonymous,0,1,0
Women's C.A. Meeting,55.908263,-4.406548,Thursday,12:30,Cocaine Anonymous,0,1,0
Helensburgh Big Book Group,56.00265,-4.724322,Saturday,18:00,Cocaine Anonymous,0,1,0
Carry The Message - Big Book Study,55.931409,-3.265056,Thursday,19:30,Cocaine Anonymous,0,1,0
Hope Has An Address,55.933588,-3.26111,Monday,19:00,Cocaine Anonymous,0,1,0
Live & Kicking,55.931409,-3.265056,Tuesday,19:00,Cocaine Anonymous,0,1,0
Kirkcaldy C.A.,56.112015,-3.158458,Friday,19:30,Cocaine Anonymous,0,1,0
Kirkcaldy Town,56.111717,-3.16303,Thursday,17:30,Cocaine Anonymous,0,1,0
Leven Wednesday,56.203766,-3.005733,Wednesday,17:30,Cocaine Anonymous,0,1,0
Lochgelly - Hell And Back,56.12547,-3.310721,Monday,19:30,Cocaine Anonymous,0,1,0
Cambuslang Newcomers Meeting,55.82077,-4.184855,Tuesday,13:30,Cocaine Anonymous,0,1,0
Haghill Into The Solution,55.858448,-4.204022,Tuesday,20:00,Cocaine Anonymous,0,1,0
Magic Mondays,55.829396,-4.213316,Monday,20:00,Cocaine Anonymous,0,1,0
Shettleston Tuesdays - There Is A Solution,55.8486865,-4.16829,Tuesday,20:00,Cocaine Anonymous,0,1,0
Big Book Beginner's Group,55.870771,-4.276475,Tuesday,19:00,Cocaine Anonymous,0,1,0
Farsi Speaking C.A. Meeting,55.881094,-4.254054,Tuesday,19:00,Cocaine Anonymous,0,1,0
Freedom From The Bondage Of Self,55.884913,-4.283044,Wednesday,19:15,Cocaine Anonymous,0,1,0
On The Path,55.881094,-4.254054,Wednesday,14:00,Cocaine Anonymous,0,1,0
Wednesday Night Newcomers,55.874,-4.33749,Wednesday,19:00,Cocaine Anonymous,0,1,0
Southside Tuesday Big Book Study,55.816038,-4.264291,Tuesday,19:30,Cocaine Anonymous,0,1,0
Greenock Friday,55.945826,-4.761075,Friday,19:30,Cocaine Anonymous,0,1,0
Greenock Tuesdays,55.945826,-4.761075,Tuesday,19:45,Cocaine Anonymous,0,1,0
East Kilbride Into Action,55.765652,-4.172878,Tuesday,19:30,Cocaine Anonymous,0,1,0
East Kilbride Wednesday Night,55.765652,-4.172878,Wednesday,19:30,Cocaine Anonymous,0,1,0
EK Monday Night Beginners Big Book Discussion,55.763714,-4.15147,Monday,19:00,Cocaine Anonymous,0,1,0
EK Saturday Morning,55.765652,-4.172878,Saturday,10:30,Cocaine Anonymous,0,1,0
Hamilton Thursdays,55.78182,-4.058589,Thursday,19:30,Cocaine Anonymous,0,1,0
Keep It Simple,55.772244,-3.965256,Tuesday,12:00,Cocaine Anonymous,0,1,0
Keep The Faith,55.818742,-4.021793,Thursday,19:00,Cocaine Anonymous,0,1,0
Motherwell Mondays,55.772244,-3.965256,Monday,11:00,Cocaine Anonymous,0,1,0
New Beginnings,55.778498,-3.954585,Tuesday,20:00,Cocaine Anonymous,0,1,0
Step By Step Sundays,55.763714,-4.15147,Sunday,19:30,Cocaine Anonymous,0,1,0
Stonehouse Spiritual Solution,55.697727,-3.987405,Sunday,19:30,Cocaine Anonymous,0,1,0
Welcome Home Mondays,55.764185,-4.057846,Monday,18:00,Cocaine Anonymous,0,1,0
Wishaw Saturday Night,55.771625,-3.919134,Saturday,20:00,Cocaine Anonymous,0,1,0
Airdrie Cocaine Anonymous Meeting,55.867058,-3.973512,Wednesday,19:30,Cocaine Anonymous,0,1,0
Coatbridge Friday Feeling,55.848483,-4.032272,Friday,20:00,Cocaine Anonymous,0,1,0
Coatbridge Sundays,55.858421,-4.035854,Sunday,20:00,Cocaine Anonymous,0,1,0
Coatbridge Tuesday,55.848483,-4.032272,Tuesday,20:00,Cocaine Anonymous,0,1,0
"Step Into The Light, Step Group",55.867058,-3.973512,Saturday,10:00,Cocaine Anonymous,0,1,0
Irvine Mondays,55.6188429,-4.6766226,Monday,19:30,Cocaine Anonymous,0,1,0
Newcomers Meeting,55.609698,-4.499527,Thursday,19:30,Cocaine Anonymous,0,1,0
Prayer & Meditation,55.6154632,-4.5901584,Thursday,19:30,Cocaine Anonymous,0,1,0
Safe And Protected,55.637577,-4.788971,Wednesday,19:30,Cocaine Anonymous,0,1,0
Serene Sunday Big Book Study,55.609749,-4.664726,Sunday,13:30,Cocaine Anonymous,0,1,0
Springside On Sunday!,55.6154632,-4.5901584,Sunday,19:30,Cocaine Anonymous,0,1,0
Steps To Freedom,55.618221,-4.478183,Friday,19:30,Cocaine Anonymous,0,1,0
Stronger Together,55.624682,-4.495608,Tuesday,19:30,Cocaine Anonymous,0,1,0
T-Total Tuesdays,55.632946,-4.751236,Tuesday,12:00,Cocaine Anonymous,0,1,0
The Lift Is Broken (Take The Steps),55.609749,-4.664726,Tuesday,20:00,Cocaine Anonymous,0,1,0
The Solution,55.6549311,-4.4540814,Wednesday,19:30,Cocaine Anonymous,0,1,0
The Steps We Took,55.616152,-4.670799,Saturday,19:30,Cocaine Anonymous,0,1,0
Linwood Newcomers Meeting,55.8487366,-4.5153006,Tuesday,19:30,Cocaine Anonymous,0,1,0
Paisley Power,55.856059,-4.405666,Monday,19:00,Cocaine Anonymous,0,1,0
Saturday Kitchen,55.849182,-4.453474,Saturday,10:30,Cocaine Anonymous,0,1,0
TGI Friday Paisley CA,55.8489335,-4.4013781,Friday,19:30,Cocaine Anonymous,0,1,0
Blackburn Wednesdays,55.8476676,-3.6754607,Wednesday,19:30,Cocaine Anonymous,0,1,0
Fauldhouse CA Sunday Spirit,55.8476676,-3.6754607,Sunday,20:00,Cocaine Anonymous,0,1,0
Livingston Happy Mondays,55.901802,-3.545983,Monday,19:30,Cocaine Anonymous,0,1,0
"Aberystwyth, Take A Chance Meeting Of Cocaine Anonymous",52.400818,-4.071947,Thursday,19:00,Cocaine Anonymous,0,1,0
Step Meeting,51.486649,-3.159824,Tuesday,19:00,Cocaine Anonymous,0,1,0
Step Share Meeting,51.486649,-3.159824,Saturday,19:00,Cocaine Anonymous,0,1,0
Steps And Principles Meeting,51.582249,-3.00281,Monday,19:30,Cocaine Anonymous,0,1,0
CA Wales LGBT Plus Meeting,51.484098,-3.17311,Friday,18:15,Cocaine Anonymous,0,1,0
Spirit Of Freedom,51.472395,-3.189546,Thursday,19:00,Cocaine Anonymous,0,1,0
CA Wrexham,53.047691,-3.003831,Tuesday,19:00,Cocaine Anonymous,0,1,0
"Hope, Faith &Amp; Courage Meeting",53.296218,-3.73626,Saturday,17:30,Cocaine Anonymous,0,1,0
Rhyl Big Book Study,53.31433,-3.494128,Monday,19:00,Cocaine Anonymous,0,1,0
Bangor Big Book Study,53.230129,-4.112169,Wednesday,18:00,Cocaine Anonymous,0,1,0
Bangor Newcomers Meeting,53.228043,-4.123812,Tuesday,19:00,Cocaine Anonymous,0,1,0
Blaenau Ffestiniog Big Book Study,52.994454,-3.935333,Tuesday,18:00,Cocaine Anonymous,0,1,0
Caernarfon Big Book Study        Astudiaeth Llyfr Mawr Caernarfon,53.136403,-4.270812,Friday,18:00,Cocaine Anonymous,0,1,0
Merthyr Tydfil Big Book,51.749016,-3.37737,Monday,19:45,Cocaine Anonymous,0,1,0
A New Beginning/Dechreuad Newydd,51.606074,-3.821893,Wednesday,19:00,Cocaine Anonymous,0,1,0
Big Book Meeting/Cyfarfod Big Book,51.61797,-3.974854,Tuesday,20:00,Cocaine Anonymous,0,1,0
Big Book Study,51.650283,-3.956212,Monday,11:15,Cocaine Anonymous,0,1,0
Cocaine Anonymous,51.650283,-3.956212,Saturday,10:00,Cocaine Anonymous,0,1,0
Swansea 12 Steps &Amp; 12 Traditions Meeting,51.633033,-3.968707,Thursday,11:00,Cocaine Anonymous,0,1,0
Swansea Big Book Meeting,51.633033,-3.968707,Tuesday,11:00,Cocaine Anonymous,0,1,0
Monmouth Big Book Meeting,51.813763,-2.712494,Friday,19:00,Cocaine Anonymous,0,1,0
Big Book,52.083483,-4.658882,Thursday,18:00,Cocaine Anonymous,0,1,0
A New Way,51.111798,-2.452746,Thursday,18:30,Narcotics Anonymous,0,0,1
A Vision Of Hope Women’S,50.367774,-4.142855,Saturday,10:30,Narcotics Anonymous,0,0,1
After 8S ( Living In The Solution),51.408406,-0.024145,Sunday,19:00,Narcotics Anonymous,0,0,1
Alive Again,51.383008,-0.402589,Friday,19:30,Narcotics Anonymous,0,0,1
Andover NA,51.207208,-1.481315,Wednesday,19:00,Narcotics Anonymous,0,0,1
Aramesh,51.516463,-0.303306,Monday,19:30,Narcotics Anonymous,0,0,1
Basic Text Step Study Meeting,54.286222,-0.397973,Tuesday,19:00,Narcotics Anonymous,0,0,1
Bideford Wednesday Night,51.017921,-4.206073,Wednesday,19:00,Narcotics Anonymous,0,0,1
Blyth Newcomers,55.126807,-1.503107,Tuesday,19:30,Narcotics Anonymous,0,0,1
Brackley Newcomers,52.046819,-1.149358,Friday,19:45,Narcotics Anonymous,0,0,1
Branksome Sunday Night Meeting,50.72786,-1.905376,Sunday,19:15,Narcotics Anonymous,0,0,1
Bude - Just For Today,50.829123,-4.546429,Saturday,19:00,Narcotics Anonymous,0,0,1
Burnt Oak - Just For Today Group,51.602759,-0.26015,Thursday,19:00,Narcotics Anonymous,0,0,1
Buxton,53.254204,-1.913986,Wednesday,19:00,Narcotics Anonymous,0,0,1
Change In Charlton,51.492421,0.044314,Thursday,19:30,Narcotics Anonymous,0,0,1
Chelsea Step 123,51.481318,-0.178465,Friday,19:00,Narcotics Anonymous,0,0,1
City Lunchtime Meeting,51.511193,-0.071105,Thursday,13:00,Narcotics Anonymous,0,0,1
City Monday - Just For Today,51.513356,-0.078438,Monday,13:00,Narcotics Anonymous,0,0,1
Clean In Cliftonville,51.389151,1.395338,Wednesday,19:00,Narcotics Anonymous,0,0,1
Colchester Monday,51.916473,0.921899,Monday,19:30,Narcotics Anonymous,0,0,1
Daventry Just For Today,52.256812,-1.162109,Thursday,19:30,Narcotics Anonymous,0,0,1
Didcot Stick And Share,51.5713463,-1.2621212,Monday,19:30,Narcotics Anonymous,0,0,1
Doncaster NA - Clean Around The Campfire,53.545471,-1.14674,Wednesday,19:00,Narcotics Anonymous,0,0,1
Dorridge Sunday,52.373546,-1.756629,Sunday,18:30,Narcotics Anonymous,0,0,1
Eastbourne Saturday,50.768325,0.289238,Saturday,18:00,Narcotics Anonymous,0,0,1
Eastbourne Tuesday,50.768325,0.289238,Tuesday,19:00,Narcotics Anonymous,0,0,1
Easy Does It,54.715753,-3.498087,Saturday,19:00,Narcotics Anonymous,0,0,1
Easy Does It On The Hill,51.563514,-0.355327,Wednesday,20:00,Narcotics Anonymous,0,0,1
Edenbridge Recovery Warriors,51.197216,0.064425,Monday,19:00,Narcotics Anonymous,0,0,1
Ellesmere Port Group,53.278858,-2.901932,Wednesday,19:30,Narcotics Anonymous,0,0,1
"Experience, Strength And Hope",54.837163,-1.335794,Wednesday,10:30,Narcotics Anonymous,0,0,1
Faith In The City (Meditation Meeting),51.513919,-0.074477,Friday,18:00,Narcotics Anonymous,0,0,1
FARSI Kingsbury Group,51.567565,-0.262056,Wednesday,19:30,Narcotics Anonymous,0,0,1
Feel Good Friday's In Tamworth,52.624522,-1.661473,Friday,19:00,Narcotics Anonymous,0,0,1
Freedom Fridays (I Can’T We Can ),52.757002,-1.939651,Friday,11:00,Narcotics Anonymous,0,0,1
Friday Feelings,51.622245,-0.28745,Friday,11:00,Narcotics Anonymous,0,0,1
Friday Fix,50.965944,-1.35247,Friday,19:00,Narcotics Anonymous,0,0,1
Friday Freedom,50.83888,0.472671,Friday,19:15,Narcotics Anonymous,0,0,1
Friday Solution Meeting Group,50.366208,-4.161626,Friday,19:00,Narcotics Anonymous,0,0,1
Gainsborough NA,53.392154,-0.771923,Monday,19:00,Narcotics Anonymous,0,0,1
Grimsby NA,53.569258,-0.07112,Tuesday,19:00,Narcotics Anonymous,0,0,1
Guiding Principles,52.477931,-1.727234,Thursday,19:30,Narcotics Anonymous,0,0,1
Halesowen A New Hope Group,52.448709,-2.047799,Tuesday,19:30,Narcotics Anonymous,0,0,1
Hamworthy Poole Meeting,50.718159,-2.00837,Wednesday,19:30,Narcotics Anonymous,0,0,1
Happy Mondays,54.908248,-1.374898,Monday,18:00,Narcotics Anonymous,0,0,1
HAPPY MONDAYS,52.543199,-1.879046,Monday,19:00,Narcotics Anonymous,0,0,1
Hastings Living Clean,50.858912,0.593325,Monday,19:00,Narcotics Anonymous,0,0,1
High Barnet Meditation Meeting,51.653312,-0.204831,Sunday,17:30,Narcotics Anonymous,0,0,1
Hope In Harrow,51.563514,-0.355327,Monday,20:00,Narcotics Anonymous,0,0,1
Hope In Hartcliffe,51.40767,-2.597984,Wednesday,20:00,Narcotics Anonymous,0,0,1
Horley Men’S Meeting,51.175925,-0.173431,Tuesday,19:45,Narcotics Anonymous,0,0,1
I Can't We Can,52.481151,-0.922196,Tuesday,19:30,Narcotics Anonymous,0,0,1
I Do Like Mondays,52.30546,-1.932263,Monday,19:30,Narcotics Anonymous,0,0,1
It’S In The Hands Of Our Higher Power,51.545218,0.151388,Wednesday,19:30,Narcotics Anonymous,0,0,1
JFT,50.370633,-4.154359,Monday,18:00,Narcotics Anonymous,0,0,1
Just For Today,50.721304,-1.793137,Friday,17:00,Narcotics Anonymous,0,0,1
Just For Today,51.385811,1.382713,Monday,13:00,Narcotics Anonymous,0,0,1
Just For Today,51.360954,1.442375,Thursday,19:30,Narcotics Anonymous,0,0,1
Just For Today,54.286222,-0.397973,Monday,17:45,Narcotics Anonymous,0,0,1
Just For Today,52.060139,-1.339541,Wednesday,19:30,Narcotics Anonymous,0,0,1
Just For Today Reading,51.438732,0.369213,Wednesday,19:30,Narcotics Anonymous,0,0,1
Kensal Rise 'On The Rise',51.533799,-0.227099,Monday,19:00,Narcotics Anonymous,0,0,1
King's Lynn NA Group,52.757889,0.401812,Wednesday,18:30,Narcotics Anonymous,0,0,1
Kingsbury Farsi-Speaking Meeting,51.567565,-0.262056,Saturday,19:30,Narcotics Anonymous,0,0,1
Knightsbridge Men's,51.501335,-0.157092,Monday,18:30,Narcotics Anonymous,0,0,1
LA Does NA,50.809923,-0.543474,Saturday,17:00,Narcotics Anonymous,0,0,1
Literature Meeting,51.286974,-2.480651,Wednesday,19:15,Narcotics Anonymous,0,0,1
Live @ 5.30,51.52131,-0.213093,Wednesday,17:30,Narcotics Anonymous,0,0,1
Living Clean,51.467241,-0.190303,Wednesday,19:15,Narcotics Anonymous,0,0,1
Living Clean,49.1857482,-2.1020187,Friday,18:00,Narcotics Anonymous,0,0,1
Living Clean Sandgate,51.073638,1.146395,Wednesday,19:00,Narcotics Anonymous,0,0,1
Lowestoft NA,52.477723,1.754392,Tuesday,19:00,Narcotics Anonymous,0,0,1
Lowestoft NA,52.477723,1.754392,Friday,19:30,Narcotics Anonymous,0,0,1
Lowestoft NA,52.477723,1.754392,Saturday,12:00,Narcotics Anonymous,0,0,1
Margate Womens Group,51.389151,1.395338,Thursday,17:00,Narcotics Anonymous,0,0,1
Maxstoke NA Meeting,52.479689,-1.654096,Thursday,19:00,Narcotics Anonymous,0,0,1
Mellow Monday,50.607993,-2.451308,Monday,19:00,Narcotics Anonymous,0,0,1
Men's Step A Month Thursday Night Meeting,51.283605,-0.842123,Thursday,18:45,Narcotics Anonymous,0,0,1
Monday Miracles,51.622245,-0.28745,Monday,13:00,Narcotics Anonymous,0,0,1
NA In LA,50.809923,-0.543474,Saturday,17:00,Narcotics Anonymous,0,0,1
NA Queer To Stay,51.508264,-0.102027,Wednesday,19:00,Narcotics Anonymous,0,0,1
NA Thursday Night World's End,51.481318,-0.178465,Thursday,18:30,Narcotics Anonymous,0,0,1
Namastay London Nepali Speaking Meeting Of Narcotics Anonymous,51.492421,0.044314,Monday,17:15,Narcotics Anonymous,0,0,1
New Beginnings,54.286222,-0.397973,Friday,18:30,Narcotics Anonymous,0,0,1
New Freedom,51.481318,-0.178465,Tuesday,13:00,Narcotics Anonymous,0,0,1
New Milton Newcomers Meeting,50.748754,-1.666949,Wednesday,19:15,Narcotics Anonymous,0,0,1
New Way To Live,53.584444,-0.64323,Thursday,19:30,Narcotics Anonymous,0,0,1
Newcomers Meeting,51.481318,-0.178465,Monday,18:15,Narcotics Anonymous,0,0,1
Not High Noon,51.383642,1.384608,Saturday,12:30,Narcotics Anonymous,0,0,1
Our Primary Purpose,51.880929,0.365848,Monday,19:30,Narcotics Anonymous,0,0,1
Payam'e Omid,51.516463,-0.303306,Thursday,19:30,Narcotics Anonymous,0,0,1
Principles Not Personalities,51.513437,-0.079545,Tuesday,18:30,Narcotics Anonymous,0,0,1
Recovery By The Sea,51.831023,1.245857,Friday,19:00,Narcotics Anonymous,0,0,1
Salem Mill NA Hebden Bridge,53.741001,-2.015988,Saturday,18:00,Narcotics Anonymous,0,0,1
Salisbury Meeting,51.068999,-1.798819,Thursday,19:45,Narcotics Anonymous,0,0,1
Saturdays Basic Text Meeting,54.839066,-1.34372,Saturday,18:00,Narcotics Anonymous,0,0,1
Seaham Meeting,54.837697,-1.338014,Thursday,18:30,Narcotics Anonymous,0,0,1
Serenity Sunday,51.350021,-2.976442,Sunday,18:00,Narcotics Anonymous,0,0,1
Sevenoaks Wednesday,51.277925,0.178765,Wednesday,19:30,Narcotics Anonymous,0,0,1
Share Meeting,52.038163,0.727599,Saturday,18:00,Narcotics Anonymous,0,0,1
Speaker,51.083592,1.183855,Sunday,19:00,Narcotics Anonymous,0,0,1
Spelman Street Solution,51.518578,-0.06895,Tuesday,18:30,Narcotics Anonymous,0,0,1
Spiritual Mondays,51.650013,-0.046844,Monday,20:00,Narcotics Anonymous,0,0,1
"St Charles, Live @ 5.30",51.52131,-0.213093,Wednesday,17:30,Narcotics Anonymous,0,0,1
Stanley Serenity Meeting,54.873324,-1.696424,Monday,18:00,Narcotics Anonymous,0,0,1
Stars On Sunday,51.299774,0.308969,Sunday,19:00,Narcotics Anonymous,0,0,1
Step & Share,51.352874,-2.977177,Friday,19:30,Narcotics Anonymous,0,0,1
Step & Tradition,51.040248,-2.276935,Monday,19:30,Narcotics Anonymous,0,0,1
Step & Tradition,49.1859423,-2.1087473,Wednesday,18:00,Narcotics Anonymous,0,0,1
Step & Tradition Meeting Salisbury Saturday,51.068999,-1.798819,Saturday,18:00,Narcotics Anonymous,0,0,1
Stonegrove Edgware In The Evening,51.622245,-0.28745,Tuesday,19:30,Narcotics Anonymous,0,0,1
Sunburys Sunday Steps,51.412445,-0.418215,Sunday,18:00,Narcotics Anonymous,0,0,1
Sunday Night Delgarno Way,51.524306,-0.223254,Sunday,19:00,Narcotics Anonymous,0,0,1
Sunday Night Weymouth,50.611674,-2.455286,Sunday,19:00,Narcotics Anonymous,0,0,1
Sunday Serenity,52.678599,-1.825781,Sunday,11:00,Narcotics Anonymous,0,0,1
Tamworth NA,52.635138,-1.69777,Wednesday,19:30,Narcotics Anonymous,0,0,1
TGI Friday,50.608243,-2.454122,Friday,19:30,Narcotics Anonymous,0,0,1
The Basic Principles Of Waterloo,51.505696,-0.105073,Saturday,11:45,Narcotics Anonymous,0,0,1
The Greatest Gift,50.367774,-4.142855,Wednesday,19:00,Narcotics Anonymous,0,0,1
The Mid Weeker,50.941371,-2.628431,Wednesday,19:15,Narcotics Anonymous,0,0,1
The Nightmare Is Over,50.608977,-1.957996,Thursday,19:30,Narcotics Anonymous,0,0,1
The Storehouse Meeting,53.150041,0.346101,Tuesday,19:00,Narcotics Anonymous,0,0,1
The Ultimate Weapon,50.719883,-1.875248,Saturday,19:30,Narcotics Anonymous,0,0,1
Todmorden Wednesday,53.714087,-2.097842,Wednesday,19:00,Narcotics Anonymous,0,0,1
Tożsamość,51.516463,-0.303306,Friday,20:00,Narcotics Anonymous,0,0,1
Trafalgar Square Speaker,51.509234,-0.126136,Friday,19:00,Narcotics Anonymous,0,0,1
Tuesday Morning City,51.513207,-0.079321,Tuesday,08:00,Narcotics Anonymous,0,0,1
Uplyme Monday Evening,50.7364,-2.958869,Monday,17:45,Narcotics Anonymous,0,0,1
Uxbridge Quaker Church (MAC),51.5479,-0.477494,Wednesday,19:30,Narcotics Anonymous,0,0,1
Warrior Women,51.35059,-2.974308,Tuesday,19:00,Narcotics Anonymous,0,0,1
Warrior Women Of NA,54.841547,-1.362211,Wednesday,18:00,Narcotics Anonymous,0,0,1
We Do Recover,53.584444,-0.64323,Monday,19:30,Narcotics Anonymous,0,0,1
Wednesday City Lunchtime Meeting,51.513356,-0.078438,Wednesday,13:00,Narcotics Anonymous,0,0,1
Wednesday It Works,53.569258,-0.07112,Wednesday,19:00,Narcotics Anonymous,0,0,1
Westminster Meditation Meeting,51.497294,-0.129651,Tuesday,18:30,Narcotics Anonymous,0,0,1
Wholesome Wednesdays,52.30546,-1.932263,Wednesday,19:15,Narcotics Anonymous,0,0,1
Wobbly Wednesday,50.608243,-2.454122,Wednesday,19:30,Narcotics Anonymous,0,0,1
Working It Wednesday,51.412445,-0.418215,Wednesday,19:30,Narcotics Anonymous,0,0,1
Workington NA,54.630847,-3.560697,Tuesday,19:00,Narcotics Anonymous,0,0,1
"""We Do Recover""",52.45122,-1.820351,Monday,19:30,Narcotics Anonymous,0,0,1
All Inclusive Meeting,52.467102,-1.906274,Wednesday,19:00,Narcotics Anonymous,0,0,1
All Inclusive Meeting,52.47472,-1.899677,Friday,19:00,Narcotics Anonymous,0,0,1
Brothers And Sisters In Arms,52.460529,-1.819292,Tuesday,19:30,Narcotics Anonymous,0,0,1
Business As Usual,52.481919,-1.78379,Thursday,19:00,Narcotics Anonymous,0,0,1
Droitwich Friday Night Meeting,52.261834,-2.152846,Friday,19:00,Narcotics Anonymous,0,0,1
Freedom Thursday,52.470231,-1.866041,Thursday,19:30,Narcotics Anonymous,0,0,1
Friendly Friday,52.520672,-1.842705,Friday,19:30,Narcotics Anonymous,0,0,1
Harborne Old Skool,52.456994,-1.955395,Wednesday,19:30,Narcotics Anonymous,0,0,1
Harborne Women's,52.456994,-1.955395,Thursday,19:30,Narcotics Anonymous,0,0,1
Hope In The Trenches,52.500892,-1.769621,Wednesday,19:30,Narcotics Anonymous,0,0,1
Kings Heath - Birmingham,52.435797,-1.89291,Saturday,19:00,Narcotics Anonymous,0,0,1
Mission Monday,52.473639,-1.945043,Monday,19:30,Narcotics Anonymous,0,0,1
Rahaei Birmingham,52.470231,-1.866041,Sunday,17:00,Narcotics Anonymous,0,0,1
Saturday Night Survival,52.450175,-1.791265,Saturday,18:00,Narcotics Anonymous,0,0,1
Serene On The Green,52.45122,-1.820351,Saturday,12:00,Narcotics Anonymous,0,0,1
Serenity,52.481919,-1.78379,Tuesday,19:00,Narcotics Anonymous,0,0,1
Serenity On A Sunday Morning,52.447087,-1.888401,Sunday,11:00,Narcotics Anonymous,0,0,1
Serenity Sundays,52.391276,-2.003174,Sunday,18:00,Narcotics Anonymous,0,0,1
Solihull,52.413698,-1.78105,Friday,19:30,Narcotics Anonymous,0,0,1
Step In The Right Direction,52.460529,-1.819292,Sunday,19:00,Narcotics Anonymous,0,0,1
Sunday Night Survivors,52.563825,-1.824317,Sunday,19:00,Narcotics Anonymous,0,0,1
Thank God Its Northfield On Fridays,52.421954,-1.98248,Friday,19:30,Narcotics Anonymous,0,0,1
The Spirit Of Recovery,52.443723,-1.822994,Friday,19:00,Narcotics Anonymous,0,0,1
Together We Can,52.413698,-1.78105,Tuesday,19:30,Narcotics Anonymous,0,0,1
Treasure Tuesdays,52.323366,-2.069319,Tuesday,19:00,Narcotics Anonymous,0,0,1
Widney Manor Tuesdays,52.390958,-1.767754,Tuesday,19:00,Narcotics Anonymous,0,0,1
Willingness Wednesdays,52.470231,-1.866041,Wednesday,19:30,Narcotics Anonymous,0,0,1
Candlelit,52.595781,-2.097666,Friday,19:30,Narcotics Anonymous,0,0,1
Cannock NA,52.688971,-2.029694,Thursday,19:30,Narcotics Anonymous,0,0,1
Friday Freedom,52.460915,-2.116029,Friday,12:30,Narcotics Anonymous,0,0,1
Friday Friends In Recovery,52.458812,-2.150467,Friday,19:00,Narcotics Anonymous,0,0,1
Happy Mondays In The Bungalow,52.697825,-2.03189,Monday,19:00,Narcotics Anonymous,0,0,1
Just For Today,52.51148,-2.080864,Sunday,09:30,Narcotics Anonymous,0,0,1
Just For Today,52.51148,-2.080864,Sunday,18:30,Narcotics Anonymous,0,0,1
Just For Today,52.508857,-2.087263,Saturday,16:00,Narcotics Anonymous,0,0,1
Men's NA Living Clean Meeting,52.508857,-2.087263,Wednesday,19:30,Narcotics Anonymous,0,0,1
Monday's NA Message,52.584343,-1.986172,Monday,19:30,Narcotics Anonymous,0,0,1
Never Alone Never Again,52.682171,-1.827571,Tuesday,19:00,Narcotics Anonymous,0,0,1
Saturday Night Surrender,52.682171,-1.827571,Saturday,18:00,Narcotics Anonymous,0,0,1
Saturday Women's,52.463532,-2.115138,Saturday,11:00,Narcotics Anonymous,0,0,1
Spiritual Sisters,52.595781,-2.097666,Wednesday,19:30,Narcotics Anonymous,0,0,1
Sundays Are For Sharing,52.616131,-2.005525,Sunday,18:00,Narcotics Anonymous,0,0,1
Survivors Sundays,52.390389,-2.250655,Sunday,18:30,Narcotics Anonymous,0,0,1
The War Is Over,52.581384,-1.977805,Thursday,19:30,Narcotics Anonymous,0,0,1
Thursday Lye,52.463532,-2.115138,Thursday,19:00,Narcotics Anonymous,0,0,1
Truth In Lye,52.463532,-2.115138,Monday,18:30,Narcotics Anonymous,0,0,1
Wolverhampton E.S.H Shares,52.595781,-2.097666,Tuesday,19:30,Narcotics Anonymous,0,0,1
Wolverhampton Saturday Night,52.582191,-2.125727,Saturday,18:30,Narcotics Anonymous,0,0,1
Basic Text Study Group,53.810671,-3.045941,Wednesday,19:30,Narcotics Anonymous,0,0,1
Blackpool Tuesday Night It Works,53.78512,-3.033133,Tuesday,19:00,Narcotics Anonymous,0,0,1
Friday Evening St Annes Meeting,53.757471,-3.025504,Friday,19:30,Narcotics Anonymous,0,0,1
Monday Night 'There Is A Solution',53.750506,-3.025731,Monday,19:30,Narcotics Anonymous,0,0,1
Newcomers,53.785869,-3.033789,Saturday,10:30,Narcotics Anonymous,0,0,1
Phoenix From The Flames,53.810671,-3.045941,Sunday,18:30,Narcotics Anonymous,0,0,1
Basic Text Audio,50.729411,-1.829571,Thursday,18:30,Narcotics Anonymous,0,0,1
Beaufort Road - Friday Step And Strength And Hope,50.734205,-1.806995,Friday,19:30,Narcotics Anonymous,0,0,1
Candlelit Meeting,50.750348,-1.873579,Thursday,19:30,Narcotics Anonymous,0,0,1
Christchurch,50.737572,-1.778696,Tuesday,19:00,Narcotics Anonymous,0,0,1
Friday Night Westbourne,50.722335,-1.900712,Friday,19:30,Narcotics Anonymous,0,0,1
Hope At Kings Park,50.733399,-1.838569,Thursday,14:00,Narcotics Anonymous,0,0,1
Illness In Recovery,50.728124,-1.816725,Thursday,10:45,Narcotics Anonymous,0,0,1
Just For Today Kings Park,50.733399,-1.838569,Monday,12:30,Narcotics Anonymous,0,0,1
Just For Today Newcomers,50.729771,-1.843971,Saturday,14:30,Narcotics Anonymous,0,0,1
Kings Park Newcomers Meeting,50.733399,-1.838569,Wednesday,10:30,Narcotics Anonymous,0,0,1
LGBTQ+ Friends & Allies,50.725394,-1.866081,Wednesday,19:30,Narcotics Anonymous,0,0,1
NA Kings Park Cafe Friday Lunch Time,50.733399,-1.838569,Friday,12:15,Narcotics Anonymous,0,0,1
Newcomers,50.721842,-1.874761,Tuesday,19:30,Narcotics Anonymous,0,0,1
Night Owls,50.729771,-1.843971,Wednesday,21:30,Narcotics Anonymous,0,0,1
Open To All,50.731159,-1.838081,Wednesday,19:30,Narcotics Anonymous,0,0,1
Reading/Share,50.734205,-1.806995,Tuesday,19:30,Narcotics Anonymous,0,0,1
Step Meeting,50.728124,-1.816725,Monday,19:30,Narcotics Anonymous,0,0,1
Sunshine Meeting,50.731159,-1.838081,Sunday,10:30,Narcotics Anonymous,0,0,1
The One And One,50.730803,-1.828334,Sunday,19:30,Narcotics Anonymous,0,0,1
West Cliff Meeting,50.722335,-1.900712,Tuesday,12:30,Narcotics Anonymous,0,0,1
Westcliff Baptist Church,50.722335,-1.900712,Saturday,18:00,Narcotics Anonymous,0,0,1
Women's Meeting,50.728124,-1.816725,Saturday,10:30,Narcotics Anonymous,0,0,1
Basic Text Study Group Meeting,50.825008,-0.143427,Monday,19:30,Narcotics Anonymous,0,0,1
Bright’N Shiny,50.822545,-0.141565,Saturday,10:00,Narcotics Anonymous,0,0,1
Brighthelm Meeting,50.825952,-0.14055,Wednesday,12:30,Narcotics Anonymous,0,0,1
Brighton Womens Meeting,50.818723,-0.121586,Wednesday,18:30,Narcotics Anonymous,0,0,1
Early Risers,50.825952,-0.14055,Sunday,10:45,Narcotics Anonymous,0,0,1
Hanover Friday - Spiritual Principles,50.828861,-0.129599,Friday,18:00,Narcotics Anonymous,0,0,1
Hanover SATURDAY,50.828861,-0.129599,Saturday,19:30,Narcotics Anonymous,0,0,1
"Lesbian, Gay, Bi-Sexual Transgender Meeting",50.821333,-0.134046,Tuesday,18:30,Narcotics Anonymous,0,0,1
Monday Just For Today,50.830907,-0.173028,Monday,19:30,Narcotics Anonymous,0,0,1
Queer Connection,50.820361,-0.129272,Friday,18:30,Narcotics Anonymous,0,0,1
Recovery Hub,50.83035,-0.134737,Tuesday,19:30,Narcotics Anonymous,0,0,1
South Portslade,50.832265,-0.213633,Thursday,17:30,Narcotics Anonymous,0,0,1
Step Meeting,50.831232,-0.166001,Sunday,17:30,Narcotics Anonymous,0,0,1
Alternate ESH/STEP Meeting,51.454473,-2.595575,Wednesday,18:30,Narcotics Anonymous,0,0,1
Bristol LGBT+,51.452635,-2.572899,Friday,20:00,Narcotics Anonymous,0,0,1
Gratitude,51.540578,-2.42126,Monday,19:00,Narcotics Anonymous,0,0,1
Just For Today Meeting,51.479171,-2.589171,Tuesday,18:30,Narcotics Anonymous,0,0,1
Keep It In The Day,51.457547,-2.572685,Tuesday,13:00,Narcotics Anonymous,0,0,1
Living Clean,51.462915,-2.514066,Thursday,19:00,Narcotics Anonymous,0,0,1
Monday Gratitude Meeting,51.540578,-2.42126,Monday,19:00,Narcotics Anonymous,0,0,1
Monday Night Newcomers Meeting,51.457547,-2.572685,Monday,19:00,Narcotics Anonymous,0,0,1
Mondays Mindful Over Madness,51.462915,-2.514066,Monday,19:00,Narcotics Anonymous,0,0,1
Newcomers,51.462619,-2.590656,Friday,20:00,Narcotics Anonymous,0,0,1
Saturday Night Survivors,51.462619,-2.590656,Saturday,19:00,Narcotics Anonymous,0,0,1
Sundays Night Steps And Traditions,51.467967,-2.572874,Sunday,19:00,Narcotics Anonymous,0,0,1
The Promise,51.462619,-2.590656,Thursday,20:00,Narcotics Anonymous,0,0,1
A Beginning To Recovery,53.381759,-2.12836,Monday,20:00,Narcotics Anonymous,0,0,1
A Clean Start,53.40998,-2.231808,Monday,20:00,Narcotics Anonymous,0,0,1
Brinnington Spiritual Cartel,53.427926,-2.135408,Sunday,19:00,Narcotics Anonymous,0,0,1
Crossroads Centre Group,53.459931,-2.206416,Friday,18:30,Narcotics Anonymous,0,0,1
Friday 6:30Pm Manchester Group,53.434138,-2.22798,Friday,18:30,Narcotics Anonymous,0,0,1
Friday Night Warrington Meeting,53.402831,-2.586628,Friday,19:30,Narcotics Anonymous,0,0,1
Hyde Meeting,53.446746,-2.076116,Sunday,16:00,Narcotics Anonymous,0,0,1
"I Can't, We Can With Sunday Serenity 🙏🏼",53.381009,-2.563658,Sunday,13:00,Narcotics Anonymous,0,0,1
Manchester Women's Meeting,53.436011,-2.226289,Thursday,18:00,Narcotics Anonymous,0,0,1
Merseybank Avenue Group,53.422555,-2.262092,Tuesday,19:00,Narcotics Anonymous,0,0,1
Newcomers Meeting,53.393971,-2.58022,Wednesday,19:30,Narcotics Anonymous,0,0,1
SPAD,53.36643,-2.327118,Saturday,13:30,Narcotics Anonymous,0,0,1
Spiritual Principle A Day,53.36643,-2.327118,Saturday,13:30,Narcotics Anonymous,0,0,1
Stay Free At The Wythenshawe Forum,53.379925,-2.265017,Thursday,18:15,Narcotics Anonymous,0,0,1
Stonemill Terrace,53.417426,-2.158635,Thursday,18:30,Narcotics Anonymous,0,0,1
THE SANCTUARY,53.413298,-2.158573,Friday,11:00,Narcotics Anonymous,0,0,1
There Is A Way - JFT,53.445083,-2.100533,Saturday,19:30,Narcotics Anonymous,0,0,1
Tiviot Dale NA,53.413298,-2.158573,Tuesday,19:00,Narcotics Anonymous,0,0,1
Warrington Thursday Night,53.413842,-2.575481,Thursday,19:00,Narcotics Anonymous,0,0,1
We Found A Solution,53.381009,-2.563658,Monday,19:00,Narcotics Anonymous,0,0,1
Womens Meeting,53.413298,-2.158573,Wednesday,19:00,Narcotics Anonymous,0,0,1
Share Meeting,53.197223,-2.888212,Tuesday,19:30,Narcotics Anonymous,0,0,1
We Do Recover,53.197236,-2.887315,Friday,19:30,Narcotics Anonymous,0,0,1
Amersham TGIF (Thank God It's Friday) MAC,51.67757,-0.606307,Friday,19:30,Narcotics Anonymous,0,0,1
Amersham. You're Never Alone,51.67757,-0.606307,Monday,19:30,Narcotics Anonymous,0,0,1
Basic Slough Study,51.502945,-0.588126,Monday,19:30,Narcotics Anonymous,0,0,1
Cippenham Newcomers,51.518247,-0.644912,Thursday,20:00,Narcotics Anonymous,0,0,1
Early Evening Meeting,51.522098,-0.711361,Tuesday,19:00,Narcotics Anonymous,0,0,1
Just For Today,51.633178,-0.760911,Sunday,11:00,Narcotics Anonymous,0,0,1
Life On Lifes Terms,51.507065,-0.594091,Saturday,19:30,Narcotics Anonymous,0,0,1
Living Clean Book Study,51.518247,-0.644912,Friday,20:00,Narcotics Anonymous,0,0,1
Old Tea At Oasis,51.633178,-0.760911,Tuesday,19:30,Narcotics Anonymous,0,0,1
Slough Sunday Spiritual Principles Book Study,51.507065,-0.594091,Sunday,19:30,Narcotics Anonymous,0,0,1
Steps 3 & 11 Meditation Meeting,51.502945,-0.588126,Tuesday,19:30,Narcotics Anonymous,0,0,1
Wednesday Teapot,51.633178,-0.760911,Wednesday,19:30,Narcotics Anonymous,0,0,1
Windsor Group,51.480895,-0.610479,Wednesday,19:30,Narcotics Anonymous,0,0,1
A New Way To Live,51.530534,-0.083638,Saturday,10:00,Narcotics Anonymous,0,0,1
Bodmin NA,50.469288,-4.733668,Friday,12:30,Narcotics Anonymous,0,0,1
Carrying The NA Message,50.412394,-5.083521,Tuesday,19:00,Narcotics Anonymous,0,0,1
Come & Go Penzance Friday Lunch NA,50.116576,-5.548041,Friday,12:00,Narcotics Anonymous,0,0,1
Freedom Fridays,50.210749,-5.298716,Friday,19:30,Narcotics Anonymous,0,0,1
Freedom In Falmouth,50.152651,-5.067199,Saturday,11:00,Narcotics Anonymous,0,0,1
Hayle Wednesday Women’S,50.186354,-5.407857,Wednesday,19:00,Narcotics Anonymous,0,0,1
Redruth Recovery,50.233975,-5.223194,Thursday,19:00,Narcotics Anonymous,0,0,1
Serenity Sunday,50.412394,-5.083521,Sunday,18:30,Narcotics Anonymous,0,0,1
St Austell Monday,50.339238,-4.780656,Monday,19:00,Narcotics Anonymous,0,0,1
Steps & Traditions,50.116857,-5.535917,Monday,19:30,Narcotics Anonymous,0,0,1
Surrender To Win NA,50.213801,-5.302396,Tuesday,19:30,Narcotics Anonymous,0,0,1
The Journey Continues,50.213801,-5.302396,Saturday,19:30,Narcotics Anonymous,0,0,1
Truro Wednesday Night,50.261521,-5.051352,Wednesday,19:00,Narcotics Anonymous,0,0,1
Coventry Thursday Night Meeting,52.414188,-1.530911,Thursday,19:30,Narcotics Anonymous,0,0,1
Into The Weekend,52.411386,-1.476031,Friday,19:30,Narcotics Anonymous,0,0,1
Just For Tuesday,52.423702,-1.562,Tuesday,19:30,Narcotics Anonymous,0,0,1
Leamington Monday Narcotics Anonymous Meeting,52.294569,-1.5469,Monday,19:30,Narcotics Anonymous,0,0,1
Leamington Wednesday Night Just For Today,52.285022,-1.530784,Wednesday,19:30,Narcotics Anonymous,0,0,1
Living Clean Warwick,52.294877,-1.571486,Saturday,19:30,Narcotics Anonymous,0,0,1
Never Alone Never Again,52.423348,-1.563666,Sunday,19:30,Narcotics Anonymous,0,0,1
Nuneaton Wednesday NA,52.522012,-1.462646,Wednesday,19:45,Narcotics Anonymous,0,0,1
Sunday Soul Sisters,52.282586,-1.528831,Sunday,16:30,Narcotics Anonymous,0,0,1
Surrender Sunday,52.203789,-1.710477,Sunday,19:15,Narcotics Anonymous,0,0,1
T.G.I. Friday,52.294569,-1.5469,Friday,19:30,Narcotics Anonymous,0,0,1
Way Out Wednesdays,52.374942,-1.261045,Wednesday,19:30,Narcotics Anonymous,0,0,1
Brunch 'N' Dump,52.913213,-1.463719,Saturday,11:30,Narcotics Anonymous,0,0,1
Derby's Basic Text Study Group,52.920546,-1.477253,Tuesday,18:30,Narcotics Anonymous,0,0,1
Friday Derby,52.904137,-1.446688,Friday,19:30,Narcotics Anonymous,0,0,1
Just For Today,52.805606,-1.62743,Monday,19:30,Narcotics Anonymous,0,0,1
Long Eaton,52.905026,-1.281943,Friday,19:30,Narcotics Anonymous,0,0,1
Monday Madness,52.915728,-1.475258,Monday,19:30,Narcotics Anonymous,0,0,1
"Step, Tradition, JFT & Basic Text Readings And Main Share",52.79207,-1.643057,Wednesday,19:30,Narcotics Anonymous,0,0,1
Sunday Burton,52.805606,-1.62743,Sunday,18:00,Narcotics Anonymous,0,0,1
Sunday Evening NA,52.904137,-1.446688,Sunday,19:30,Narcotics Anonymous,0,0,1
Thursday General Share NA Meeting,52.920546,-1.477253,Thursday,18:30,Narcotics Anonymous,0,0,1
Wednesday Night Derby NA,52.920546,-1.477253,Wednesday,19:15,Narcotics Anonymous,0,0,1
Barnstaple Women’S,51.082557,-4.060015,Monday,12:00,Narcotics Anonymous,0,0,1
Bideford Wednesday Night Meeting,51.019685,-4.20647,Wednesday,19:00,Narcotics Anonymous,0,0,1
Get Busy Living,50.723738,-3.51331,Friday,18:30,Narcotics Anonymous,0,0,1
Living Clean Meeting,50.722221,-3.535248,Saturday,16:00,Narcotics Anonymous,0,0,1
Monday Evening Exeter,50.722221,-3.535248,Monday,19:30,Narcotics Anonymous,0,0,1
North Devon Fellowship,51.082557,-4.060015,Sunday,17:30,Narcotics Anonymous,0,0,1
North Devon Fellowship,51.082557,-4.060015,Tuesday,19:30,Narcotics Anonymous,0,0,1
North Devon Fellowship,51.082557,-4.060015,Friday,19:30,Narcotics Anonymous,0,0,1
Palace Gate,50.721092,-3.52997,Wednesday,18:30,Narcotics Anonymous,0,0,1
Recovery Rocks!,50.728874,-3.526454,Thursday,19:30,Narcotics Anonymous,0,0,1
Blue Mondays,54.543349,-1.215771,Monday,19:00,Narcotics Anonymous,0,0,1
Consett Meeting,54.851522,-1.829892,Thursday,19:00,Narcotics Anonymous,0,0,1
Durham Tuesday Meeting,54.778121,-1.586626,Tuesday,18:00,Narcotics Anonymous,0,0,1
Friday Frontline,54.56247,-1.244167,Friday,19:00,Narcotics Anonymous,0,0,1
Hartlepool Meeting,54.680403,-1.2131,Thursday,18:00,Narcotics Anonymous,0,0,1
Let’S Talk About Tuesday,54.570782,-1.234114,Tuesday,16:30,Narcotics Anonymous,0,0,1
Living Clean,54.774082,-1.567577,Wednesday,14:15,Narcotics Anonymous,0,0,1
Middlesbrough Sunday Night Meeting,54.571125,-1.1526057,Sunday,18:00,Narcotics Anonymous,0,0,1
Middlesbrough Women’S,54.573409,-1.237964,Saturday,10:30,Narcotics Anonymous,0,0,1
Sunday Night The Lie Is Dead,54.778121,-1.586626,Sunday,18:15,Narcotics Anonymous,0,0,1
The Saturday Solution,54.60504,-1.070983,Saturday,10:30,Narcotics Anonymous,0,0,1
Thursday Night - Topic,54.538198,-1.262142,Thursday,18:30,Narcotics Anonymous,0,0,1
Tuesday Steps And Traditions Meeting,54.576073,-1.241472,Tuesday,19:00,Narcotics Anonymous,0,0,1
We Do Recover Meeting,54.564197,-1.182769,Wednesday,17:30,Narcotics Anonymous,0,0,1
Wednesday Night - Just For Today,54.538198,-1.262142,Wednesday,19:00,Narcotics Anonymous,0,0,1
Hearts In Herts,51.755579,-0.015084,Tuesday,19:45,Narcotics Anonymous,0,0,1
We Do Recover,51.75889,0.097668,Monday,18:45,Narcotics Anonymous,0,0,1
Canterbury City Gold And Green Meeting,51.279003,1.078695,Wednesday,19:30,Narcotics Anonymous,0,0,1
Herne Bay Beach Street,51.369683,1.126133,Friday,13:00,Narcotics Anonymous,0,0,1
Living Clean,51.334225,1.415485,Tuesday,19:30,Narcotics Anonymous,0,0,1
Primary Purpose,51.073747,1.092642,Monday,19:00,Narcotics Anonymous,0,0,1
Topics Of Recovery,51.131965,1.303771,Saturday,19:30,Narcotics Anonymous,0,0,1
Whitstable NA Meeting,51.357084,1.025749,Monday,19:30,Narcotics Anonymous,0,0,1
A Basic Meeting,53.591148,-2.315453,Sunday,17:30,Narcotics Anonymous,0,0,1
Accrington,53.751622,-2.36535,Wednesday,19:30,Narcotics Anonymous,0,0,1
Accrington Friday Night,53.751622,-2.36535,Friday,19:15,Narcotics Anonymous,0,0,1
Accrington Tuesday Night Meeting,53.751622,-2.36535,Tuesday,19:30,Narcotics Anonymous,0,0,1
Bacup Friday,53.701883,-2.201707,Friday,19:00,Narcotics Anonymous,0,0,1
Blackburn Recovery Group,53.748097,-2.480457,Tuesday,19:30,Narcotics Anonymous,0,0,1
Bolton Sunday Physical Meeting,53.580863,-2.430874,Sunday,18:30,Narcotics Anonymous,0,0,1
Burnley Sunday Night,53.788861,-2.244595,Sunday,19:00,Narcotics Anonymous,0,0,1
Burnley Thursday Night Meeting,53.790018,-2.245816,Thursday,19:30,Narcotics Anonymous,0,0,1
Burnley Women's,53.788861,-2.244595,Friday,18:30,Narcotics Anonymous,0,0,1
Bury Just For Today Meeting,53.597467,-2.287079,Wednesday,12:30,Narcotics Anonymous,0,0,1
Darwen - Saturday Solution Group,53.695226,-2.466075,Saturday,19:30,Narcotics Anonymous,0,0,1
Daytime NA Just For Today Meeting,53.580863,-2.430874,Tuesday,13:00,Narcotics Anonymous,0,0,1
Heywood Main Share And Literature Meeting,53.593544,-2.215952,Wednesday,19:30,Narcotics Anonymous,0,0,1
Keep Coming Back,53.746974,-2.478945,Monday,19:00,Narcotics Anonymous,0,0,1
Keep It Basic - Mens Literature Meeting,53.598642,-2.52938,Monday,19:45,Narcotics Anonymous,0,0,1
Meditation Meeting,53.580863,-2.430874,Tuesday,19:00,Narcotics Anonymous,0,0,1
Middle Of The Boat,53.580863,-2.430874,Thursday,19:00,Narcotics Anonymous,0,0,1
Monday Accrington Group,53.752799,-2.386623,Monday,19:30,Narcotics Anonymous,0,0,1
NA Meeting,53.580863,-2.430874,Tuesday,13:00,Narcotics Anonymous,0,0,1
Nelson Wednesday Night,53.839344,-2.207765,Wednesday,19:00,Narcotics Anonymous,0,0,1
Newcomer's Meeting,53.748097,-2.480457,Friday,19:30,Narcotics Anonymous,0,0,1
Oswaldtwistle NA,53.750257,-2.410408,Thursday,19:30,Narcotics Anonymous,0,0,1
Rawtenstall Tuesday,53.714892,-2.291893,Tuesday,19:00,Narcotics Anonymous,0,0,1
Saturday Morning Meeting,53.753288,-2.362347,Saturday,10:30,Narcotics Anonymous,0,0,1
Saturday Morning Meeting Colne NA,53.856159,-2.170889,Saturday,10:30,Narcotics Anonymous,0,0,1
Sunday Night Low Light Meeting,53.750257,-2.410408,Sunday,19:00,Narcotics Anonymous,0,0,1
Thursday Blackburn,53.743008,-2.487601,Thursday,19:00,Narcotics Anonymous,0,0,1
Bethnal Green,51.5243,-0.058889,Thursday,19:30,Narcotics Anonymous,0,0,1
Bethnal Green Young Persons,51.5243,-0.058889,Wednesday,19:30,Narcotics Anonymous,0,0,1
Chigwell Narcotics Anonymous Meeting,51.610787,0.111142,Thursday,19:30,Narcotics Anonymous,0,0,1
Dagenham Tuesday Meeting,51.552333,0.164461,Tuesday,18:15,Narcotics Anonymous,0,0,1
Feel Good Friday Meeting Of NA,51.540961,-0.055497,Friday,19:30,Narcotics Anonymous,0,0,1
Freedom From Monday Blues,51.610787,0.111142,Monday,13:00,Narcotics Anonymous,0,0,1
Freedom In Forest Gate,51.546873,0.027643,Thursday,19:30,Narcotics Anonymous,0,0,1
Happy Mondays At Bow,51.520802,-0.020147,Monday,19:15,Narcotics Anonymous,0,0,1
Homerton: Spiritual Principle A Day,51.548634,-0.043184,Sunday,19:30,Narcotics Anonymous,0,0,1
Leytonstone,51.57085,0.003442,Tuesday,19:30,Narcotics Anonymous,0,0,1
Out To Lunch,51.5243,-0.058889,Sunday,13:30,Narcotics Anonymous,0,0,1
Roman Recovery,51.527774,-0.055182,Wednesday,19:30,Narcotics Anonymous,0,0,1
Staying Clean In Bethnal Green,51.528942,-0.056846,Sunday,17:15,Narcotics Anonymous,0,0,1
Staying Clean In Woodford Green,51.609264,0.039059,Saturday,16:30,Narcotics Anonymous,0,0,1
Thursday Russian Speaking,51.520802,-0.020147,Thursday,19:15,Narcotics Anonymous,0,0,1
Wanstead Recovery Meeting,51.581909,0.026041,Monday,19:30,Narcotics Anonymous,0,0,1
Welcome Home,51.559446,0.078031,Wednesday,19:30,Narcotics Anonymous,0,0,1
Welcome Women,51.528942,-0.056846,Friday,18:00,Narcotics Anonymous,0,0,1
West Ham Friday Night: The War Is Over,51.536212,0.007559,Friday,19:00,Narcotics Anonymous,0,0,1
Keep It Simple,50.872727,0.014363,Thursday,19:00,Narcotics Anonymous,0,0,1
Lewes Monday Living Clean,50.868559,0.006239,Monday,19:30,Narcotics Anonymous,0,0,1
Lewes Wednesday,50.878039,0.016668,Wednesday,19:00,Narcotics Anonymous,0,0,1
Newhaven Just For Today Meeting,50.793585,0.045283,Friday,19:30,Narcotics Anonymous,0,0,1
"""Clean On Saturdays""",51.730523,0.471595,Saturday,19:00,Narcotics Anonymous,0,0,1
All Saint's Candlelit Meeting Of NA In Chelmsford,51.744348,0.491969,Thursday,19:45,Narcotics Anonymous,0,0,1
Basildon Monday,51.566808,0.454021,Monday,20:00,Narcotics Anonymous,0,0,1
Braintree Steps,51.880205,0.55366,Sunday,16:00,Narcotics Anonymous,0,0,1
Bridge To Normal Living,51.566897,0.481255,Wednesday,19:00,Narcotics Anonymous,0,0,1
Chelmsford 12 Steps To Freedom,51.730523,0.471595,Wednesday,19:30,Narcotics Anonymous,0,0,1
Chelmsford Sunday Group,51.730523,0.471595,Sunday,18:30,Narcotics Anonymous,0,0,1
Easy Does It,51.570897,0.548884,Thursday,19:30,Narcotics Anonymous,0,0,1
Friday Night Fellowship,51.536505,0.712515,Friday,19:00,Narcotics Anonymous,0,0,1
Just For Today,51.491162,0.334706,Friday,20:00,Narcotics Anonymous,0,0,1
Living Clean Step Meeting,51.566808,0.454021,Friday,19:15,Narcotics Anonymous,0,0,1
New Beginnings,51.53966,0.697776,Monday,19:30,Narcotics Anonymous,0,0,1
New Beginnings,51.730523,0.471595,Tuesday,20:00,Narcotics Anonymous,0,0,1
Newcomers Eeeting ESH,51.536505,0.712515,Thursday,19:30,Narcotics Anonymous,0,0,1
One Step At A Time,51.729545,0.473598,Monday,19:30,Narcotics Anonymous,0,0,1
Southend Saturday Step Meeting,51.540088,0.697729,Saturday,11:00,Narcotics Anonymous,0,0,1
Southend Today,51.540652,0.734165,Tuesday,13:15,Narcotics Anonymous,0,0,1
Stepping Out Of Sunday,51.545296,0.666434,Sunday,19:00,Narcotics Anonymous,0,0,1
Thank God It's Friday NA,51.730523,0.471595,Friday,19:30,Narcotics Anonymous,0,0,1
The Cuckoo’S Nest,51.536505,0.712515,Tuesday,20:00,Narcotics Anonymous,0,0,1
The Road To Recovery,51.889557,0.90441,Tuesday,19:30,Narcotics Anonymous,0,0,1
Vange Experience,51.566897,0.481255,Sunday,11:30,Narcotics Anonymous,0,0,1
Wednesday Freedom Group,51.604215,0.406964,Wednesday,19:30,Narcotics Anonymous,0,0,1
Wednesday Phoenix Meeting,51.545527,0.663001,Wednesday,19:30,Narcotics Anonymous,0,0,1
Wickford Wednesday’S,51.617115,0.528056,Wednesday,18:00,Narcotics Anonymous,0,0,1
Cambridge Sunday,52.197,0.15138,Sunday,16:00,Narcotics Anonymous,0,0,1
From Bacon And Cheese To Living The Dream,52.258879,0.388289,Thursday,18:30,Narcotics Anonymous,0,0,1
From Haverhole To Have A Go,52.085578,0.4421,Monday,18:30,Narcotics Anonymous,0,0,1
Haverhill Just For Today NA,52.085578,0.4421,Friday,19:30,Narcotics Anonymous,0,0,1
I'm STILL STANDING { After All This Time},52.202978,0.123204,Thursday,19:00,Narcotics Anonymous,0,0,1
Just For Today,52.215428,0.111136,Monday,19:30,Narcotics Anonymous,0,0,1
Just For Today,52.331804,-0.185872,Tuesday,19:30,Narcotics Anonymous,0,0,1
Keep It Simple Huntingdon,52.328531,-0.183297,Friday,19:00,Narcotics Anonymous,0,0,1
Keys To Recovery,52.323135,-0.073293,Thursday,19:30,Narcotics Anonymous,0,0,1
Newcomers Just For Today Meeting,52.569314,-0.242184,Sunday,13:00,Narcotics Anonymous,0,0,1
Newmarket Monday,52.249077,0.410398,Monday,19:15,Narcotics Anonymous,0,0,1
Saturdays LETS DO LUNCH,52.202978,0.123204,Saturday,12:00,Narcotics Anonymous,0,0,1
Share And Step,52.227534,-0.266622,Saturday,17:00,Narcotics Anonymous,0,0,1
Topic Meeting,52.569314,-0.242184,Wednesday,19:30,Narcotics Anonymous,0,0,1
Wednesday Nights WISH YOU WERE HERE,52.197,0.15138,Wednesday,18:30,Narcotics Anonymous,0,0,1
Women's Meeting,52.569314,-0.242184,Monday,19:00,Narcotics Anonymous,0,0,1
Hastings Wednesday,50.856344,0.560116,Thursday,19:30,Narcotics Anonymous,0,0,1
"Saturday Morning, Just For Today",50.858104,0.5815,Saturday,10:30,Narcotics Anonymous,0,0,1
Friday Night Miracles Do Happen,53.754019,-0.312818,Friday,18:30,Narcotics Anonymous,0,0,1
Hull Clean B’S,53.755912,-0.310649,Tuesday,19:30,Narcotics Anonymous,0,0,1
Hull Clean Bee’S,53.755912,-0.310649,Sunday,13:30,Narcotics Anonymous,0,0,1
Hull Clean Bs Saturday,53.755912,-0.310649,Saturday,10:30,Narcotics Anonymous,0,0,1
Hull Saturday Night - Anything Is Possible,53.749752,-0.347666,Saturday,18:30,Narcotics Anonymous,0,0,1
Keep It Simple,53.744573,-0.37521,Thursday,19:30,Narcotics Anonymous,0,0,1
Living The Programme,53.753322,-0.347738,Monday,19:30,Narcotics Anonymous,0,0,1
Never Alone,53.741716,-0.361,Wednesday,19:00,Narcotics Anonymous,0,0,1
Hemel Hempstead Tuesday Night,51.73768,-0.469169,Tuesday,19:45,Narcotics Anonymous,0,0,1
Progress Not Perfection,51.727188,-0.453509,Wednesday,19:00,Narcotics Anonymous,0,0,1
St Albans Road To Recovery,51.751407,-0.322757,Thursday,18:30,Narcotics Anonymous,0,0,1
The NA Way,51.750509,-0.335273,Monday,20:00,Narcotics Anonymous,0,0,1
Trail Blazers,51.673345,-0.398398,Thursday,19:30,Narcotics Anonymous,0,0,1
Boston 12 Step Recovery,52.977881,-0.027893,Friday,19:00,Narcotics Anonymous,0,0,1
Boston Just For Today,52.979968,-0.024527,Monday,19:30,Narcotics Anonymous,0,0,1
Grimsby,53.56454,-0.08411,Sunday,19:00,Narcotics Anonymous,0,0,1
Grimsby NA,53.566254,-0.09856,Thursday,19:00,Narcotics Anonymous,0,0,1
Just For Today,52.907254,-0.631284,Tuesday,19:30,Narcotics Anonymous,0,0,1
Lincoln,53.243001,-0.518936,Saturday,18:00,Narcotics Anonymous,0,0,1
Lincoln Thursday Step Meeting,53.229716,-0.543454,Thursday,19:00,Narcotics Anonymous,0,0,1
Lincoln Tuesday NA,53.229716,-0.543454,Tuesday,19:00,Narcotics Anonymous,0,0,1
Lincoln Women's,53.230418,-0.54358,Monday,18:30,Narcotics Anonymous,0,0,1
Spilsby Friday Feeling,53.173858,0.093828,Friday,18:30,Narcotics Anonymous,0,0,1
2Gether We Recover,53.426199,-2.952425,Thursday,18:30,Narcotics Anonymous,0,0,1
Basic Text Meeting,53.427382,-2.956259,Wednesday,19:00,Narcotics Anonymous,0,0,1
Courage To Change,53.425593,-2.934683,Tuesday,19:00,Narcotics Anonymous,0,0,1
Crocky Hope Meeting,53.452423,-2.903378,Tuesday,12:30,Narcotics Anonymous,0,0,1
Croxteth Meeting,53.451611,-2.903752,Monday,19:00,Narcotics Anonymous,0,0,1
Friday Hope Meeting,53.432827,-2.925735,Friday,19:30,Narcotics Anonymous,0,0,1
Friday Shewsbury House,53.421228,-2.974629,Friday,12:00,Narcotics Anonymous,0,0,1
Hope In Croxteth,53.452423,-2.903378,Tuesday,12:30,Narcotics Anonymous,0,0,1
Just For Today,53.402231,-2.972902,Friday,18:00,Narcotics Anonymous,0,0,1
Lark Lane,53.381298,-2.945875,Wednesday,19:30,Narcotics Anonymous,0,0,1
Liverpool,53.421228,-2.974629,Monday,12:00,Narcotics Anonymous,0,0,1
Liverpool Monday Group,53.447962,-2.963482,Monday,18:00,Narcotics Anonymous,0,0,1
Liverpool Thursday Group,53.467309,-2.929062,Thursday,12:00,Narcotics Anonymous,0,0,1
Liverpool Womens Meeting,53.416207,-2.946107,Tuesday,19:00,Narcotics Anonymous,0,0,1
Men's Meeting Rodney Street,53.402231,-2.972902,Thursday,19:15,Narcotics Anonymous,0,0,1
Miracles Happen,53.439197,-2.967017,Friday,19:30,Narcotics Anonymous,0,0,1
NA Bootle - Front Line In The Trenches,53.448957,-2.9924,Sunday,17:30,Narcotics Anonymous,0,0,1
NA Lengths,53.41176,-2.939134,Monday,19:30,Narcotics Anonymous,0,0,1
Newcomers Meeting,53.397504,-2.969364,Sunday,13:00,Narcotics Anonymous,0,0,1
Principal A Day,53.426199,-2.952425,Wednesday,12:30,Narcotics Anonymous,0,0,1
Rahaie Liverpool,53.421228,-2.974629,Tuesday,12:00,Narcotics Anonymous,0,0,1
RAHI BARAYE NEJAT,53.421228,-2.974629,Thursday,12:00,Narcotics Anonymous,0,0,1
Recovery Is Cool,53.354554,-2.733862,Tuesday,19:30,Narcotics Anonymous,0,0,1
Saturday Night Freedom Group,53.412268,-2.984369,Saturday,20:00,Narcotics Anonymous,0,0,1
Step 11 Prayer And Meditation,53.402231,-2.972902,Monday,18:30,Narcotics Anonymous,0,0,1
Step Meeting,53.374034,-2.90062,Thursday,19:00,Narcotics Anonymous,0,0,1
The Crypt,53.406695,-2.955524,Sunday,19:30,Narcotics Anonymous,0,0,1
The Journey Continues,53.432827,-2.925735,Wednesday,19:30,Narcotics Anonymous,0,0,1
The Ripple Effect,53.489902,-2.98475,Saturday,12:00,Narcotics Anonymous,0,0,1
Tuebrook Saturday Night Meeting,53.425593,-2.934683,Saturday,19:00,Narcotics Anonymous,0,0,1
Tuesday Morning Group,53.422383,-2.985145,Tuesday,11:00,Narcotics Anonymous,0,0,1
Widnes Thursday Main Share Or Basic Text,53.3626,-2.732197,Thursday,19:45,Narcotics Anonymous,0,0,1
Widnes Unity,53.354554,-2.733862,Sunday,19:30,Narcotics Anonymous,0,0,1
Wish You Were Here,53.429302,-2.96324,Thursday,12:30,Narcotics Anonymous,0,0,1
Chelsea - French Speaking Meeting Group,51.483562,-0.176364,Tuesday,19:30,Narcotics Anonymous,0,0,1
Chelsea Hut Speaker Meeting,51.4912472,-0.1614216,Tuesday,07:30,Narcotics Anonymous,0,0,1
Just For Today,51.4912472,-0.1614216,Friday,07:30,Narcotics Anonymous,0,0,1
NA Lunch Time Step Meeting,51.496553,-0.162317,Monday,13:00,Narcotics Anonymous,0,0,1
Pont Street,51.496553,-0.162317,Wednesday,13:00,Narcotics Anonymous,0,0,1
Step Meeting,51.4912472,-0.1614216,Thursday,07:30,Narcotics Anonymous,0,0,1
World's End Step Meeting,51.481643,-0.179662,Wednesday,18:30,Narcotics Anonymous,0,0,1
Clean In Croydon,51.369961,-0.103513,Tuesday,18:00,Narcotics Anonymous,0,0,1
Wednesday Epsom Group,51.331141,-0.260015,Wednesday,19:30,Narcotics Anonymous,0,0,1
Boy's Own-Men's Meeting,51.489784,-0.183918,Tuesday,19:00,Narcotics Anonymous,0,0,1
Earl's Court Newcomers Meeting,51.490922,-0.19763,Wednesday,17:30,Narcotics Anonymous,0,0,1
Kensington Group,51.4958,-0.185638,Saturday,19:30,Narcotics Anonymous,0,0,1
One Hour Step Meeting,51.488511,-0.193423,Sunday,11:00,Narcotics Anonymous,0,0,1
Principles Before Personalities,51.481643,-0.180828,Friday,13:00,Narcotics Anonymous,0,0,1
Stepping Out,51.4958,-0.185638,Friday,19:00,Narcotics Anonymous,0,0,1
Women & Non-Binary Meeting,51.488511,-0.193423,Tuesday,19:30,Narcotics Anonymous,0,0,1
Clean N’ Serene At St. Mary's,51.571129,-0.123289,Tuesday,19:00,Narcotics Anonymous,0,0,1
East Finchley Just For Today,51.591781,-0.174775,Monday,20:00,Narcotics Anonymous,0,0,1
East Finchley Meeting,51.591781,-0.174775,Thursday,20:00,Narcotics Anonymous,0,0,1
Enfield's Getting 'LIT' With The Literature,51.651441,-0.085467,Thursday,19:30,Narcotics Anonymous,0,0,1
Finsbury Park Friday Night,51.565838,-0.113395,Friday,19:30,Narcotics Anonymous,0,0,1
"Get Well, Stay Well - New Barnet!",51.649889,-0.171285,Monday,19:30,Narcotics Anonymous,0,0,1
Holloway Better Lives,51.560803,-0.114555,Wednesday,11:00,Narcotics Anonymous,0,0,1
Niedzielna Medytacja; Polish Speaking Meeting,51.599344,-0.112802,Sunday,16:00,Narcotics Anonymous,0,0,1
Southgate Priory “Newcomers Meeting”,51.632198,-0.117622,Saturday,19:30,Narcotics Anonymous,0,0,1
"The Priory Newcomers Meeting Steps 1, 2 And 3",51.632198,-0.117622,Sunday,11:30,Narcotics Anonymous,0,0,1
Wood Green,51.599344,-0.112802,Friday,19:30,Narcotics Anonymous,0,0,1
Basic Text Book Study,51.538405,-0.10201,Wednesday,19:00,Narcotics Anonymous,0,0,1
Clean & Queer In Dalston,51.552564,-0.074622,Thursday,18:30,Narcotics Anonymous,0,0,1
"Experience, Strength And Hope",51.540766,-0.080209,Wednesday,19:00,Narcotics Anonymous,0,0,1
Haringey Lunchtime Meeting,51.594753,-0.071079,Tuesday,13:30,Narcotics Anonymous,0,0,1
Just For Today,51.538405,-0.10201,Friday,11:00,Narcotics Anonymous,0,0,1
Just For Today,51.538405,-0.10201,Friday,20:30,Narcotics Anonymous,0,0,1
Living Clean In London,51.536521,-0.110639,Thursday,13:15,Narcotics Anonymous,0,0,1
Mens Open Meeting,51.536413,-0.096772,Sunday,19:30,Narcotics Anonymous,0,0,1
Over Eights,51.538405,-0.10201,Monday,19:30,Narcotics Anonymous,0,0,1
South Islington Shy Sharers,51.534115,-0.103111,Wednesday,14:00,Narcotics Anonymous,0,0,1
South Tottenham Recovery,51.576385,-0.073065,Wednesday,19:00,Narcotics Anonymous,0,0,1
Stoke Newington Candlelit,51.556499,-0.07229,Thursday,20:00,Narcotics Anonymous,0,0,1
Sunday Inclusive Women's Meeting,51.556236,-0.074222,Sunday,17:30,Narcotics Anonymous,0,0,1
The New Living Clean Hackney De Beauvoir-Candle Light,51.540766,-0.080209,Monday,19:00,Narcotics Anonymous,0,0,1
Thursday Traditions,51.538405,-0.10201,Thursday,19:00,Narcotics Anonymous,0,0,1
"Trans, Non Binary, Queer Women And Intersex",51.538405,-0.10201,Friday,19:15,Narcotics Anonymous,0,0,1
We're All Angels,51.538405,-0.10201,Saturday,17:15,Narcotics Anonymous,0,0,1
Dartford,51.444091,0.227579,Monday,19:00,Narcotics Anonymous,0,0,1
Meditation Meeting,51.457367,0.140531,Wednesday,19:00,Narcotics Anonymous,0,0,1
Monday Night Burnt Ash Lane,51.420513,0.021082,Monday,19:15,Narcotics Anonymous,0,0,1
Newcomers Meeting,51.411309,0.013486,Thursday,19:00,Narcotics Anonymous,0,0,1
Camden Town Living Clean/Speaker Meeting,51.542811,-0.144604,Tuesday,19:30,Narcotics Anonymous,0,0,1
Castlehaven Meditation Meeting (Formerly Buck Street),51.542811,-0.144604,Thursday,19:30,Narcotics Anonymous,0,0,1
FARSI Swiss Cottage Group,51.543487,-0.172757,Saturday,12:30,Narcotics Anonymous,0,0,1
Guiding Principles,51.529602,-0.201365,Friday,09:30,Narcotics Anonymous,0,0,1
Hampstead Heroes,51.555164,-0.181892,Wednesday,19:30,Narcotics Anonymous,0,0,1
Hampstead Step,51.555164,-0.181892,Tuesday,19:30,Narcotics Anonymous,0,0,1
Hampstead Sunday Night Step Chair,51.555367,-0.173377,Sunday,19:00,Narcotics Anonymous,0,0,1
Hampstead Women's Candlelit Meeting,51.555164,-0.181892,Monday,19:30,Narcotics Anonymous,0,0,1
Just For Today,51.555522,-0.176386,Friday,19:30,Narcotics Anonymous,0,0,1
Just For Today Group Primrose Hill,51.539783,-0.155179,Saturday,18:00,Narcotics Anonymous,0,0,1
Kilburn - Step Meeting,51.540659,-0.195882,Sunday,11:30,Narcotics Anonymous,0,0,1
Meditation Meeting,51.518069,-0.194612,Tuesday,19:30,Narcotics Anonymous,0,0,1
Men's Meeting,51.540385,-0.19445,Monday,19:00,Narcotics Anonymous,0,0,1
Saturday Hampstead Women’S Meeting,51.555164,-0.181892,Saturday,11:30,Narcotics Anonymous,0,0,1
Spiritual Principle A Day In Queens Park,51.537705,-0.206572,Tuesday,10:00,Narcotics Anonymous,0,0,1
Swiss Cottage,51.543487,-0.172757,Tuesday,19:15,Narcotics Anonymous,0,0,1
The Primrose Path,51.539783,-0.155179,Thursday,14:00,Narcotics Anonymous,0,0,1
Topic Meeting,51.537705,-0.206572,Tuesday,19:00,Narcotics Anonymous,0,0,1
Venture Centre 12:00 Sunday,51.523376,-0.211056,Sunday,12:00,Narcotics Anonymous,0,0,1
West Hampstead,51.552665,-0.192421,Saturday,12:30,Narcotics Anonymous,0,0,1
"12 Steps, One Promise",51.456149,-0.110304,Sunday,19:00,Narcotics Anonymous,0,0,1
Back To Basics At Liverpool Grove,51.486169,-0.093305,Sunday,19:00,Narcotics Anonymous,0,0,1
Brixton Harbour,51.465104,-0.102897,Friday,18:30,Narcotics Anonymous,0,0,1
Brixton Hill Fridays Instead Of High Days,51.446707,-0.122681,Friday,20:00,Narcotics Anonymous,0,0,1
Camberwell Newcomers,51.479996,-0.094672,Wednesday,18:00,Narcotics Anonymous,0,0,1
Camberwell Newcomers' Step Meeting,51.479996,-0.094672,Saturday,13:00,Narcotics Anonymous,0,0,1
Clapham Common Candlelit Meeting,51.454535,-0.140453,Tuesday,19:30,Narcotics Anonymous,0,0,1
Clapham Common Women's,51.461438,-0.160647,Tuesday,19:00,Narcotics Anonymous,0,0,1
Clapham Sunday Vibes,51.454535,-0.140453,Sunday,14:00,Narcotics Anonymous,0,0,1
Clean In Clapham,51.454535,-0.140453,Saturday,12:00,Narcotics Anonymous,0,0,1
Clean In SE15,51.465857,-0.064321,Wednesday,19:45,Narcotics Anonymous,0,0,1
Crystal Palace Step Meeting,51.417426,-0.082073,Thursday,19:00,Narcotics Anonymous,0,0,1
Goose Green Newcomers Meeting,51.461704,-0.074272,Monday,19:30,Narcotics Anonymous,0,0,1
Illness In Recovery,51.477385,-0.149435,Monday,19:00,Narcotics Anonymous,0,0,1
LGBTQ Spiritual Principle A Day,51.484894,-0.12012,Wednesday,19:00,Narcotics Anonymous,0,0,1
Living Clean In SE17,51.486169,-0.093305,Tuesday,18:30,Narcotics Anonymous,0,0,1
Lorrimore Square,51.485077,-0.101892,Monday,19:30,Narcotics Anonymous,0,0,1
Lusófonos Em Londres,51.465104,-0.102897,Saturday,18:30,Narcotics Anonymous,0,0,1
NA Clapham Polish Speaking Meeting,51.461438,-0.160647,Wednesday,19:30,Narcotics Anonymous,0,0,1
Na Culture,51.46852,-0.120246,Tuesday,18:30,Narcotics Anonymous,0,0,1
Practicing The Principles In Penge,51.419493,-0.055813,Friday,19:00,Narcotics Anonymous,0,0,1
Serene On The Green,51.461704,-0.074272,Thursday,19:45,Narcotics Anonymous,0,0,1
The Sunday Solution,51.479996,-0.094672,Sunday,13:00,Narcotics Anonymous,0,0,1
Thursday Clapham,51.461438,-0.160647,Thursday,19:30,Narcotics Anonymous,0,0,1
Tooting Thursday,51.424796,-0.165484,Thursday,19:15,Narcotics Anonymous,0,0,1
Wednesday Winners,51.454535,-0.140453,Wednesday,18:30,Narcotics Anonymous,0,0,1
Blackheath Friday Night,51.465077,0.006652,Friday,19:30,Narcotics Anonymous,0,0,1
Blackheath Wednesday,51.476452,0.02449,Wednesday,19:30,Narcotics Anonymous,0,0,1
Candlelit In Catford,51.451685,-0.017557,Wednesday,19:30,Narcotics Anonymous,0,0,1
Deptford,51.48148,-0.025652,Tuesday,19:00,Narcotics Anonymous,0,0,1
Lewisham Group,51.451685,-0.017557,Sunday,19:00,Narcotics Anonymous,0,0,1
Lewisham Group,51.451685,-0.017557,Friday,18:00,Narcotics Anonymous,0,0,1
Lewisham Group,51.451685,-0.017557,Saturday,10:30,Narcotics Anonymous,0,0,1
Lewisham Group,51.451685,-0.017557,Saturday,18:00,Narcotics Anonymous,0,0,1
Living Clean In Hither Green,51.452551,-0.007096,Wednesday,19:00,Narcotics Anonymous,0,0,1
Monday Meditation,51.439611,-0.047733,Monday,19:00,Narcotics Anonymous,0,0,1
The Lewisham Group,51.451685,-0.017557,Monday,11:00,Narcotics Anonymous,0,0,1
We Do Recover,51.452551,-0.007096,Thursday,19:30,Narcotics Anonymous,0,0,1
Friday Feeling In Ealing,51.504214,-0.306245,Friday,19:30,Narcotics Anonymous,0,0,1
Hope & Healing In Heston,51.484135,-0.372442,Sunday,11:00,Narcotics Anonymous,0,0,1
Bouncing Back In Barnes,51.473623,-0.248249,Sunday,18:30,Narcotics Anonymous,0,0,1
Hampton Heroes,51.430361,-0.353135,Thursday,20:00,Narcotics Anonymous,0,0,1
JFT And Meditation,51.465175,-0.213924,Wednesday,19:00,Narcotics Anonymous,0,0,1
Just For Today,51.449707,-0.198044,Monday,19:00,Narcotics Anonymous,0,0,1
Kingston Karma,51.416242,-0.298943,Sunday,18:30,Narcotics Anonymous,0,0,1
Monday Speaker Meeting,51.464107,-0.300684,Monday,19:00,Narcotics Anonymous,0,0,1
Priory Roehampton,51.462539,-0.251509,Saturday,14:00,Narcotics Anonymous,0,0,1
St Margarets Step Meeting,51.455918,-0.320204,Wednesday,19:30,Narcotics Anonymous,0,0,1
Surbiton Saturday Men's Meeting,51.394847,-0.301332,Saturday,10:00,Narcotics Anonymous,0,0,1
Surbiton Wednesday,51.392245,-0.297993,Wednesday,20:00,Narcotics Anonymous,0,0,1
The Arches Tuesday Evening,51.456121,-0.30994,Tuesday,19:00,Narcotics Anonymous,0,0,1
When Saturday Comes Just For Today,51.467884,-0.227741,Saturday,11:00,Narcotics Anonymous,0,0,1
Wimbledon Group,51.419984,-0.21081,Friday,19:00,Narcotics Anonymous,0,0,1
Wimbledon Literature And Speaker Meeting,51.419984,-0.21081,Tuesday,19:00,Narcotics Anonymous,0,0,1
Wimbledon Spiritual Principle A Day Meeting,51.421863,-0.21078,Monday,19:00,Narcotics Anonymous,0,0,1
Wimbledon Women's,51.419984,-0.21081,Thursday,19:00,Narcotics Anonymous,0,0,1
Argyle Square,51.528759,-0.121211,Saturday,20:15,Narcotics Anonymous,0,0,1
Euston We Have A Problem,51.528419,-0.131461,Sunday,11:00,Narcotics Anonymous,0,0,1
Great Portland Street: Tradition And Chair,51.526397,-0.143423,Tuesday,17:45,Narcotics Anonymous,0,0,1
It Works How And Why,51.525961,-0.142478,Wednesday,21:00,Narcotics Anonymous,0,0,1
Just For Today,51.515056,-0.130224,Monday,11:00,Narcotics Anonymous,0,0,1
Just For Today,51.515056,-0.130224,Tuesday,11:30,Narcotics Anonymous,0,0,1
"Lesbian, Gay, Bisexual, Transgender, Queer And Non-Binary +",51.515056,-0.130224,Friday,19:30,Narcotics Anonymous,0,0,1
LGBTQ Chair Meeting,51.512437,-0.131899,Sunday,18:30,Narcotics Anonymous,0,0,1
Lunchtime Group,51.515362,-0.12854,Friday,13:00,Narcotics Anonymous,0,0,1
Monday Noon JFT,51.515362,-0.12854,Monday,12:00,Narcotics Anonymous,0,0,1
Pick 'N' Mix Topic Meeting,51.515056,-0.130224,Thursday,11:00,Narcotics Anonymous,0,0,1
Queer As Folk LGBTQ Meeting,51.515056,-0.130224,Thursday,19:30,Narcotics Anonymous,0,0,1
Saint Giles Monday Group,51.515362,-0.12854,Monday,19:00,Narcotics Anonymous,0,0,1
Soho Brunch Lunch Meeting,51.515056,-0.130224,Tuesday,13:00,Narcotics Anonymous,0,0,1
Soho LGBTQ+ NA,51.515056,-0.130224,Tuesday,19:30,Narcotics Anonymous,0,0,1
Soho Russian Speaking Meeting,51.515056,-0.130224,Sunday,15:00,Narcotics Anonymous,0,0,1
Soho Saturday,51.515056,-0.130224,Saturday,15:00,Narcotics Anonymous,0,0,1
Soho Young Persons,51.515056,-0.130224,Saturday,19:30,Narcotics Anonymous,0,0,1
Stay Stopped,51.517293,-0.151201,Friday,19:00,Narcotics Anonymous,0,0,1
Step Into The Solution,51.515056,-0.130224,Monday,21:00,Narcotics Anonymous,0,0,1
The Bloomsbury Group,51.525387,-0.12517,Saturday,17:15,Narcotics Anonymous,0,0,1
The Spirit Of Our Traditions,51.515056,-0.130224,Friday,11:00,Narcotics Anonymous,0,0,1
Thursday Hinde Street Young Persons,51.517293,-0.151201,Thursday,19:30,Narcotics Anonymous,0,0,1
Wednesday 10Am Soho Meeting,51.515056,-0.130224,Wednesday,10:00,Narcotics Anonymous,0,0,1
Wednesday Step Meeting,51.517293,-0.151201,Wednesday,13:00,Narcotics Anonymous,0,0,1
All You Need Is Love,51.50761,-0.272097,Thursday,19:30,Narcotics Anonymous,0,0,1
Chiswick Hugs & Hope Group,51.490715,-0.260045,Sunday,18:00,Narcotics Anonymous,0,0,1
Chiswick Step And Topic Meeting,51.49656,-0.268072,Saturday,19:30,Narcotics Anonymous,0,0,1
"Don't Tell Me, Show Me",51.518834,-0.218052,Tuesday,19:00,Narcotics Anonymous,0,0,1
FARSI Ladbroke Group,51.518834,-0.218052,Sunday,17:00,Narcotics Anonymous,0,0,1
FARSI Shepherd's Bush,51.506993,-0.216002,Monday,18:45,Narcotics Anonymous,0,0,1
Friday At The Den,51.518834,-0.218052,Friday,13:00,Narcotics Anonymous,0,0,1
Friday Calm,51.518925,-0.218246,Friday,19:00,Narcotics Anonymous,0,0,1
Hammersmith Hope,51.496069,-0.232065,Friday,19:30,Narcotics Anonymous,0,0,1
Hammersmith Literature,51.496069,-0.232065,Tuesday,18:30,Narcotics Anonymous,0,0,1
JFT Lunchtime Warriors,51.514869,-0.198241,Monday,12:00,Narcotics Anonymous,0,0,1
Ladbroke Grove Afternoon Group,51.518834,-0.218052,Thursday,13:00,Narcotics Anonymous,0,0,1
Little Steps,51.518925,-0.218246,Saturday,17:30,Narcotics Anonymous,0,0,1
Morning Glory,51.514869,-0.198241,Saturday,09:15,Narcotics Anonymous,0,0,1
Newcomer's Meeting,51.511944,-0.200854,Sunday,13:00,Narcotics Anonymous,0,0,1
Newcomers,51.511944,-0.200854,Thursday,19:00,Narcotics Anonymous,0,0,1
Rahaie Shepherd's Bush,51.506993,-0.216002,Friday,19:15,Narcotics Anonymous,0,0,1
Steps And Recovery,51.518834,-0.218052,Thursday,19:30,Narcotics Anonymous,0,0,1
The Den Tuesday 1Pm Step Meeting,51.518834,-0.218052,Tuesday,13:00,Narcotics Anonymous,0,0,1
Wednesday Night Acton Men’S Step Meeting,51.50761,-0.272097,Wednesday,20:00,Narcotics Anonymous,0,0,1
Westbourne Lunchtime Warriors,51.514869,-0.198241,Wednesday,12:15,Narcotics Anonymous,0,0,1
White City,51.511497,-0.233696,Friday,12:30,Narcotics Anonymous,0,0,1
Women Living Clean,51.506993,-0.216002,Thursday,19:15,Narcotics Anonymous,0,0,1
Women's Meeting,51.516745,-0.203284,Monday,19:00,Narcotics Anonymous,0,0,1
Ashton-Under-Lyne Thursday Night Meeting,53.493558,-2.100407,Thursday,19:00,Narcotics Anonymous,0,0,1
Ask It Basket @ Ascension Church,53.467135,-2.251085,Wednesday,19:30,Narcotics Anonymous,0,0,1
Beacon NA,53.494544,-2.625201,Monday,18:30,Narcotics Anonymous,0,0,1
Bolton Monday Night,53.570279,-2.442077,Monday,19:00,Narcotics Anonymous,0,0,1
Candle Light Meeting,53.519325,-2.13956,Sunday,18:30,Narcotics Anonymous,0,0,1
Central Hall Meeting,53.481898,-2.236058,Friday,14:45,Narcotics Anonymous,0,0,1
Farsi Manchester,53.483541,-2.217108,Monday,19:00,Narcotics Anonymous,0,0,1
Farsi Manchester,53.491003,-2.244214,Saturday,12:00,Narcotics Anonymous,0,0,1
Feel To Heal @ Mosaic Basement,53.481898,-2.236058,Saturday,14:30,Narcotics Anonymous,0,0,1
Horwich Friday Brazley Community Center,53.58641,-2.525481,Friday,19:00,Narcotics Anonymous,0,0,1
Horwich Saturday Night,53.58641,-2.525481,Saturday,19:00,Narcotics Anonymous,0,0,1
Just For Today.,53.487657,-2.09563,Wednesday,19:00,Narcotics Anonymous,0,0,1
Leigh Newcomers,53.494491,-2.509587,Thursday,19:00,Narcotics Anonymous,0,0,1
LGBTQ+ Literature Manchester,53.483541,-2.217108,Thursday,19:30,Narcotics Anonymous,0,0,1
New Chapter (Back To Basics),53.489698,-2.221962,Monday,18:30,Narcotics Anonymous,0,0,1
Phoenix Mill... Saturday Night Live,53.483541,-2.217108,Saturday,18:00,Narcotics Anonymous,0,0,1
Queerlit LGBTQIA+ NA,53.484215,-2.231336,Monday,17:30,Narcotics Anonymous,0,0,1
Radcliffe Meeting,53.555407,-2.319215,Wednesday,19:00,Narcotics Anonymous,0,0,1
Salford Friday Night,53.497716,-2.262767,Friday,19:30,Narcotics Anonymous,0,0,1
Saturday Late Night Meeting,53.471172,-2.237279,Saturday,21:00,Narcotics Anonymous,0,0,1
St Patrick's,53.539022,-2.119391,Friday,19:30,Narcotics Anonymous,0,0,1
Sunday Literature Meeting,53.483541,-2.217108,Sunday,16:30,Narcotics Anonymous,0,0,1
The 12:00 Robert Street ARC,53.491003,-2.244214,Saturday,12:00,Narcotics Anonymous,0,0,1
Thursday 6:30 Manchester Group,53.491003,-2.244214,Thursday,18:30,Narcotics Anonymous,0,0,1
Together We Rise,53.548729,-2.389604,Friday,19:30,Narcotics Anonymous,0,0,1
Trinity Chruch Farnworth Women's Meeting,53.548339,-2.392707,Wednesday,19:00,Narcotics Anonymous,0,0,1
Twelve Monkeys Beginners Meeting,53.481898,-2.236058,Tuesday,18:00,Narcotics Anonymous,0,0,1
Whitefield Spiritual Principle A Day Meeting,53.552773,-2.296119,Tuesday,19:30,Narcotics Anonymous,0,0,1
Wigan Just For Today,53.547748,-2.633606,Sunday,18:00,Narcotics Anonymous,0,0,1
Wigan Wednesday,53.547748,-2.633606,Wednesday,19:00,Narcotics Anonymous,0,0,1
Gamble Hall,53.466108,-2.743406,Monday,19:30,Narcotics Anonymous,0,0,1
Living Clean Kirkby,53.481655,-2.882584,Thursday,19:30,Narcotics Anonymous,0,0,1
Saturday St Helens,53.460906,-2.740424,Saturday,18:00,Narcotics Anonymous,0,0,1
St Helens Friday,53.457235,-2.7439,Friday,12:30,Narcotics Anonymous,0,0,1
St. Helen's Thursday,53.460906,-2.740424,Thursday,18:00,Narcotics Anonymous,0,0,1
Sunday St Helen's,53.460906,-2.740424,Sunday,18:00,Narcotics Anonymous,0,0,1
The Friday Fix,53.473789,-2.7284,Friday,19:30,Narcotics Anonymous,0,0,1
Tuesday Night 19:30 NA Meeting,53.452045,-2.732619,Tuesday,19:30,Narcotics Anonymous,0,0,1
Warrington Saturday NA,53.38698,-2.596394,Saturday,10:00,Narcotics Anonymous,0,0,1
Warrington Tuesday NA,53.389274,-2.597523,Tuesday,19:30,Narcotics Anonymous,0,0,1
Women's Meeting,53.389274,-2.597523,Sunday,10:30,Narcotics Anonymous,0,0,1
Aldershot Tuesday Meeting,51.248753,-0.759725,Tuesday,19:30,Narcotics Anonymous,0,0,1
Camberley Narcotics Anonymous - Experience Strength & Hope,51.32621,-0.751853,Saturday,17:00,Narcotics Anonymous,0,0,1
"Experience, Strength & Hope/Living Clean",51.373892,-0.497949,Tuesday,20:00,Narcotics Anonymous,0,0,1
Farnham Sunday 7Pm Meeting,51.216371,-0.795099,Sunday,19:00,Narcotics Anonymous,0,0,1
Guildford Newcomers,51.247043,-0.569907,Friday,20:00,Narcotics Anonymous,0,0,1
Just For Today,51.282208,-0.7482,Thursday,19:30,Narcotics Anonymous,0,0,1
Just For Today,51.277059,-0.609126,Tuesday,19:00,Narcotics Anonymous,0,0,1
New Home,51.317579,-0.562306,Sunday,13:00,Narcotics Anonymous,0,0,1
Speaker Meeting,51.185313,-0.617756,Monday,20:00,Narcotics Anonymous,0,0,1
Stronger Together - Guildford Wednesday,51.232364,-0.578905,Wednesday,20:00,Narcotics Anonymous,0,0,1
Topic Meeting,51.407603,-0.456327,Monday,20:15,Narcotics Anonymous,0,0,1
UK Nepalese Speaking Meeting,51.248753,-0.759725,Sunday,10:45,Narcotics Anonymous,0,0,1
NA Trinity,52.015026,-0.695329,Wednesday,19:00,Narcotics Anonymous,0,0,1
Recovery Central On Sunday,52.033925,-0.77208,Sunday,10:30,Narcotics Anonymous,0,0,1
12 Monkeys,52.627818,1.292525,Tuesday,18:00,Narcotics Anonymous,0,0,1
"Experience, Strength And Hope",52.248124,0.712098,Monday,19:00,Narcotics Anonymous,0,0,1
Gratitude In Recovery,52.680863,0.939354,Tuesday,19:00,Narcotics Anonymous,0,0,1
Gratitude In Recovery,52.680863,0.939354,Friday,19:00,Narcotics Anonymous,0,0,1
Green & Gold Thursday,52.633471,1.292441,Thursday,18:00,Narcotics Anonymous,0,0,1
Mens Meeting,52.629801,1.287583,Sunday,11:00,Narcotics Anonymous,0,0,1
Monday's Just For Today,52.633471,1.292441,Monday,19:00,Narcotics Anonymous,0,0,1
Never Alone Never Again,52.25466,0.714093,Thursday,18:00,Narcotics Anonymous,0,0,1
Norwich Weekender,52.624722,1.288798,Sunday,19:00,Narcotics Anonymous,0,0,1
Norwich Women's,52.629801,1.287583,Sunday,16:30,Narcotics Anonymous,0,0,1
Plus Four's Living Clean,52.624722,1.288798,Thursday,19:45,Narcotics Anonymous,0,0,1
Soul Survivors,52.633471,1.292441,Tuesday,11:45,Narcotics Anonymous,0,0,1
Soul Survivors,52.633471,1.292441,Wednesday,11:45,Narcotics Anonymous,0,0,1
Soul Survivors,52.633471,1.292441,Friday,11:45,Narcotics Anonymous,0,0,1
Step & Tradition Meeting,52.25466,0.714093,Wednesday,19:30,Narcotics Anonymous,0,0,1
Step Meeting,52.624722,1.288798,Wednesday,19:00,Narcotics Anonymous,0,0,1
Sunday Night Experience,52.25466,0.714093,Sunday,17:00,Narcotics Anonymous,0,0,1
The No Matter What Club,52.248124,0.712098,Friday,18:15,Narcotics Anonymous,0,0,1
The Weekend Group,52.629747,1.291399,Friday,19:30,Narcotics Anonymous,0,0,1
The Weekend Group,52.629747,1.291399,Saturday,17:00,Narcotics Anonymous,0,0,1
Tuesday Night Speaker Meeting,52.25466,0.714093,Tuesday,19:15,Narcotics Anonymous,0,0,1
Women Growing In Recovery Together,52.241012,0.710843,Saturday,11:00,Narcotics Anonymous,0,0,1
Hurst Green Recovery Warriors,51.243262,0.005923,Monday,19:00,Narcotics Anonymous,0,0,1
Hurst Green Recovery Warriors,51.243262,0.005923,Thursday,18:00,Narcotics Anonymous,0,0,1
Sunday Redhill Group,51.237773,-0.179806,Sunday,19:30,Narcotics Anonymous,0,0,1
Another Chance At Life,52.141095,-0.476674,Friday,19:30,Narcotics Anonymous,0,0,1
Just For Today,51.8828,-0.179964,Monday,18:00,Narcotics Anonymous,0,0,1
Letchworth Serenity Sofas,51.975192,-0.217659,Wednesday,19:30,Narcotics Anonymous,0,0,1
"It Works, How & Why",51.479439,0.325883,Wednesday,18:00,Narcotics Anonymous,0,0,1
Living Clean,51.553874,0.201188,Sunday,19:00,Narcotics Anonymous,0,0,1
Recovery Wednesday,51.479439,0.325883,Wednesday,17:00,Narcotics Anonymous,0,0,1
S.P.A.D,51.616077,0.299247,Tuesday,19:15,Narcotics Anonymous,0,0,1
Barrow Power Hour,54.115924,-3.225326,Monday,18:00,Narcotics Anonymous,0,0,1
Barrow Power Hour,54.10892,-3.220129,Saturday,19:00,Narcotics Anonymous,0,0,1
Barrow-In-Furness,54.121244,-3.217465,Wednesday,18:30,Narcotics Anonymous,0,0,1
Carlisle Hope Group,54.889728,-2.95813,Wednesday,19:30,Narcotics Anonymous,0,0,1
Chatburn Wednesday Night NA,53.893188,-2.34971,Wednesday,19:30,Narcotics Anonymous,0,0,1
Chorley NA,53.654112,-2.626032,Saturday,11:00,Narcotics Anonymous,0,0,1
Chorley NA Meeting,53.654112,-2.626032,Thursday,19:15,Narcotics Anonymous,0,0,1
Fighting Fear In Windermere,54.375474,-2.904797,Monday,18:00,Narcotics Anonymous,0,0,1
Freedom In Fleetwood,53.92301,-3.010922,Thursday,19:00,Narcotics Anonymous,0,0,1
Friday Night,54.048385,-2.806412,Friday,19:30,Narcotics Anonymous,0,0,1
Friday Night Blackpool NA Meeting,53.818974,-3.052873,Friday,19:00,Narcotics Anonymous,0,0,1
Friday Night Hope,54.889728,-2.95813,Friday,19:30,Narcotics Anonymous,0,0,1
Just For Today,53.688599,-2.570334,Tuesday,18:45,Narcotics Anonymous,0,0,1
Just For Today,54.064496,-2.886131,Saturday,10:00,Narcotics Anonymous,0,0,1
Kendal Newcomers Meeting,54.330841,-2.73898,Friday,19:00,Narcotics Anonymous,0,0,1
Kendal Power House,54.325365,-2.748122,Tuesday,19:00,Narcotics Anonymous,0,0,1
Lancaster Group,54.048385,-2.806412,Tuesday,19:30,Narcotics Anonymous,0,0,1
Living Clean,54.895874,-2.975272,Monday,19:30,Narcotics Anonymous,0,0,1
Living Clean In Lytham,53.739746,-2.944947,Thursday,19:00,Narcotics Anonymous,0,0,1
Living Clean Reading,54.048385,-2.806412,Sunday,18:45,Narcotics Anonymous,0,0,1
Main Share,54.048385,-2.806412,Wednesday,20:00,Narcotics Anonymous,0,0,1
Morecambe Group,54.064496,-2.886131,Thursday,19:30,Narcotics Anonymous,0,0,1
Northern Souls,53.778918,-2.477866,Sunday,19:15,Narcotics Anonymous,0,0,1
Preston JFT Group,53.767835,-2.676056,Thursday,19:30,Narcotics Anonymous,0,0,1
Preston Monday,53.766654,-2.654603,Monday,19:30,Narcotics Anonymous,0,0,1
Reaching Out Group,53.615804,-2.155116,Monday,19:30,Narcotics Anonymous,0,0,1
Rochdale Saturday Night,53.6045471,-2.1101788,Saturday,19:30,Narcotics Anonymous,0,0,1
Saturday Serenity,54.889728,-2.95813,Saturday,10:30,Narcotics Anonymous,0,0,1
Sound Sunday,54.890829,-2.9667,Sunday,12:30,Narcotics Anonymous,0,0,1
Southport Friday,53.652895,-2.995369,Friday,19:30,Narcotics Anonymous,0,0,1
Stick With The Winners,53.780864,-2.745057,Tuesday,19:30,Narcotics Anonymous,0,0,1
Sunday Night Preston Meeting,53.768974,-2.712258,Sunday,19:30,Narcotics Anonymous,0,0,1
Ulverston We Do Recover,54.1985,-3.092396,Thursday,19:30,Narcotics Anonymous,0,0,1
Women's Meeting,54.890829,-2.9667,Tuesday,18:30,Narcotics Anonymous,0,0,1
Basic Text Study,54.018412,-1.466304,Thursday,19:00,Narcotics Anonymous,0,0,1
Bingley Friday,53.851602,-1.841643,Friday,19:00,Narcotics Anonymous,0,0,1
Carrying The Message,53.803169,-1.566013,Saturday,11:00,Narcotics Anonymous,0,0,1
Friday Civic,53.802161,-1.548517,Friday,17:30,Narcotics Anonymous,0,0,1
Friday Feelings,53.819343,-1.577345,Friday,19:30,Narcotics Anonymous,0,0,1
Halton Higher Power Sunday Meeting Of Narcotics Anonymous,53.798029,-1.474124,Sunday,18:30,Narcotics Anonymous,0,0,1
Harrogate,53.991142,-1.530849,Sunday,18:30,Narcotics Anonymous,0,0,1
J.F.T Reading,53.883183,-2.043319,Thursday,12:30,Narcotics Anonymous,0,0,1
Keighley Tuesday,53.866786,-1.909411,Tuesday,19:30,Narcotics Anonymous,0,0,1
Leeds,53.803233,-1.566179,Tuesday,12:00,Narcotics Anonymous,0,0,1
Leeds Civic Hall JFT NA,53.802161,-1.548517,Monday,18:00,Narcotics Anonymous,0,0,1
Lepsze Dzisiaj (Better Today),53.823934,-1.531319,Wednesday,19:00,Narcotics Anonymous,0,0,1
Seacroft Child Welcome Meeting,53.827991,-1.469055,Saturday,11:30,Narcotics Anonymous,0,0,1
Seacroft Leeds Meeting,53.827991,-1.469055,Thursday,18:30,Narcotics Anonymous,0,0,1
Shipley Monday,53.834314,-1.778333,Monday,18:30,Narcotics Anonymous,0,0,1
Show Me How,53.912552,-1.744242,Tuesday,19:00,Narcotics Anonymous,0,0,1
Skipton Sunday,53.955694,-2.019013,Sunday,15:00,Narcotics Anonymous,0,0,1
Sunday Leeds Group,53.803233,-1.566179,Sunday,10:00,Narcotics Anonymous,0,0,1
Thursday York,53.955184,-1.075116,Thursday,18:30,Narcotics Anonymous,0,0,1
Whitby NA Meeting,54.478732,-0.606958,Thursday,18:00,Narcotics Anonymous,0,0,1
Working Steps/Daily Readings,53.803169,-1.566013,Wednesday,19:30,Narcotics Anonymous,0,0,1
York Group,53.95587,-1.073135,Tuesday,18:30,Narcotics Anonymous,0,0,1
York Just For Today,53.95587,-1.073135,Monday,19:00,Narcotics Anonymous,0,0,1
York Walmgate Group,53.955184,-1.075116,Saturday,18:00,Narcotics Anonymous,0,0,1
"I Can't, We Can",52.289185,-0.598688,Sunday,18:00,Narcotics Anonymous,0,0,1
Just For Today,52.485642,-0.72139,Friday,19:30,Narcotics Anonymous,0,0,1
Just For Today,52.272415,-0.81437,Friday,20:00,Narcotics Anonymous,0,0,1
Just For Today-We Do Recover,52.300549,-0.70052,Tuesday,19:30,Narcotics Anonymous,0,0,1
Nasze Northampton Polish Meeting,52.236627,-0.899221,Wednesday,19:45,Narcotics Anonymous,0,0,1
No Matter What Club,52.406018,-0.727192,Monday,19:30,Narcotics Anonymous,0,0,1
Northampton Miracles Happen Group,52.238217,-0.88067,Sunday,13:00,Narcotics Anonymous,0,0,1
Northampton Miracles Happen Group,52.238217,-0.88067,Wednesday,19:00,Narcotics Anonymous,0,0,1
Recovery Front Line,52.238217,-0.88067,Tuesday,15:30,Narcotics Anonymous,0,0,1
Spiritual Principles,52.238217,-0.88067,Saturday,18:00,Narcotics Anonymous,0,0,1
Tuesday Night Duston Newcomers Meeting,52.250248,-0.947209,Tuesday,19:30,Narcotics Anonymous,0,0,1
Turnaround Tuesday,52.140917,-0.9848,Tuesday,19:30,Narcotics Anonymous,0,0,1
We Do Recover,52.236627,-0.899221,Monday,19:30,Narcotics Anonymous,0,0,1
Living Clean Meeting,51.060233,-1.309257,Friday,19:00,Narcotics Anonymous,0,0,1
Recovery In The Park,50.969284,-1.354716,Thursday,19:00,Narcotics Anonymous,0,0,1
Saturday Winchester Meeting,51.060233,-1.309257,Saturday,18:00,Narcotics Anonymous,0,0,1
Step Working Meeting,51.060233,-1.309257,Wednesday,20:00,Narcotics Anonymous,0,0,1
Aramesh Nottingham,52.968139,-1.176283,Monday,19:00,Narcotics Anonymous,0,0,1
Back To Basic’S,52.63342,-1.131456,Tuesday,19:15,Narcotics Anonymous,0,0,1
Friday Night NA Leicester,52.63342,-1.131456,Friday,19:15,Narcotics Anonymous,0,0,1
Leicester Monday Night Meeting,52.63342,-1.131456,Monday,19:15,Narcotics Anonymous,0,0,1
Leicester Women's Saturday Meeting,52.63342,-1.131456,Saturday,13:00,Narcotics Anonymous,0,0,1
Living Clean,52.971153,-1.307574,Tuesday,19:30,Narcotics Anonymous,0,0,1
Living Clean,52.921481,-1.246376,Monday,19:30,Narcotics Anonymous,0,0,1
Loughborough Field Of Dreams,52.776848,-1.22824,Tuesday,19:30,Narcotics Anonymous,0,0,1
Loughborough Thursday,52.772488,-1.204772,Thursday,19:30,Narcotics Anonymous,0,0,1
Mansfield,53.145997,-1.201798,Sunday,19:30,Narcotics Anonymous,0,0,1
Newcomers Meeting,52.956111,-1.152945,Wednesday,19:30,Narcotics Anonymous,0,0,1
Nottingham 7:30Pm Group,52.954581,-1.156353,Thursday,19:30,Narcotics Anonymous,0,0,1
Nottingham Women’S,52.957484,-1.156612,Tuesday,18:00,Narcotics Anonymous,0,0,1
Saturday Loughborough,52.776848,-1.22824,Saturday,18:00,Narcotics Anonymous,0,0,1
Step Meeting,52.954581,-1.156353,Monday,19:30,Narcotics Anonymous,0,0,1
Sunday Afternoon Meeting,52.63342,-1.131456,Sunday,16:00,Narcotics Anonymous,0,0,1
Sunday NA,52.956111,-1.152945,Sunday,18:30,Narcotics Anonymous,0,0,1
"Wednesday Leicester ""Round Robin""",52.636977,-1.127381,Wednesday,19:15,Narcotics Anonymous,0,0,1
Basic Text Book Study,50.737879,-1.921714,Monday,19:00,Narcotics Anonymous,0,0,1
Parkstone Meeting,50.722997,-1.956264,Thursday,19:30,Narcotics Anonymous,0,0,1
"West Howe, It Works!",50.763955,-1.914718,Monday,19:30,Narcotics Anonymous,0,0,1
12 Step Recovery,53.045574,-2.195957,Wednesday,19:30,Narcotics Anonymous,0,0,1
A Solution In Stafford,52.811342,-2.120573,Wednesday,19:30,Narcotics Anonymous,0,0,1
Burslem Basic Text,53.045574,-2.195957,Saturday,13:00,Narcotics Anonymous,0,0,1
Crewe Tuesday Night Meeting,53.091886,-2.443414,Tuesday,19:00,Narcotics Anonymous,0,0,1
Hanley NA,53.02096,-2.174139,Sunday,19:30,Narcotics Anonymous,0,0,1
JFT Or Speaker,53.013384,-2.221611,Thursday,19:30,Narcotics Anonymous,0,0,1
Cheltenham Highbury Monday Night,51.896916,-2.066194,Monday,19:30,Narcotics Anonymous,0,0,1
For The Newcomer,51.744352,-2.216394,Monday,19:30,Narcotics Anonymous,0,0,1
Forest Of Dean Group Of Narcotics Anonymous,51.825207,-2.503004,Thursday,19:00,Narcotics Anonymous,0,0,1
Friday Freedom,51.8638066,-2.2469328,Friday,19:30,Narcotics Anonymous,0,0,1
Happy Tuesday,51.852685,-2.253022,Tuesday,19:30,Narcotics Anonymous,0,0,1
Just For Today,51.896916,-2.066194,Saturday,10:30,Narcotics Anonymous,0,0,1
Nailsworth Meeting Makers,51.694014,-2.218352,Tuesday,19:00,Narcotics Anonymous,0,0,1
Saturday Night NA,51.863693,-2.247798,Saturday,19:00,Narcotics Anonymous,0,0,1
Stroud Saturday Afternoon,51.744396,-2.212049,Saturday,14:00,Narcotics Anonymous,0,0,1
Stroud Thursday,51.746171,-2.215012,Thursday,18:45,Narcotics Anonymous,0,0,1
Super Sunday,51.863693,-2.247798,Sunday,18:00,Narcotics Anonymous,0,0,1
The Living Clean Mens Meeting,51.896916,-2.066194,Friday,19:00,Narcotics Anonymous,0,0,1
Wednesday Cheltenham,51.900773,-2.078648,Wednesday,19:00,Narcotics Anonymous,0,0,1
Wednesday Night Women's Meeting,51.750821,-2.234884,Wednesday,19:00,Narcotics Anonymous,0,0,1
WEDNESDAY SOLUTIONS,51.863183,-2.24216,Wednesday,12:30,Narcotics Anonymous,0,0,1
Women's Empower Hour,51.902054,-2.095946,Monday,18:00,Narcotics Anonymous,0,0,1
Freedom On Friday,52.672062,-2.433752,Friday,19:00,Narcotics Anonymous,0,0,1
Get Well Monday,52.700512,-2.518722,Monday,19:00,Narcotics Anonymous,0,0,1
Keep It In The Day Tuesdays,52.704343,-2.518933,Tuesday,14:00,Narcotics Anonymous,0,0,1
Park Lane Friday Meeting,52.638086,-2.467046,Friday,11:30,Narcotics Anonymous,0,0,1
Park Lane NA,52.638086,-2.467046,Wednesday,19:00,Narcotics Anonymous,0,0,1
Saturday Night Meeting,52.672423,-2.468004,Saturday,19:00,Narcotics Anonymous,0,0,1
Shrewsbury Newcomers,52.70625,-2.754057,Thursday,19:00,Narcotics Anonymous,0,0,1
Shrewsbury Sunday Night Meeting,52.70625,-2.754057,Sunday,19:00,Narcotics Anonymous,0,0,1
Happy Thursdays,50.911279,-1.426497,Thursday,19:30,Narcotics Anonymous,0,0,1
Just For Today,50.912469,-1.402073,Wednesday,19:00,Narcotics Anonymous,0,0,1
Monday's Finest,50.915695,-1.403435,Monday,19:30,Narcotics Anonymous,0,0,1
Newcomers' Meeting,50.899007,-1.405596,Friday,19:30,Narcotics Anonymous,0,0,1
Serenity Saturday,50.905728,-1.399253,Saturday,11:00,Narcotics Anonymous,0,0,1
Southampton Just For Today,50.912469,-1.402073,Monday,14:00,Narcotics Anonymous,0,0,1
Southampton Serenity Sunday,50.912469,-1.402073,Sunday,17:00,Narcotics Anonymous,0,0,1
Southampton Womens Meeting,50.918075,-1.402878,Tuesday,19:00,Narcotics Anonymous,0,0,1
12 Steps To Freedom,51.021475,-3.104666,Tuesday,19:00,Narcotics Anonymous,0,0,1
Basic Text Study,51.345638,-2.96533,Monday,19:30,Narcotics Anonymous,0,0,1
Castle Cary,51.089606,-2.513657,Tuesday,18:30,Narcotics Anonymous,0,0,1
Just 4 Today Meeting,51.345638,-2.96533,Thursday,10:30,Narcotics Anonymous,0,0,1
Living Clean Study / Share,51.331294,-2.965121,Tuesday,18:00,Narcotics Anonymous,0,0,1
Living The Program,51.346298,-2.977497,Monday,19:00,Narcotics Anonymous,0,0,1
New Beginnings,51.147777,-2.711892,Friday,19:30,Narcotics Anonymous,0,0,1
New Beginnings,50.943526,-2.662849,Saturday,19:15,Narcotics Anonymous,0,0,1
Parents In Recovery,51.339978,-2.977787,Thursday,19:00,Narcotics Anonymous,0,0,1
Rise And Recover,51.01649,-3.10305,Saturday,11:00,Narcotics Anonymous,0,0,1
Serenity Tuesdays,51.339978,-2.977787,Tuesday,10:30,Narcotics Anonymous,0,0,1
Share Meeting,51.331294,-2.965121,Friday,18:00,Narcotics Anonymous,0,0,1
Share Meeting,51.346298,-2.977497,Saturday,19:00,Narcotics Anonymous,0,0,1
Step Working Guide Study Group,51.346298,-2.977497,Wednesday,19:30,Narcotics Anonymous,0,0,1
Taunton Thursday Recovery,51.017846,-3.08606,Thursday,19:30,Narcotics Anonymous,0,0,1
Thursday Luton Squared,51.876694,-0.410828,Thursday,19:30,Narcotics Anonymous,0,0,1
Friday Feeling,50.46981,-3.53592,Friday,19:30,Narcotics Anonymous,0,0,1
Living Clean,50.470036,-3.535815,Sunday,19:00,Narcotics Anonymous,0,0,1
Monday Morning Miracles,50.46981,-3.53592,Monday,10:00,Narcotics Anonymous,0,0,1
Paignton's JFT,50.439715,-3.584982,Wednesday,18:30,Narcotics Anonymous,0,0,1
Primary Purpose,50.46981,-3.53592,Thursday,19:30,Narcotics Anonymous,0,0,1
Totnes Men's Group,50.431271,-3.686586,Saturday,10:00,Narcotics Anonymous,0,0,1
Totnes Tuesday Group,50.431271,-3.686586,Tuesday,19:30,Narcotics Anonymous,0,0,1
12 Steps 1 Promise,52.060579,1.154305,Thursday,18:00,Narcotics Anonymous,0,0,1
Just For Today,52.060579,1.154305,Monday,19:30,Narcotics Anonymous,0,0,1
Meet In The Middle - Stowmarket Meeting,52.186776,0.996954,Wednesday,19:00,Narcotics Anonymous,0,0,1
One Step Beyond,51.797093,1.153147,Saturday,19:00,Narcotics Anonymous,0,0,1
We Do Recover,51.797093,1.153147,Wednesday,19:30,Narcotics Anonymous,0,0,1
Bonn Square Newcomers,51.751873,-1.260137,Thursday,19:45,Narcotics Anonymous,0,0,1
Chippy Tuesdays JFT,51.943021,-1.546546,Tuesday,13:00,Narcotics Anonymous,0,0,1
Every Addict Has A Message,52.058377,-1.339932,Monday,19:30,Narcotics Anonymous,0,0,1
"Experience, Strengh & Hope",51.784257,-1.486905,Thursday,19:30,Narcotics Anonymous,0,0,1
Happy Monday Meeting,51.741731,-1.235714,Monday,19:30,Narcotics Anonymous,0,0,1
Living Clean Sunday Sesh,51.726652,-1.207199,Sunday,10:00,Narcotics Anonymous,0,0,1
Oxford Basic Text Study,51.721005,-1.201069,Wednesday,19:30,Narcotics Anonymous,0,0,1
Oxford Monday Morning Meeting,51.747623,-1.236769,Monday,11:00,Narcotics Anonymous,0,0,1
Oxford Saturday Lunchtime,51.751855,-1.251058,Saturday,13:00,Narcotics Anonymous,0,0,1
Oxford Tuesday,51.760413,-1.261374,Tuesday,19:30,Narcotics Anonymous,0,0,1
Oxford Tuesday Daytime Meeting,51.75254,-1.276351,Tuesday,11:00,Narcotics Anonymous,0,0,1
Saturday Night Fever,51.721005,-1.201069,Saturday,19:00,Narcotics Anonymous,0,0,1
Share And Basic Text Reading,51.899283,-1.151824,Thursday,19:30,Narcotics Anonymous,0,0,1
Steps And Traditions Meeting,51.733563,-1.24774,Friday,20:00,Narcotics Anonymous,0,0,1
Sunday Solutions,51.75254,-1.276351,Sunday,17:00,Narcotics Anonymous,0,0,1
View From The Bridge,51.671341,-1.290808,Wednesday,20:00,Narcotics Anonymous,0,0,1
Womens Meeting,51.741413,-1.232547,Wednesday,19:00,Narcotics Anonymous,0,0,1
Barnsley 4 S's,53.560783,-1.496741,Saturday,19:00,Narcotics Anonymous,0,0,1
Barnsley Literature Study,53.560783,-1.496741,Thursday,19:00,Narcotics Anonymous,0,0,1
Doncaster NA - Ask-It-Basket,53.523835,-1.127095,Thursday,19:00,Narcotics Anonymous,0,0,1
Doncaster NA - Basic Text Study,53.523835,-1.127095,Sunday,18:00,Narcotics Anonymous,0,0,1
Doncaster NA - Literature Study,53.523835,-1.127095,Tuesday,19:00,Narcotics Anonymous,0,0,1
Doncaster NA Saturday Literature,53.522517,-1.128751,Saturday,11:00,Narcotics Anonymous,0,0,1
FARSI Sheffield,53.38721,-1.474958,Saturday,11:00,Narcotics Anonymous,0,0,1
Friends Of Jimmy K - Tuesday Night Meeting,53.36245,-1.479906,Tuesday,19:00,Narcotics Anonymous,0,0,1
Goldthorpe Just For Today,53.530443,-1.303954,Tuesday,18:00,Narcotics Anonymous,0,0,1
Hillsborough Womens,53.406913,-1.508697,Thursday,19:30,Narcotics Anonymous,0,0,1
Keep Coming Back,53.36245,-1.479906,Friday,19:30,Narcotics Anonymous,0,0,1
New Mistakes Group,53.383105,-1.469385,Saturday,11:15,Narcotics Anonymous,0,0,1
Back To Life,50.796902,-1.088615,Friday,19:30,Narcotics Anonymous,0,0,1
Bognor Regis Friday,50.782547,-0.67549,Friday,19:30,Narcotics Anonymous,0,0,1
Bognor Womens Meeting,50.782547,-0.67549,Sunday,11:00,Narcotics Anonymous,0,0,1
Chichester NA,50.833835,-0.779416,Thursday,19:30,Narcotics Anonymous,0,0,1
Chichester Strength In Unity,50.832984,-0.778927,Monday,18:30,Narcotics Anonymous,0,0,1
Cultural Vibes,50.786428,-1.058616,Sunday,15:00,Narcotics Anonymous,0,0,1
"Experience, Strength & Hope",50.800346,-1.094338,Wednesday,19:30,Narcotics Anonymous,0,0,1
Hope In Recovery,50.85269,-1.18416,Tuesday,19:30,Narcotics Anonymous,0,0,1
How It Works And Why ~ Auido Step Meeting,50.782847,-0.686085,Monday,19:30,Narcotics Anonymous,0,0,1
Isle Of Wight - Cowes,50.759045,-1.303339,Wednesday,12:00,Narcotics Anonymous,0,0,1
Isle Of Wight - Newport,50.700219,-1.291831,Friday,18:00,Narcotics Anonymous,0,0,1
Isle Of Wight - Newport Newcomers Meeting,50.69918,-1.297331,Tuesday,13:30,Narcotics Anonymous,0,0,1
Isle Of Wight - Ryde,50.726351,-1.162938,Monday,19:00,Narcotics Anonymous,0,0,1
Just For Today,50.843917,-1.06817,Tuesday,12:15,Narcotics Anonymous,0,0,1
Just For Today,50.782847,-0.686085,Tuesday,20:00,Narcotics Anonymous,0,0,1
Leigh Park Just For Today,50.869569,-1.000352,Monday,19:30,Narcotics Anonymous,0,0,1
Magic Mondays Just For Today Group,50.791331,-1.075444,Monday,19:30,Narcotics Anonymous,0,0,1
Men's Meeting,50.786428,-1.058616,Sunday,10:00,Narcotics Anonymous,0,0,1
Miracles Happen,50.791331,-1.075444,Sunday,10:30,Narcotics Anonymous,0,0,1
Newcomers,50.853353,-0.981407,Wednesday,19:00,Narcotics Anonymous,0,0,1
Newcomers Meeting,50.794862,-1.086768,Tuesday,19:30,Narcotics Anonymous,0,0,1
Petersfield Newcomers 'Rural Recovery',51.007649,-0.929114,Thursday,19:00,Narcotics Anonymous,0,0,1
Portsmouth Young Person's Meeting,50.791331,-1.075444,Sunday,19:00,Narcotics Anonymous,0,0,1
Recovery Is Possible,50.794739,-1.122271,Thursday,18:00,Narcotics Anonymous,0,0,1
Saturday Morning Recovery,50.787231,-1.074446,Saturday,09:15,Narcotics Anonymous,0,0,1
Saturday Newcomers,50.787231,-1.074446,Saturday,19:30,Narcotics Anonymous,0,0,1
Serenity Sunday,50.812066,-1.070705,Sunday,19:00,Narcotics Anonymous,0,0,1
Shanklin Newcomers Meeting,50.6266238,-1.1910982,Thursday,19:00,Narcotics Anonymous,0,0,1
Thursday Night Newcomers Meeting,50.787231,-1.074446,Thursday,19:00,Narcotics Anonymous,0,0,1
Waterlooville,50.901204,-1.030052,Thursday,19:00,Narcotics Anonymous,0,0,1
Waterlooville Saturday Night,50.887661,-1.007558,Saturday,18:00,Narcotics Anonymous,0,0,1
Wroxall Super Sunday,50.615694,-1.222555,Sunday,18:00,Narcotics Anonymous,0,0,1
Bracknell Group,51.423146,-0.754493,Friday,20:00,Narcotics Anonymous,0,0,1
Happy Mondays,51.453744,-0.981454,Monday,19:30,Narcotics Anonymous,0,0,1
Never Alone,51.455732,-0.96719,Friday,19:30,Narcotics Anonymous,0,0,1
Newcomers Meeting,51.451306,-0.969002,Wednesday,19:30,Narcotics Anonymous,0,0,1
Sandhurst Womens Meeting - We Do Recover,51.349512,-0.814546,Monday,19:30,Narcotics Anonymous,0,0,1
Sunday Serenity,51.450157,-0.936094,Sunday,19:30,Narcotics Anonymous,0,0,1
UK Nepalese Speaking Meeting,51.453278,-0.950062,Sunday,16:45,Narcotics Anonymous,0,0,1
Wokingham Group,51.412646,-0.836982,Tuesday,20:00,Narcotics Anonymous,0,0,1
Back To Basics,54.9895,-1.534749,Tuesday,18:30,Narcotics Anonymous,0,0,1
Gateshead Open Meeting,54.951185,-1.601299,Thursday,14:00,Narcotics Anonymous,0,0,1
Happy Mondays,54.972449,-1.593762,Monday,19:00,Narcotics Anonymous,0,0,1
Hope Filled Fridays,54.897894,-1.544319,Friday,18:00,Narcotics Anonymous,0,0,1
Just For Today,54.973143,-1.637012,Monday,12:00,Narcotics Anonymous,0,0,1
Keep Coming Back,54.976391,-1.58502,Friday,19:15,Narcotics Anonymous,0,0,1
Longbenton Meeting,55.011631,-1.58647,Thursday,18:15,Narcotics Anonymous,0,0,1
Middle Of The Boat,54.984451,-1.660225,Saturday,18:30,Narcotics Anonymous,0,0,1
NA Monday Afternoon Meeting,54.97297,-1.608298,Monday,12:00,Narcotics Anonymous,0,0,1
Serenity Sunday,54.995115,-1.716121,Sunday,13:30,Narcotics Anonymous,0,0,1
Shiremoor Meeting,55.038583,-1.503011,Sunday,18:30,Narcotics Anonymous,0,0,1
Spiritual Principles Meeting,54.939958,-1.546963,Friday,15:00,Narcotics Anonymous,0,0,1
Steps & Topics Meeting,54.984451,-1.660225,Wednesday,19:00,Narcotics Anonymous,0,0,1
Tuesday Afternoon Meeting,54.967194,-1.625848,Tuesday,13:00,Narcotics Anonymous,0,0,1
Ledbury On Thursdays,52.037065,-2.424046,Thursday,18:00,Narcotics Anonymous,0,0,1
Monday Worcester,52.190678,-2.219833,Monday,19:00,Narcotics Anonymous,0,0,1
Worcester Wednesdays,52.207979,-2.227309,Wednesday,18:30,Narcotics Anonymous,0,0,1
Dorchester Women’S Last Thursday Of The Month Meeting,50.714577,-2.442348,Thursday,19:00,Narcotics Anonymous,0,0,1
Freedom In Recovery,50.714577,-2.442348,Tuesday,19:30,Narcotics Anonymous,0,0,1
Just For Today,50.612797,-2.462989,Saturday,12:00,Narcotics Anonymous,0,0,1
Miracle Thursday,50.735595,-2.764658,Thursday,19:30,Narcotics Anonymous,0,0,1
Friday Feelings Meetings,51.25565,0.422935,Friday,18:00,Narcotics Anonymous,0,0,1
Go With The Flow - Share Meeting,51.192503,0.272443,Sunday,19:00,Narcotics Anonymous,0,0,1
Monday Maidstone Group,51.275258,0.534131,Monday,19:30,Narcotics Anonymous,0,0,1
Saturday Maidstone Group,51.275258,0.534131,Saturday,11:00,Narcotics Anonymous,0,0,1
Spiritual Principle A Day,51.386429,0.547356,Thursday,19:30,Narcotics Anonymous,0,0,1
There Is Another Way,51.386429,0.547356,Sunday,18:30,Narcotics Anonymous,0,0,1
Tunbridge Wells Candlelit Meeting,51.131567,0.273724,Thursday,20:15,Narcotics Anonymous,0,0,1
Beeston Just For Today,53.771796,-1.570179,Thursday,19:00,Narcotics Anonymous,0,0,1
Crypt Spiritual Principle A Day NA Meeting,53.801117,-1.553361,Wednesday,19:00,Narcotics Anonymous,0,0,1
Inclusion LGBTQIA+,53.797759,-1.54491,Friday,19:00,Narcotics Anonymous,0,0,1
Leeds Young People,53.797992,-1.544558,Monday,19:00,Narcotics Anonymous,0,0,1
Monday Lunchtime “It Works How & Why”,53.795912,-1.662716,Monday,12:30,Narcotics Anonymous,0,0,1
NA Topic Meeting,53.795608,-1.572892,Tuesday,19:00,Narcotics Anonymous,0,0,1
"Wakefield Steps 1,2,3",53.683573,-1.497005,Monday,18:30,Narcotics Anonymous,0,0,1
Crawley Friday Night,51.127067,-0.210486,Friday,19:30,Narcotics Anonymous,0,0,1
Crawley Living Clean,51.120692,-0.180254,Tuesday,18:30,Narcotics Anonymous,0,0,1
Crawley Monday,51.127067,-0.210486,Monday,19:45,Narcotics Anonymous,0,0,1
Everything Recovery Worthing,50.835913,-0.413799,Wednesday,19:00,Narcotics Anonymous,0,0,1
Haywards Heath,51.001405,-0.107675,Saturday,18:00,Narcotics Anonymous,0,0,1
Haywards Heath LGBTQ+,51.001405,-0.107675,Wednesday,19:00,Narcotics Anonymous,0,0,1
Horsham,51.06288,-0.333344,Thursday,19:45,Narcotics Anonymous,0,0,1
New Beginnings,50.816728,-0.369248,Monday,19:00,Narcotics Anonymous,0,0,1
Shoreham Thursday,50.834201,-0.273532,Thursday,09:30,Narcotics Anonymous,0,0,1
Shoreham Womens Meeting,50.834059,-0.275314,Monday,11:00,Narcotics Anonymous,0,0,1
Spiritual Principles NA Meeting,50.816691,-0.363429,Tuesday,19:00,Narcotics Anonymous,0,0,1
Worthing Friday Feelings,50.816728,-0.369248,Friday,19:00,Narcotics Anonymous,0,0,1
Bradford Friday St. Johns,53.783446,-1.731584,Friday,19:00,Narcotics Anonymous,0,0,1
Dave's Step One Mainshare,53.768234,-1.796246,Thursday,19:00,Narcotics Anonymous,0,0,1
Friday Night Halifax,53.719858,-1.859536,Friday,19:00,Narcotics Anonymous,0,0,1
Halifax Wednesday Night,53.724603,-1.864019,Wednesday,19:00,Narcotics Anonymous,0,0,1
Happy Mondays Men Only,53.684483,-1.83753,Monday,19:00,Narcotics Anonymous,0,0,1
Hebden Bridge NA Meeting,53.740126,-2.010182,Tuesday,19:00,Narcotics Anonymous,0,0,1
Huddersfield Tuesday Group,53.644982,-1.783802,Tuesday,19:00,Narcotics Anonymous,0,0,1
Ladies Meeting,53.720483,-1.863943,Saturday,17:00,Narcotics Anonymous,0,0,1
New Beginnings,53.731955,-1.872423,Thursday,19:00,Narcotics Anonymous,0,0,1
Sowerby Bridge Sunday,53.706567,-1.916795,Sunday,18:00,Narcotics Anonymous,0,0,1
Tuesday Night NA Meeting Of Hope,53.792657,-1.733541,Tuesday,18:30,Narcotics Anonymous,0,0,1
We Can,53.797343,-1.762572,Sunday,18:00,Narcotics Anonymous,0,0,1
Chippenham Friday Night Meeting,51.456798,-2.136839,Friday,19:00,Narcotics Anonymous,0,0,1
Chippenham Living Clean,51.459956,-2.118986,Wednesday,19:00,Narcotics Anonymous,0,0,1
Chippenham Monday Night Meeting,51.459436,-2.117862,Monday,19:00,Narcotics Anonymous,0,0,1
"Experience, Strength & Hope Meeting",51.3841,-2.3604,Tuesday,19:00,Narcotics Anonymous,0,0,1
Happy Mondays,51.385756,-2.360875,Monday,10:00,Narcotics Anonymous,0,0,1
Here & Now,51.57175,-1.77726,Saturday,10:30,Narcotics Anonymous,0,0,1
Just For Today,51.385756,-2.360875,Thursday,18:15,Narcotics Anonymous,0,0,1
Just For Today,51.561459,-1.779918,Tuesday,19:15,Narcotics Anonymous,0,0,1
No Matter What,51.588626,-1.768125,Sunday,18:00,Narcotics Anonymous,0,0,1
Step & Tradition Meeting,51.385756,-2.360875,Saturday,18:30,Narcotics Anonymous,0,0,1
Sunday Set Up - Living Clean,51.229392,-2.319664,Sunday,19:30,Narcotics Anonymous,0,0,1
Swindon Friday Night Candlelit Share/Literature,51.564468,-1.778288,Friday,19:15,Narcotics Anonymous,0,0,1
Swindon Lunchtime Recovery,51.558937,-1.78234,Thursday,12:00,Narcotics Anonymous,0,0,1
The Manic Monday's,51.635459,-1.710032,Monday,20:00,Narcotics Anonymous,0,0,1
Birkenhead Women's Meeting,53.384408,-3.036634,Monday,19:30,Narcotics Anonymous,0,0,1
Ford Estate Meeting,53.394805,-3.083625,Sunday,19:30,Narcotics Anonymous,0,0,1
Give It Away,53.372526,-3.089869,Friday,19:30,Narcotics Anonymous,0,0,1
Living Clean Book Study,53.398282,-3.037302,Tuesday,19:30,Narcotics Anonymous,0,0,1
Saturday Birkenhead,53.390648,-3.019748,Saturday,19:30,Narcotics Anonymous,0,0,1
Spiritual Principles A Day,53.390035,-3.020065,Saturday,10:00,Narcotics Anonymous,0,0,1
Steps To Freedom,53.390648,-3.019748,Wednesday,13:00,Narcotics Anonymous,0,0,1
Sunday Birkenhead,53.390648,-3.019748,Sunday,15:00,Narcotics Anonymous,0,0,1
The Den Step Meeting,53.40154,-3.057324,Monday,19:30,Narcotics Anonymous,0,0,1
The Message,53.413039,-3.044853,Tuesday,19:30,Narcotics Anonymous,0,0,1
Thursday Birkenhead Meeting,53.389027,-3.029588,Thursday,19:30,Narcotics Anonymous,0,0,1
Wednesday Birkenhead,53.390648,-3.019748,Wednesday,19:30,Narcotics Anonymous,0,0,1
Church Street NA Group | Newtownards,54.595393,-5.707481,Thursday,18:30,Narcotics Anonymous,0,0,1
"Doran's Hill NA Group | Thomas Davis GFC, Newry",54.16875,-6.353303,Sunday,18:00,Narcotics Anonymous,0,0,1
"Doran's Hill Women's NA Group | Thomas Davis GFC, Newry",54.16875,-6.353303,Wednesday,19:00,Narcotics Anonymous,0,0,1
Down With Recovery | NA Group | JFT Meeting,54.32469,-5.713084,Wednesday,12:00,Narcotics Anonymous,0,0,1
Down With Recovery | NA Group | Speaker Meeting,54.32469,-5.713084,Saturday,19:00,Narcotics Anonymous,0,0,1
Fellowship By The Sea | NA Group,54.208553,-5.893143,Friday,20:00,Narcotics Anonymous,0,0,1
Foyle Group Of NA,54.996329,-7.34452,Tuesday,20:00,Narcotics Anonymous,0,0,1
Foyle Group Of NA,54.996329,-7.34452,Saturday,11:00,Narcotics Anonymous,0,0,1
Hill Street Saturday NA Group | Newry Cathedral | Speaker Meeting,54.174585,-6.338506,Saturday,11:00,Narcotics Anonymous,0,0,1
Hill Street Thursday NA Group | Newry Cathedral,54.174585,-6.338506,Thursday,19:30,Narcotics Anonymous,0,0,1
"NA Group | Ballybot House, Newry",54.138698,-6.356133,Tuesday,19:00,Narcotics Anonymous,0,0,1
"NA Group | Church Of God, Larne | Speaker Meeting",54.85317,-5.813474,Wednesday,19:00,Narcotics Anonymous,0,0,1
Lisburn Men's NA Group | Lit. Meeting,54.513169,-6.044006,Tuesday,19:00,Narcotics Anonymous,0,0,1
Lisburn Men's NA Group | Lit. Meeting,54.513169,-6.044006,Friday,19:00,Narcotics Anonymous,0,0,1
Lisburn NA Group | JFT Meeting,54.513169,-6.044006,Monday,19:00,Narcotics Anonymous,0,0,1
NA Group | Ballynafeigh | JFT Meeting,54.580471,-5.920966,Monday,12:00,Narcotics Anonymous,0,0,1
NA Group | Ballynafeigh | SPAD Meeting,54.580471,-5.920966,Friday,19:00,Narcotics Anonymous,0,0,1
NA Group | Ballynafeigh Methodist Church Halls | Lit. Meeting,54.573879,-5.917482,Saturday,11:00,Narcotics Anonymous,0,0,1
"NA Group | Bridge Community Cntr, Lisburn | Basic Text / Speaker Meeting",54.513169,-6.044006,Wednesday,19:00,Narcotics Anonymous,0,0,1
"NA Group | Bridge Community Cntr, Lisburn | SPAD Meeting",54.513169,-6.044006,Saturday,10:00,Narcotics Anonymous,0,0,1
"NA Group | Church Of God, Shankill | Spiritual Principles Meeting",54.60329,-5.951329,Saturday,14:00,Narcotics Anonymous,0,0,1
NA Group | Donegall Pass | Meditation & SPAD Meeting,54.591193,-5.929007,Tuesday,12:00,Narcotics Anonymous,0,0,1
NA Group | Fitzroy,54.585415,-5.928944,Friday,12:00,Narcotics Anonymous,0,0,1
NA Group | Fitzroy (**This Meeting Does NOT Operate On The 1St Tue Of Every Month),54.585415,-5.928944,Tuesday,18:45,Narcotics Anonymous,0,0,1
NA Group | Fitzroy (**This Meeting Operates On The 1St Tue Of Every Month ONLY),54.585936,-5.931022,Tuesday,19:00,Narcotics Anonymous,0,0,1
NA Group | Fitzroy | JFT Meeting,54.585415,-5.928944,Saturday,17:00,Narcotics Anonymous,0,0,1
"NA Group | Houben Centre, Holy Cross Church",54.613142,-5.963853,Sunday,19:30,Narcotics Anonymous,0,0,1
NA Group | Mcquiston Church | It Works Meeting,54.590168,-5.897682,Thursday,12:30,Narcotics Anonymous,0,0,1
NA Group | Peace House | Lit. Meeting,54.578167,-5.943836,Sunday,11:00,Narcotics Anonymous,0,0,1
NA Group | Sandy Row,54.591976,-5.936951,Wednesday,11:00,Narcotics Anonymous,0,0,1
NA Group | Sandy Row | Women's Meeting,54.591976,-5.936951,Thursday,11:00,Narcotics Anonymous,0,0,1
NA Group | St Paul's | JFT Meeting,54.595308,-5.95645,Thursday,19:30,Narcotics Anonymous,0,0,1
NA Group | St Paul’S | Speaker Meeting,54.595308,-5.95645,Monday,19:30,Narcotics Anonymous,0,0,1
Oldpark Road NA Group | Sacred Heart Parish Centre,54.613674,-5.950111,Wednesday,19:00,Narcotics Anonymous,0,0,1
Lurgan NA Group | Church Of The Nazarene | Lit,54.45517,-6.330721,Tuesday,19:30,Narcotics Anonymous,0,0,1
Lurgan NA Group | Church Of The Nazarene | Lit/Spk Mtg.,54.45517,-6.330721,Saturday,18:30,Narcotics Anonymous,0,0,1
Queen Street NA Group,55.000638,-7.324338,Monday,14:30,Narcotics Anonymous,0,0,1
Queen Street NA Group,55.000638,-7.324338,Friday,14:30,Narcotics Anonymous,0,0,1
Roe Group Of NA | Speaker Meeting,55.047582,-6.939103,Thursday,20:00,Narcotics Anonymous,0,0,1
NA Group | Fermanagh House | JFT Meeting,54.345364,-7.642149,Thursday,19:00,Narcotics Anonymous,0,0,1
"NA Group | The Mill, Coalisland | JFT Meeting",54.539783,-6.700863,Wednesday,19:30,Narcotics Anonymous,0,0,1
"NA Group | The Mill, Coalisland | SPAD Meeting",54.539783,-6.700863,Saturday,11:00,Narcotics Anonymous,0,0,1
"NA Group | The Mill, Coalisland | Speaker Meeting",54.539783,-6.700863,Monday,19:30,Narcotics Anonymous,0,0,1
Out Of The Ashes | NA Group | Omagh,54.589973,-7.270642,Thursday,19:30,Narcotics Anonymous,0,0,1
,53.6285774,-8.1937732,Tuesday,20:00,Narcotics Anonymous,0,0,1
Abbeyfeale NA Meeting,52.3870384,-9.2912653,Monday,20:00,Narcotics Anonymous,0,0,1
Aiseiri,52.3214816,-6.449516,Friday,20:00,Narcotics Anonymous,0,0,1
Alive And Free,54.2763722,-8.4714502,Wednesday,19:30,Narcotics Anonymous,0,0,1
Carrick On Suir N.A.,52.3476614,-7.4111597,Monday,20:00,Narcotics Anonymous,0,0,1
Carrick On Suir N.A.,52.346598,-7.416797,Saturday,18:00,Narcotics Anonymous,0,0,1
"CDP, Athy",52.9956137,-6.9923195,Sunday,20:30,Narcotics Anonymous,0,0,1
"CDP, Athy",52.9956137,-6.9923195,Wednesday,20:00,Narcotics Anonymous,0,0,1
Clare NA,52.8154784,-8.9671315,Monday,20:30,Narcotics Anonymous,0,0,1
Clare NA,52.8154784,-8.9671315,Thursday,20:30,Narcotics Anonymous,0,0,1
Clare NA,52.8154784,-8.9671315,Saturday,20:00,Narcotics Anonymous,0,0,1
Cox's NA Freedom From Addiction Group,54.006871,-6.4180421,Monday,19:30,Narcotics Anonymous,0,0,1
Drogheda Women's Meeting,53.7148545,-6.3492072,Saturday,18:00,Narcotics Anonymous,0,0,1
Ennis,52.8452275,-8.9862467,Wednesday,11:00,Narcotics Anonymous,0,0,1
Ennis NA Meeting,52.8452275,-8.9862467,Monday,20:30,Narcotics Anonymous,0,0,1
Ennis Speaker,52.8452275,-8.9862467,Thursday,20:30,Narcotics Anonymous,0,0,1
Ennistymon,52.9387517,-9.2959043,Saturday,18:00,Narcotics Anonymous,0,0,1
Ennistymon NA Meeting,52.9387517,-9.2959043,Tuesday,20:00,Narcotics Anonymous,0,0,1
Experience Strength And Hope,52.2574053,-7.1104503,Friday,20:00,Narcotics Anonymous,0,0,1
Experience Strength Hope Meeting,52.2574053,-7.1104503,Saturday,13:00,Narcotics Anonymous,0,0,1
"Experience, Strength And Hope",52.2575523,-7.1106889,Sunday,20:00,Narcotics Anonymous,0,0,1
Fethard,52.4675519,-7.6925856,Wednesday,20:30,Narcotics Anonymous,0,0,1
Fethard,52.4675519,-7.6925856,Saturday,10:30,Narcotics Anonymous,0,0,1
Gorey Friday NA Meeting,52.6749737,-6.2983001,Friday,19:30,Narcotics Anonymous,0,0,1
It Works If You Work It Group,53.5229205,-6.0965632,Monday,19:45,Narcotics Anonymous,0,0,1
JFT Meeting Castlebar,53.858661,-9.3008025,Monday,20:00,Narcotics Anonymous,0,0,1
Just For Today Meeting,52.2557604,-7.1124533,Thursday,19:00,Narcotics Anonymous,0,0,1
Kildare Town NA,53.1560634,-6.9128815,Monday,20:30,Narcotics Anonymous,0,0,1
Limerick JFT Meeting,52.6583419,-8.6249191,Tuesday,10:30,Narcotics Anonymous,0,0,1
Limerick NA Meeting,52.6583419,-8.6249191,Thursday,20:30,Narcotics Anonymous,0,0,1
Limerick NA Meeting,52.6583419,-8.6249191,Friday,10:30,Narcotics Anonymous,0,0,1
Limerick NA Meeting,52.6583419,-8.6249191,Friday,20:30,Narcotics Anonymous,0,0,1
Limerick NA Meeting,52.6583419,-8.6249191,Saturday,18:00,Narcotics Anonymous,0,0,1
Limerick NA Mens Meeting,52.6583419,-8.6249191,Tuesday,20:30,Narcotics Anonymous,0,0,1
Living Clean Revision Meeting,53.9900683,-6.3827546,Sunday,11:30,Narcotics Anonymous,0,0,1
Meeting Of Hope,54.0732387,-7.0812527,Wednesday,19:00,Narcotics Anonymous,0,0,1
Meeting Of Hope,54.0732191,-7.0811657,Saturday,19:00,Narcotics Anonymous,0,0,1
Mullingar - Step Meeting,53.5273986,-7.3406068,Saturday,11:00,Narcotics Anonymous,0,0,1
NA  New Ross,52.3952897,-6.9437804,Thursday,20:00,Narcotics Anonymous,0,0,1
NA Belmullet,54.2165316,-9.9805542,Friday,20:00,Narcotics Anonymous,0,0,1
NA Drogheda Sunday Lunchtime,53.712982,-6.342014,Sunday,13:00,Narcotics Anonymous,0,0,1
NA Enfield,53.4146616,-6.7927712,Tuesday,20:00,Narcotics Anonymous,0,0,1
NA Enfield,53.4146616,-6.7927712,Saturday,19:00,Narcotics Anonymous,0,0,1
"NA Group | Muff, Co. Donegal",55.0723679,-7.2678945,Sunday,19:30,Narcotics Anonymous,0,0,1
NA Meeting,53.4315567,-7.9429329,Wednesday,20:00,Narcotics Anonymous,0,0,1
NA Meeting,53.4315567,-7.9429329,Friday,20:30,Narcotics Anonymous,0,0,1
NA Meeting,53.6231605,-9.2230011,Tuesday,20:15,Narcotics Anonymous,0,0,1
NA Meeting,54.1141382,-9.1588592,Wednesday,20:00,Narcotics Anonymous,0,0,1
NA Meeting,53.9816118,-9.114084,Saturday,20:30,Narcotics Anonymous,0,0,1
NA Meeting,54.2696431,-8.4756759,Saturday,17:30,Narcotics Anonymous,0,0,1
NA Meeting - Mullingar,53.5273986,-7.3406068,Sunday,18:00,Narcotics Anonymous,0,0,1
NA Meeting - Mullingar,53.5273986,-7.3406068,Thursday,20:00,Narcotics Anonymous,0,0,1
NA Sligo,54.2664206,-8.4645403,Sunday,18:00,Narcotics Anonymous,0,0,1
NA Sligo,54.2664206,-8.4645403,Tuesday,18:50,Narcotics Anonymous,0,0,1
NA Sligo,54.2724882,-8.4705496,Friday,19:30,Narcotics Anonymous,0,0,1
NA Srah Tullamore,53.2873785,-7.5158273,Monday,19:00,Narcotics Anonymous,0,0,1
NA The Shambles New Ross,52.3954337,-6.9438771,Sunday,11:00,Narcotics Anonymous,0,0,1
NA Tullamore,53.272304,-7.4906744,Tuesday,19:30,Narcotics Anonymous,0,0,1
NA Tullamore,53.272304,-7.4906744,Friday,19:30,Narcotics Anonymous,0,0,1
NA Waterford,52.2574053,-7.1104503,Monday,18:00,Narcotics Anonymous,0,0,1
Naas NA Meeting,53.2304799,-6.6475243,Thursday,20:00,Narcotics Anonymous,0,0,1
Nenagh NA Meeting,52.863342,-8.1971032,Monday,20:00,Narcotics Anonymous,0,0,1
Newcastle West NA Meeting,52.452974,-9.0665579,Sunday,20:00,Narcotics Anonymous,0,0,1
On Life's Terms Group - Kinsale,51.7064376,-8.524875,Wednesday,20:00,Narcotics Anonymous,0,0,1
Recovering With Love Group,52.6568614,-8.6274115,Sunday,18:00,Narcotics Anonymous,0,0,1
Recovering With Love Group,52.6568614,-8.6274115,Monday,19:30,Narcotics Anonymous,0,0,1
Recovering With Love Group,52.6484316,-8.6328118,Tuesday,19:00,Narcotics Anonymous,0,0,1
Recovering With Love Group,52.6568614,-8.6274115,Wednesday,19:30,Narcotics Anonymous,0,0,1
Roscrea N.A (R.N.A),52.9516267,-7.7993567,Friday,20:30,Narcotics Anonymous,0,0,1
Shannon NA Meeting,52.709236,-8.8641792,Sunday,20:30,Narcotics Anonymous,0,0,1
Shannon NA Meeting,52.709236,-8.8641792,Wednesday,20:30,Narcotics Anonymous,0,0,1
Skibereen NA Meeting,51.5499649,-9.2654787,Friday,20:00,Narcotics Anonymous,0,0,1
Sligo Womens Meeting,54.2720775,-8.4749346,Wednesday,13:00,Narcotics Anonymous,0,0,1
"St Marys Parish Hall, Clonmel",52.3521558,-7.7093414,Sunday,20:00,Narcotics Anonymous,0,0,1
"St Marys Parish Hall, Clonmel",52.3521558,-7.7093414,Tuesday,20:30,Narcotics Anonymous,0,0,1
"St Marys Parish Hall, Clonmel",52.3521558,-7.7093414,Friday,20:30,Narcotics Anonymous,0,0,1
Step To Freedom Group Portlaoise,53.0268458,-7.3220704,Monday,20:00,Narcotics Anonymous,0,0,1
Step To Freedom Group Portlaoise,53.0268458,-7.3220704,Saturday,19:00,Narcotics Anonymous,0,0,1
Steps And Traditions Meeting,54.2664206,-8.4645403,Monday,19:30,Narcotics Anonymous,0,0,1
Steps To Freedom Group,52.3375373,-6.4650602,Sunday,19:00,Narcotics Anonymous,0,0,1
Steps To Living,53.6515947,-6.6853484,Monday,20:00,Narcotics Anonymous,0,0,1
Steps To Living,53.6515947,-6.6853484,Friday,20:00,Narcotics Anonymous,0,0,1
Steps To Living (Please Note New Time),53.6515947,-6.6853484,Wednesday,20:00,Narcotics Anonymous,0,0,1
Summerhill Speaker Meeting,52.3348683,-6.4681408,Monday,19:30,Narcotics Anonymous,0,0,1
The Alternative Group,54.2650821,-8.464513,Thursday,19:00,Narcotics Anonymous,0,0,1
The Light And Dark Group - Literature Meeting,52.3375373,-6.4650602,Wednesday,20:00,Narcotics Anonymous,0,0,1
The Living Clean Group Dundalk,53.9894818,-6.3846052,Wednesday,20:00,Narcotics Anonymous,0,0,1
The Living Clean Group Dundalk,53.9894818,-6.3846052,Friday,20:00,Narcotics Anonymous,0,0,1
The Portarlington Hope Group,53.1596965,-7.1897853,Thursday,19:30,Narcotics Anonymous,0,0,1
The Spirit Of Giving NA,52.5035969,-6.5727057,Tuesday,20:00,Narcotics Anonymous,0,0,1
The Truth Will Set You Free Drogheda,53.7148545,-6.3492072,Tuesday,20:00,Narcotics Anonymous,0,0,1
The Truth Will Set You Free Drogheda,53.7148545,-6.3492072,Saturday,15:00,Narcotics Anonymous,0,0,1
Tinahely NA,52.7932738,-6.4588754,Monday,19:30,Narcotics Anonymous,0,0,1
Tipperary Town NA Meeting,52.4751411,-8.1592624,Wednesday,20:00,Narcotics Anonymous,0,0,1
Topic Meeting,52.3954337,-6.9438771,Tuesday,20:00,Narcotics Anonymous,0,0,1
Unity Group,53.6076188,-6.1794817,Thursday,20:00,Narcotics Anonymous,0,0,1
Waterford Clean And Serene,52.2360954,-7.1394573,Saturday,19:00,Narcotics Anonymous,0,0,1
Waterford Step Meeting,52.2574053,-7.1104503,Tuesday,20:00,Narcotics Anonymous,0,0,1
Waterford Topic Meeting,52.2490397,-7.1346028,Wednesday,19:00,Narcotics Anonymous,0,0,1
We Do Recover,52.5035969,-6.5727057,Saturday,19:00,Narcotics Anonymous,0,0,1
We Do Recover - Cavan,53.9930665,-7.3593411,Tuesday,19:00,Narcotics Anonymous,0,0,1
We Do Recover Group  Drogheda,53.7130031,-6.3448521,Sunday,19:00,Narcotics Anonymous,0,0,1
We Do Recover Group Drogheda,53.7130031,-6.3448521,Monday,20:00,Narcotics Anonymous,0,0,1
Westport Meeting,53.7988714,-9.5187296,Friday,20:30,Narcotics Anonymous,0,0,1
Carrigaline Group,51.8148503,-8.387194,Friday,18:15,Narcotics Anonymous,0,0,1
Carrigaline Meditation Meeting,51.8159359,-8.3905479,Sunday,10:30,Narcotics Anonymous,0,0,1
Carrigaline New Beginnings,51.8148503,-8.387194,Wednesday,20:00,Narcotics Anonymous,0,0,1
Churchfield Group,51.90743,-8.4905185,Sunday,12:00,Narcotics Anonymous,0,0,1
Churchfield Group,51.90743,-8.4905185,Wednesday,19:00,Narcotics Anonymous,0,0,1
Churchfield Group,51.90743,-8.4905185,Friday,19:00,Narcotics Anonymous,0,0,1
Churchfield Group,51.90743,-8.4905185,Saturday,19:00,Narcotics Anonymous,0,0,1
Leap Into Recovery,51.5709881,-9.1505846,Monday,20:00,Narcotics Anonymous,0,0,1
Mallow Meeting,52.1389381,-8.6423336,Tuesday,19:30,Narcotics Anonymous,0,0,1
Mallow Meeting,52.1389381,-8.6423336,Thursday,19:30,Narcotics Anonymous,0,0,1
Mallow NA Meeting,52.1389381,-8.6423336,Saturday,19:30,Narcotics Anonymous,0,0,1
Midleton,51.9114255,-8.1736311,Sunday,18:00,Narcotics Anonymous,0,0,1
Midleton NA,51.9114255,-8.1736311,Monday,20:00,Narcotics Anonymous,0,0,1
Midleton NA,51.9114255,-8.1736311,Saturday,13:00,Narcotics Anonymous,0,0,1
Newcomer's Meeting,51.8935679,-8.4679976,Tuesday,20:00,Narcotics Anonymous,0,0,1
Popes Quay NA Meeting,51.9012198,-8.4738212,Saturday,15:00,Narcotics Anonymous,0,0,1
Quaker House Women's Meeting,51.8920536,-8.4686157,Sunday,18:30,Narcotics Anonymous,0,0,1
Strength And Hope,51.8920536,-8.4686157,Monday,20:00,Narcotics Anonymous,0,0,1
Strength And Hope,51.8920536,-8.4686157,Wednesday,20:00,Narcotics Anonymous,0,0,1
The Glen Group,51.9117823,-8.4579119,Sunday,12:00,Narcotics Anonymous,0,0,1
Thursday Evening In The Glen,51.9117823,-8.4579119,Thursday,18:30,Narcotics Anonymous,0,0,1
We Do Recover,51.894202,-8.469278,Sunday,20:00,Narcotics Anonymous,0,0,1
We Do Recover,51.894202,-8.469278,Friday,20:00,Narcotics Anonymous,0,0,1
Bundoran NA,54.4761345,-8.277348,Sunday,17:30,Narcotics Anonymous,0,0,1
"Experience, Strength & Hope NA Group | Letterkenny Pastoral Centre | Speaker Meeting",54.9521118,-7.7392139,Wednesday,20:00,Narcotics Anonymous,0,0,1
"Experience, Strength & Hope NA Group | Letterkenny Pastoral Centre | Traditions Meeting",54.9521118,-7.7392139,Monday,18:00,Narcotics Anonymous,0,0,1
Hope For The Future | NA Group | JFT Meeting,54.9491095,-7.7356041,Saturday,11:30,Narcotics Anonymous,0,0,1
Hope For The Future | NA Group | Step Working Guide Study Meeting,54.9491095,-7.7356041,Friday,19:00,Narcotics Anonymous,0,0,1
Ballyfermot Group,53.3428834,-6.3462942,Tuesday,19:00,Narcotics Anonymous,0,0,1
Ballyfermot Group,53.3428834,-6.3462942,Thursday,19:00,Narcotics Anonymous,0,0,1
Ballymun,53.3976351,-6.2659246,Tuesday,19:00,Narcotics Anonymous,0,0,1
Ballymun Step Meeting,53.3976351,-6.2659246,Thursday,19:30,Narcotics Anonymous,0,0,1
Ballyogan,53.2567268,-6.1909232,Sunday,19:00,Narcotics Anonymous,0,0,1
Bawnogue Experience Strength & Hope Group,53.3250384,-6.4116534,Monday,19:00,Narcotics Anonymous,0,0,1
Bawnogue Experience Strength & Hope Group,53.3248743,-6.4128795,Thursday,19:00,Narcotics Anonymous,0,0,1
Blanchardstown Kellystown,53.3831712,-6.4100179,Monday,19:00,Narcotics Anonymous,0,0,1
Charlemont Conscious Contact Group,53.3312124,-6.2622379,Sunday,20:00,Narcotics Anonymous,0,0,1
Chrysalis Community Project,53.3530799,-6.2845793,Wednesday,19:30,Narcotics Anonymous,0,0,1
City Clinic,53.3529375,-6.2482746,Thursday,12:30,Narcotics Anonymous,0,0,1
Clonsilla,53.3826976,-6.4102942,Thursday,19:00,Narcotics Anonymous,0,0,1
Darndale Group,53.4015198,-6.1939027,Wednesday,19:30,Narcotics Anonymous,0,0,1
Darndale Group,53.4015198,-6.1939027,Friday,19:00,Narcotics Anonymous,0,0,1
Donore Avenue Group,53.3343715,-6.2844402,Tuesday,19:00,Narcotics Anonymous,0,0,1
Drimnagh,53.3351604,-6.3181007,Wednesday,19:30,Narcotics Anonymous,0,0,1
Drimnagh,53.3351604,-6.3181007,Friday,19:30,Narcotics Anonymous,0,0,1
Dublin Christian Mission,53.3460188,-6.2721732,Friday,19:00,Narcotics Anonymous,0,0,1
From The Street To The Seat Group,53.3440905,-6.3950815,Sunday,12:30,Narcotics Anonymous,0,0,1
From The Street To The Seat Group,53.3440905,-6.3950815,Wednesday,19:00,Narcotics Anonymous,0,0,1
From The Street To The Seat Group,53.3440905,-6.3950815,Friday,19:00,Narcotics Anonymous,0,0,1
From The Street To The Seat Group,53.3440905,-6.3950815,Saturday,19:00,Narcotics Anonymous,0,0,1
Frontline To Freedom Group,53.3510323,-6.2549479,Monday,16:00,Narcotics Anonymous,0,0,1
Frontline To Freedom Group,53.3510323,-6.2549479,Tuesday,13:00,Narcotics Anonymous,0,0,1
Frontline To Freedom Group,53.3510323,-6.2549479,Saturday,13:00,Narcotics Anonymous,0,0,1
Gimme Shelter Meeting,53.3490364,-6.303101,Wednesday,13:00,Narcotics Anonymous,0,0,1
Glin Sports Centre,53.4002006,-6.206292,Sunday,12:00,Narcotics Anonymous,0,0,1
Irish Service Office - NA Shop,53.3381921,-6.2706903,Saturday,13:00,Narcotics Anonymous,0,0,1
Knocklyon Group,53.2820621,-6.3212136,Monday,20:00,Narcotics Anonymous,0,0,1
Light Of Hope Group,53.2760036,-6.3795165,Monday,19:00,Narcotics Anonymous,0,0,1
Light Of Hope Group,53.2760036,-6.3795165,Saturday,14:00,Narcotics Anonymous,0,0,1
Light Of Recovery Group,53.2861321,-6.1922582,Friday,19:45,Narcotics Anonymous,0,0,1
Live In Hope,53.4534745,-6.243103,Saturday,13:00,Narcotics Anonymous,0,0,1
Living Clean Study Group - The Journey Continues,53.3497619,-6.2694819,Tuesday,19:30,Narcotics Anonymous,0,0,1
Lynks Project,53.336119,-6.3263933,Thursday,19:00,Narcotics Anonymous,0,0,1
Malahide NA,53.450503,-6.1545459,Tuesday,19:00,Narcotics Anonymous,0,0,1
Meditation Meeting,53.3317253,-6.2714236,Wednesday,18:15,Narcotics Anonymous,0,0,1
Men's Group,53.3401524,-6.2659528,Friday,18:30,Narcotics Anonymous,0,0,1
Message Of Recovery Group,53.2903011,-6.1317421,Monday,20:00,Narcotics Anonymous,0,0,1
NA Blanchardstown,53.3966321,-6.4002667,Tuesday,20:00,Narcotics Anonymous,0,0,1
NA Crumlin,53.3310787,-6.295259,Tuesday,19:00,Narcotics Anonymous,0,0,1
NA Finglas Group,53.3882078,-6.3022959,Monday,19:30,Narcotics Anonymous,0,0,1
NA Gardiner Street,53.3580105,-6.2595651,Sunday,19:00,Narcotics Anonymous,0,0,1
"NA Gardiner Street - Steps 1, 2 & 3",53.3580105,-6.2595651,Saturday,18:00,Narcotics Anonymous,0,0,1
NA Park House,53.293348,-6.1407605,Wednesday,20:30,Narcotics Anonymous,0,0,1
NA Park House,53.293348,-6.1407605,Friday,20:30,Narcotics Anonymous,0,0,1
NA Pearse Street,53.3426719,-6.2420807,Tuesday,20:00,Narcotics Anonymous,0,0,1
NA Sandyford,53.2752149,-6.2062344,Tuesday,20:30,Narcotics Anonymous,0,0,1
North Dublin Community Care,53.4710121,-6.231854,Wednesday,19:00,Narcotics Anonymous,0,0,1
One Addict Helping Another,53.3546124,-6.2639752,Monday,13:00,Narcotics Anonymous,0,0,1
One Addict Helping Another,53.3546124,-6.2639752,Friday,13:00,Narcotics Anonymous,0,0,1
One Addict Helping Another,53.3546124,-6.2639752,Saturday,13:30,Narcotics Anonymous,0,0,1
Portrane Community Cntr,53.4898287,-6.143245,Friday,19:00,Narcotics Anonymous,0,0,1
Portuguese Speaking Meeting,53.3510323,-6.2549479,Monday,20:00,Narcotics Anonymous,0,0,1
Rathfarnham Living Clean,53.2917566,-6.2750885,Sunday,12:00,Narcotics Anonymous,0,0,1
Rathfarnham Living Clean,53.2917566,-6.2750885,Tuesday,20:00,Narcotics Anonymous,0,0,1
Sankalpa Group Finglas,53.3762795,-6.3083243,Wednesday,19:00,Narcotics Anonymous,0,0,1
Seville Place NA,53.352989,-6.2446122,Monday,19:30,Narcotics Anonymous,0,0,1
Soilse,53.3507924,-6.2710348,Sunday,13:00,Narcotics Anonymous,0,0,1
Soilse,53.3507924,-6.2710348,Tuesday,20:00,Narcotics Anonymous,0,0,1
Soilse,53.3507924,-6.2710348,Thursday,20:00,Narcotics Anonymous,0,0,1
Spellman Centre Rignsend,53.3399454,-6.2241261,Wednesday,20:00,Narcotics Anonymous,0,0,1
St. Andrew’S Community Cntr,53.3356222,-6.2937961,Monday,20:00,Narcotics Anonymous,0,0,1
St. Andrew’S Community Cntr,53.3356222,-6.2937961,Saturday,19:00,Narcotics Anonymous,0,0,1
Surrender To Win,53.3559696,-6.236305,Friday,20:30,Narcotics Anonymous,0,0,1
Tallaght Basic Text Study Group,53.2756206,-6.4029025,Tuesday,19:30,Narcotics Anonymous,0,0,1
The Freedom Group Step Meeting,53.3324999,-6.2587863,Saturday,19:30,Narcotics Anonymous,0,0,1
The Glin - How It Works And Why,53.4002006,-6.206292,Monday,19:30,Narcotics Anonymous,0,0,1
The Group Of Hope,53.3426719,-6.2420807,Thursday,20:00,Narcotics Anonymous,0,0,1
The New Beginnings Group,53.3401524,-6.2659528,Wednesday,13:00,Narcotics Anonymous,0,0,1
Together We Can,53.2951311,-6.3423373,Tuesday,20:00,Narcotics Anonymous,0,0,1
Together We Can Group Step Meeting,53.2951311,-6.3423373,Thursday,20:00,Narcotics Anonymous,0,0,1
Together We Can Group Tallaght,53.2786345,-6.4020675,Sunday,18:00,Narcotics Anonymous,0,0,1
TRP,53.2756206,-6.4029025,Wednesday,19:00,Narcotics Anonymous,0,0,1
We Do Recover Finglas Group,53.3867928,-6.2996572,Thursday,18:30,Narcotics Anonymous,0,0,1
Womens Group,53.2760036,-6.3795165,Friday,19:00,Narcotics Anonymous,0,0,1
Womens Meeting,53.3343715,-6.2844402,Sunday,18:00,Narcotics Anonymous,0,0,1
"Augustine St., Galway",53.272351,-9.0512707,Thursday,19:30,Narcotics Anonymous,0,0,1
"Augustine St., Galway",53.272351,-9.0512707,Friday,19:00,Narcotics Anonymous,0,0,1
Meditation/Step 11 Meeting,53.2610719,-9.0769924,Sunday,19:00,Narcotics Anonymous,0,0,1
"NA Cuan Mhuire, Athenry",53.36664,-8.8368728,Friday,20:00,Narcotics Anonymous,0,0,1
NA Meeting,53.2855714,-9.0004024,Sunday,11:00,Narcotics Anonymous,0,0,1
NA Meeting,53.2855714,-9.0004024,Monday,20:00,Narcotics Anonymous,0,0,1
NA Meeting,53.2855714,-9.0004024,Tuesday,19:00,Narcotics Anonymous,0,0,1
NA Meeting,53.2855714,-9.0004024,Wednesday,19:00,Narcotics Anonymous,0,0,1
NA Meeting,53.2855714,-9.0004024,Friday,12:00,Narcotics Anonymous,0,0,1
NA Meeting,53.5115267,-8.8544883,Friday,20:00,Narcotics Anonymous,0,0,1
NA Meeting,53.2632288,-9.1182711,Saturday,14:00,Narcotics Anonymous,0,0,1
NA Meeting,53.2855714,-9.0004024,Saturday,19:00,Narcotics Anonymous,0,0,1
Castleisland NA Group,52.2297804,-9.4616894,Sunday,19:00,Narcotics Anonymous,0,0,1
Castleisland NA Group,52.2297804,-9.4616894,Tuesday,19:00,Narcotics Anonymous,0,0,1
Castleisland NA Group,52.2297804,-9.4616894,Friday,19:00,Narcotics Anonymous,0,0,1
Killarney NA Meeting,52.0628468,-9.5126306,Sunday,20:00,Narcotics Anonymous,0,0,1
Killarney NA Meeting,52.0628468,-9.5126306,Tuesday,20:00,Narcotics Anonymous,0,0,1
Killarney NA Meeting,52.0628468,-9.5126306,Thursday,20:00,Narcotics Anonymous,0,0,1
Listowel NA,52.4504339,-9.4710215,Tuesday,20:15,Narcotics Anonymous,0,0,1
Tralee NA Meeting,52.2685396,-9.7035942,Sunday,11:00,Narcotics Anonymous,0,0,1
Tralee NA Meeting,52.2685396,-9.7035942,Monday,20:00,Narcotics Anonymous,0,0,1
Tralee NA Meeting,52.2685396,-9.7035942,Wednesday,20:00,Narcotics Anonymous,0,0,1
Tralee NA Meeting,52.2685396,-9.7035942,Thursday,20:00,Narcotics Anonymous,0,0,1
Tralee NA Meeting,52.2685396,-9.7035942,Saturday,20:00,Narcotics Anonymous,0,0,1
Arklow Group,52.7975257,-6.1663673,Thursday,18:30,Narcotics Anonymous,0,0,1
Bray NA,53.2034668,-6.1070336,Tuesday,20:00,Narcotics Anonymous,0,0,1
Bray NA,53.2034668,-6.1070336,Thursday,20:00,Narcotics Anonymous,0,0,1
Bray NA,53.2034668,-6.1070336,Saturday,18:30,Narcotics Anonymous,0,0,1
Safe Harbour Group,53.1449789,-6.0661139,Sunday,18:00,Narcotics Anonymous,0,0,1
5Th Tradition,56.468006,-3.039559,Thursday,19:45,Narcotics Anonymous,0,0,1
Clean And Crazy,55.971626,-3.171657,Thursday,13:00,Narcotics Anonymous,0,0,1
Fraserburgh Group,57.690373,-2.004253,Wednesday,19:00,Narcotics Anonymous,0,0,1
Gratitude,55.905021,-3.221153,Monday,18:30,Narcotics Anonymous,0,0,1
Happy Tuesday,55.874907,-3.525062,Tuesday,19:00,Narcotics Anonymous,0,0,1
Honest Toun,55.943353,-3.059061,Tuesday,18:30,Narcotics Anonymous,0,0,1
HOPE - Hold On Pain Ends,56.458384,-2.973038,Thursday,13:00,Narcotics Anonymous,0,0,1
JFT,56.458384,-2.973038,Wednesday,14:00,Narcotics Anonymous,0,0,1
Keep Coming Back (Gate 55),55.921818,-3.28878,Tuesday,18:30,Narcotics Anonymous,0,0,1
Keep The Faith Thursdays,55.906584,-4.098373,Thursday,19:30,Narcotics Anonymous,0,0,1
Linlithgow ‘ Miracles Do Happen’,55.976983,-3.601558,Thursday,13:00,Narcotics Anonymous,0,0,1
"Making Amends, Men's Meeting",55.972849,-3.166823,Thursday,18:30,Narcotics Anonymous,0,0,1
More Will Be Revealed,56.458384,-2.973038,Saturday,11:30,Narcotics Anonymous,0,0,1
NENA Friday Afternoon,55.976261,-3.238028,Friday,14:30,Narcotics Anonymous,0,0,1
Niddrie Friday Night,55.93286,-3.129159,Friday,18:30,Narcotics Anonymous,0,0,1
Relief In Leith,55.971626,-3.171657,Saturday,11:00,Narcotics Anonymous,0,0,1
Scottish Borders NA,55.65158,-3.191685,Wednesday,20:00,Narcotics Anonymous,0,0,1
Serenity Sundays,55.9505047,-3.9549582,Sunday,19:00,Narcotics Anonymous,0,0,1
Sisterhood,55.971626,-3.171657,Tuesday,18:30,Narcotics Anonymous,0,0,1
Surrender Sundays,55.910984,-3.27295,Sunday,15:00,Narcotics Anonymous,0,0,1
Surrender To Win St Andrews,56.341067,-2.801825,Monday,18:30,Narcotics Anonymous,0,0,1
The Best Is Yet To Come - Forfar,56.644218,-2.887355,Tuesday,18:30,Narcotics Anonymous,0,0,1
The Guiding Principles,56.458384,-2.973038,Tuesday,11:00,Narcotics Anonymous,0,0,1
Torry Table Of Light,57.137249,-2.078197,Sunday,19:00,Narcotics Anonymous,0,0,1
Unity Square,57.141075,-2.093225,Saturday,18:00,Narcotics Anonymous,0,0,1
"Wednesday, We Do Recover Meeting",55.85956,-3.551542,Wednesday,19:00,Narcotics Anonymous,0,0,1
Aberdeen Monday Night Meeting,57.154271,-2.117216,Monday,19:00,Narcotics Anonymous,0,0,1
Connect @ Castlegate,57.148738,-2.092005,Wednesday,19:15,Narcotics Anonymous,0,0,1
New Beginnings,57.154271,-2.117216,Friday,20:00,Narcotics Anonymous,0,0,1
Rosehill - A New Way Of Life,57.162666,-2.128214,Thursday,20:00,Narcotics Anonymous,0,0,1
The Garioch Group,57.284187,-2.375965,Wednesday,19:30,Narcotics Anonymous,0,0,1
Tuesday Huntly Street,57.145601,-2.106341,Tuesday,19:00,Narcotics Anonymous,0,0,1
Ultimate Weapon Group,57.174428,-2.115223,Sunday,11:00,Narcotics Anonymous,0,0,1
Abbey Normals,56.563054,-2.584088,Monday,19:00,Narcotics Anonymous,0,0,1
Don't Give Up Till The Miracle Happens,55.894824,-3.069316,Thursday,19:00,Narcotics Anonymous,0,0,1
Mind The Steps,55.951181,-3.985054,Wednesday,19:30,Narcotics Anonymous,0,0,1
NA Renton,55.976052,-4.585042,Sunday,19:00,Narcotics Anonymous,0,0,1
Happy Mondays,56.461688,-2.977845,Monday,10:30,Narcotics Anonymous,0,0,1
Just For Today,56.461688,-2.977845,Wednesday,18:30,Narcotics Anonymous,0,0,1
Saturday Night Live,56.489991,-2.99457,Saturday,18:30,Narcotics Anonymous,0,0,1
The Serenity Sunday,56.461688,-2.977845,Sunday,18:30,Narcotics Anonymous,0,0,1
The Steps Are Our Solution,56.461688,-2.977845,Sunday,11:30,Narcotics Anonymous,0,0,1
Tuesday Night We Do Recover Meeting,56.465968,-2.997756,Tuesday,19:30,Narcotics Anonymous,0,0,1
With These We Are Well On Our Way,56.465968,-2.997756,Friday,11:00,Narcotics Anonymous,0,0,1
Barclay Thursday Night,55.93993,-3.203776,Thursday,19:30,Narcotics Anonymous,0,0,1
Meditation Meeting,55.96842,-3.167731,Sunday,19:00,Narcotics Anonymous,0,0,1
Rainbow Warriors,55.923793,-3.260327,Wednesday,19:00,Narcotics Anonymous,0,0,1
Stay Connected,55.943713,-3.199715,Monday,19:30,Narcotics Anonymous,0,0,1
Step Into The Solution NA Meeting,55.943713,-3.199715,Friday,20:00,Narcotics Anonymous,0,0,1
Sunday Pleasance,55.949114,-3.183339,Sunday,13:00,Narcotics Anonymous,0,0,1
The Hour Of Power,55.93993,-3.203776,Saturday,18:00,Narcotics Anonymous,0,0,1
Thursday Thanks Meeting,55.944032,-3.183825,Thursday,19:00,Narcotics Anonymous,0,0,1
Tuesday Together We Can,55.943713,-3.199715,Tuesday,19:30,Narcotics Anonymous,0,0,1
Wednesday Night Convent,55.943713,-3.199715,Wednesday,19:00,Narcotics Anonymous,0,0,1
Keep The Faith,56.12547,-3.310721,Friday,19:30,Narcotics Anonymous,0,0,1
Miracle Happens,56.197165,-3.179396,Wednesday,19:00,Narcotics Anonymous,0,0,1
So Woke,56.339601,-2.799373,Saturday,13:00,Narcotics Anonymous,0,0,1
The Primary Purpose,56.071603,-3.456653,Tuesday,18:45,Narcotics Anonymous,0,0,1
Thursday Dunfermline,56.071603,-3.456653,Thursday,18:00,Narcotics Anonymous,0,0,1
"One Disease One Solution, Wee County NA",56.115257,-3.781735,Friday,19:30,Narcotics Anonymous,0,0,1
A Gift Called Hope,55.8617145,-4.2756767,Thursday,20:00,Narcotics Anonymous,0,0,1
Any Lengths,55.856023,-4.237312,Wednesday,17:30,Narcotics Anonymous,0,0,1
Available To Us All: LGBTQIA+,55.870771,-4.276475,Tuesday,18:30,Narcotics Anonymous,0,0,1
Coming Back To Life,55.885067,-4.286347,Wednesday,11:00,Narcotics Anonymous,0,0,1
Don’T Use No Matter What,55.876893,-4.294114,Thursday,10:30,Narcotics Anonymous,0,0,1
Good God In Govan,55.860857,-4.303557,Friday,20:00,Narcotics Anonymous,0,0,1
Keep Coming Back,55.881094,-4.254054,Monday,19:00,Narcotics Anonymous,0,0,1
Miracles Happen,55.856023,-4.237312,Monday,17:30,Narcotics Anonymous,0,0,1
Naprawdę Zdrowiejemy,55.856023,-4.237312,Monday,19:00,Narcotics Anonymous,0,0,1
New Way Of Life,55.849589,-4.243937,Friday,18:15,Narcotics Anonymous,0,0,1
Our Message Is Hope,55.872505,-4.33219,Tuesday,19:30,Narcotics Anonymous,0,0,1
Parkhead,55.873482,-4.336372,Friday,17:00,Narcotics Anonymous,0,0,1
Saturday Night Live,55.876893,-4.294114,Saturday,21:30,Narcotics Anonymous,0,0,1
Steppin On Up,55.861671,-4.254079,Sunday,18:30,Narcotics Anonymous,0,0,1
When At The End Of The Road,55.862834,-4.310786,Tuesday,19:00,Narcotics Anonymous,0,0,1
Golden Rule,55.846353,-4.34321,Monday,19:00,Narcotics Anonymous,0,0,1
Live Life Live Recovery,55.834231,-4.257315,Saturday,19:00,Narcotics Anonymous,0,0,1
Inverness - Friday,57.479132,-4.228437,Friday,19:30,Narcotics Anonymous,0,0,1
Inverness - Tuesday,57.479132,-4.228437,Tuesday,19:30,Narcotics Anonymous,0,0,1
Just For Today,57.695929,-4.247815,Monday,18:45,Narcotics Anonymous,0,0,1
We Do Recover,57.582896,-3.868891,Thursday,18:30,Narcotics Anonymous,0,0,1
Wick Meeting,58.441052,-3.097185,Tuesday,18:00,Narcotics Anonymous,0,0,1
Getting Connected,55.794575,-4.091147,Monday,19:30,Narcotics Anonymous,0,0,1
Doing Clean Time,57.649047,-3.312,Tuesday,18:30,Narcotics Anonymous,0,0,1
“New Beginning” Paisley,55.849182,-4.453474,Tuesday,19:00,Narcotics Anonymous,0,0,1
Living Clean,55.846935,-4.406188,Thursday,19:30,Narcotics Anonymous,0,0,1
Never Alone,55.834686,-4.515869,Saturday,12:30,Narcotics Anonymous,0,0,1
The Home Of Jimmy K,55.843774,-4.43799,Sunday,19:00,Narcotics Anonymous,0,0,1
A New Way To Live,55.901636,-3.645418,Thursday,19:00,Narcotics Anonymous,0,0,1
Freedom Friday's,55.863719,-3.684652,Friday,19:00,Narcotics Anonymous,0,0,1
Keep It Simple,55.901636,-3.645418,Saturday,17:00,Narcotics Anonymous,0,0,1
Magic Mondays,55.901636,-3.645418,Monday,13:30,Narcotics Anonymous,0,0,1
We Do Recover Wednesday,55.901636,-3.645418,Wednesday,13:00,Narcotics Anonymous,0,0,1
"""Limitless Possibilities""",51.525312,-3.386911,Tuesday,19:00,Narcotics Anonymous,0,0,1
Aberystwyth 7.30Pm NA Meeting,52.416934,-4.083147,Wednesday,19:30,Narcotics Anonymous,0,0,1
Aberystwyth Brunchtime NA Meeting,52.416934,-4.083147,Thursday,11:30,Narcotics Anonymous,0,0,1
Aberystwyth Men's Meeting,52.416934,-4.083147,Friday,20:00,Narcotics Anonymous,0,0,1
Barmouth Fridays,52.72135,-4.056153,Friday,13:30,Narcotics Anonymous,0,0,1
Chepstow Recovery,51.64102,-2.675883,Monday,19:00,Narcotics Anonymous,0,0,1
Haverfordwest Sunday NA,51.803013,-4.974463,Sunday,15:00,Narcotics Anonymous,0,0,1
St Davids,51.881026,-5.266549,Tuesday,20:00,Narcotics Anonymous,0,0,1
Cardiff Fellowship And Living Life On Life's Terms,51.480789,-3.17314,Sunday,20:00,Narcotics Anonymous,0,0,1
Cardiff Fellowship And Living Life On Life's Terms,51.480789,-3.17314,Friday,20:00,Narcotics Anonymous,0,0,1
Lost Dreams Awaken,53.31433,-3.494128,Tuesday,19:30,Narcotics Anonymous,0,0,1
Wrexham,53.047691,-3.003831,Thursday,19:30,Narcotics Anonymous,0,0,1
Bangor JFT Monday,53.230129,-4.112169,Monday,12:00,Narcotics Anonymous,0,0,1
Bangor JFT Thursday,53.230129,-4.112169,Thursday,18:00,Narcotics Anonymous,0,0,1
Bangor Step And Tradition,53.228043,-4.123812,Wednesday,18:30,Narcotics Anonymous,0,0,1
Menai Bridge,53.223915,-4.166358,Tuesday,19:00,Narcotics Anonymous,0,0,1
Women's Saturday Bangor Meeting,53.230129,-4.112169,Saturday,18:00,Narcotics Anonymous,0,0,1
Living Clean,51.584434,-2.995648,Wednesday,19:30,Narcotics Anonymous,0,0,1
Saturday Night Live,51.651974,-3.003365,Saturday,19:00,Narcotics Anonymous,0,0,1
Friday Night Swansea Meeting,51.620012,-3.952205,Friday,20:00,Narcotics Anonymous,0,0,1
Monday Swansea Meeting Quaker House,51.620012,-3.952205,Monday,20:00,Narcotics Anonymous,0,0,1
Swansea Saturday,51.620012,-3.952205,Saturday,18:30,Narcotics Anonymous,0,0,1
Swansea Wednesday,51.620012,-3.952205,Wednesday,20:00,Narcotics Anonymous,0,0,1
Monmouth NA.,51.814165,-2.713469,Saturday,18:00,Narcotics Anonymous,0,1,0
OA Meeting,51.653669,-0.281822,Wednesday,20:00,Overeaters Anonymous,0,1,0
OA Meeting,49.4575105,-2.5373759,Thursday,18:00,Overeaters Anonymous,0,1,0
OA Meeting,51.533592,-0.111914,Monday,19:00,Overeaters Anonymous,0,1,0
OA Meeting,51.512497,-0.052098,Sunday,18:30,Overeaters Anonymous,0,1,0
OA Meeting,50.369239,-4.157756,Thursday,18:30,Overeaters Anonymous,0,1,0
OA Meeting,52.306163,-1.903509,Friday,19:30,Overeaters Anonymous,0,1,0
OA Meeting,54.273894,-0.403013,Saturday,12:00,Overeaters Anonymous,0,1,0
OA Meeting,52.188475,-1.709143,Thursday,19:30,Overeaters Anonymous,0,1,0
OA Meeting,51.353044,-2.941164,Saturday,10:30,Overeaters Anonymous,0,1,0
OA Meeting,52.412206,-1.870612,Monday,18:30,Overeaters Anonymous,0,1,0
OA Meeting,52.692148,-1.998951,Monday,19:15,Overeaters Anonymous,0,1,0
OA Meeting,50.750348,-1.873579,Thursday,19:00,Overeaters Anonymous,0,1,0
OA Meeting,50.831232,-0.166001,Sunday,11:00,Overeaters Anonymous,0,1,0
OA Meeting,50.83035,-0.134737,Wednesday,18:15,Overeaters Anonymous,0,1,0
OA Meeting,50.831232,-0.166001,Friday,11:00,Overeaters Anonymous,0,1,0
OA Meeting,51.468728,-2.609035,Tuesday,19:30,Overeaters Anonymous,0,1,0
OA Meeting,53.442077,-2.223191,Saturday,12:00,Overeaters Anonymous,0,1,0
OA Meeting,51.601487,-0.637207,Monday,19:30,Overeaters Anonymous,0,1,0
OA Meeting,54.571125,-1.1526057,Monday,10:30,Overeaters Anonymous,0,1,0
OA Meeting,51.519888,-0.06833,Friday,18:00,Overeaters Anonymous,0,1,0
OA Meeting,50.878039,0.016668,Wednesday,18:00,Overeaters Anonymous,0,1,0
OA Meeting,51.728231,0.465967,Monday,19:00,Overeaters Anonymous,0,1,0
OA Meeting,52.400159,0.262523,Thursday,19:00,Overeaters Anonymous,0,1,0
OA Meeting,52.216854,-0.268604,Friday,18:00,Overeaters Anonymous,0,1,0
OA Meeting,50.856344,0.560116,Monday,19:30,Overeaters Anonymous,0,1,0
OA Meeting,51.769389,-0.339448,Tuesday,19:30,Overeaters Anonymous,0,1,0
OA Meeting,51.651425,-0.387655,Saturday,18:00,Overeaters Anonymous,0,1,0
OA Meeting,51.496553,-0.162317,Tuesday,18:00,Overeaters Anonymous,0,1,0
OA Meeting,51.634336,-0.133397,Monday,20:00,Overeaters Anonymous,0,1,0
OA Meeting,51.448615,0.064448,Monday,20:00,Overeaters Anonymous,0,1,0
OA Meeting,51.529602,-0.201365,Wednesday,09:30,Overeaters Anonymous,0,1,0
OA Meeting,51.462432,-0.142234,Monday,19:00,Overeaters Anonymous,0,1,0
OA Meeting,51.476553,-0.012948,Saturday,08:30,Overeaters Anonymous,0,1,0
OA Meeting,51.509772,-0.305139,Friday,19:00,Overeaters Anonymous,0,1,0
OA Meeting,51.422201,-0.207631,Saturday,10:00,Overeaters Anonymous,0,1,0
OA Meeting,51.517293,-0.151201,Thursday,18:00,Overeaters Anonymous,0,1,0
OA Meeting,51.515056,-0.130224,Saturday,10:30,Overeaters Anonymous,0,1,0
OA Meeting,51.496069,-0.232065,Monday,18:00,Overeaters Anonymous,0,1,0
OA Meeting,51.516701,-0.20157,Wednesday,18:00,Overeaters Anonymous,0,1,0
OA Meeting,53.514534,-2.269595,Thursday,19:15,Overeaters Anonymous,0,1,0
OA Meeting,51.317431,-0.544379,Wednesday,20:00,Overeaters Anonymous,0,1,0
OA Meeting,52.241012,0.710843,Monday,18:45,Overeaters Anonymous,0,1,0
OA Meeting,51.260359,-0.004228,Wednesday,19:45,Overeaters Anonymous,0,1,0
OA Meeting,53.712476,-2.636971,Monday,13:00,Overeaters Anonymous,0,1,0
OA Meeting,54.197233,-3.097283,Tuesday,18:00,Overeaters Anonymous,0,1,0
OA Meeting,53.856087,-1.685888,Saturday,10:30,Overeaters Anonymous,0,1,0
OA Meeting,53.041591,-2.253092,Tuesday,19:00,Overeaters Anonymous,0,1,0
OA Meeting,51.750821,-2.234884,Saturday,19:30,Overeaters Anonymous,0,1,0
OA Meeting,52.674446,-2.761335,Tuesday,19:45,Overeaters Anonymous,0,1,0
OA Meeting,51.209503,-2.652546,Wednesday,15:30,Overeaters Anonymous,0,1,0
OA Meeting,51.767838,-1.269614,Sunday,17:00,Overeaters Anonymous,0,1,0
OA Meeting,53.374522,-1.473821,Monday,18:00,Overeaters Anonymous,0,1,0
OA Meeting,53.376577,-1.453082,Wednesday,10:00,Overeaters Anonymous,0,1,0
OA Meeting,54.967194,-1.625848,Thursday,19:00,Overeaters Anonymous,0,1,0
OA Meeting,51.256142,0.422202,Tuesday,19:00,Overeaters Anonymous,0,1,0
OA Meeting,53.795467,-1.660958,Sunday,19:00,Overeaters Anonymous,0,1,0
OA Meeting,51.232988,-2.326392,Sunday,11:00,Overeaters Anonymous,0,1,0
OA Meeting,54.99552,-7.307191,Saturday,10:00,Overeaters Anonymous,0,1,0
OA Meeting,52.8399085,-6.9229397,Monday,18:30,Overeaters Anonymous,0,1,0
OA Meeting,52.8517585,-8.9759935,Sunday,19:30,Overeaters Anonymous,0,1,0
OA Meeting,52.6576513,-8.6344881,Wednesday,19:00,Overeaters Anonymous,0,1,0
OA Meeting,53.2181893,-6.66385,Saturday,11:00,Overeaters Anonymous,0,1,0
OA Meeting,52.2543417,-7.1142845,Saturday,09:45,Overeaters Anonymous,0,1,0
OA Meeting,52.3347265,-6.4629964,Monday,20:00,Overeaters Anonymous,0,1,0
OA Meeting,51.6323105,-8.8710023,Sunday,20:00,Overeaters Anonymous,0,1,0
OA Meeting,51.9114255,-8.1736311,Sunday,11:00,Overeaters Anonymous,0,1,0
OA Meeting,51.9138463,-8.4313152,Monday,19:30,Overeaters Anonymous,0,1,0
OA Meeting,51.9138189,-8.431328,Wednesday,18:30,Overeaters Anonymous,0,1,0
OA Meeting,51.9138189,-8.431328,Thursday,18:30,Overeaters Anonymous,0,1,0
OA Meeting,51.9075212,-8.4589305,Saturday,11:00,Overeaters Anonymous,0,1,0
OA Meeting,53.2840986,-6.1923273,Sunday,11:30,Overeaters Anonymous,0,1,0
OA Meeting,53.3497619,-6.2694819,Monday,19:30,Overeaters Anonymous,0,1,0
OA Meeting,53.3847052,-6.3766257,Tuesday,20:00,Overeaters Anonymous,0,1,0
OA Meeting,53.2820621,-6.3212136,Thursday,19:00,Overeaters Anonymous,0,1,0
OA Meeting,53.2856898,-6.1914381,Friday,19:00,Overeaters Anonymous,0,1,0
OA Meeting,53.3544855,-6.2636914,Saturday,11:00,Overeaters Anonymous,0,1,0
OA Meeting,53.2762621,-6.3410317,Tuesday,11:30,Overeaters Anonymous,0,1,0
OA Meeting,53.2769878,-9.054338,Wednesday,19:30,Overeaters Anonymous,0,1,0
OA Meeting,52.0579576,-9.5112176,Sunday,19:00,Overeaters Anonymous,0,1,0
OA Meeting,54.538899,-6.705557,Sunday,19:00,Overeaters Anonymous,0,1,0
OA Meeting,55.937902,-4.154187,Friday,13:00,Overeaters Anonymous,0,1,0
OA Meeting,55.995648,-4.578091,Monday,18:30,Overeaters Anonymous,0,1,0
OA Meeting,55.9454996,-4.56488,Thursday,19:30,Overeaters Anonymous,0,1,0
OA Meeting,55.951181,-3.985054,Tuesday,19:30,Overeaters Anonymous,0,1,0
OA Meeting,56.467859,-2.996085,Tuesday,19:00,Overeaters Anonymous,0,1,0
OA Meeting,55.943713,-3.199715,Tuesday,19:00,Overeaters Anonymous,0,1,0
OA Meeting,56.082307,-3.426963,Wednesday,18:00,Overeaters Anonymous,0,1,0
OA Meeting,55.850236,-4.198155,Wednesday,13:00,Overeaters Anonymous,0,1,0
OA Meeting,55.812049,-4.191085,Friday,19:00,Overeaters Anonymous,0,1,0
OA Meeting,55.876893,-4.294114,Monday,19:30,Overeaters Anonymous,0,1,0
OA Meeting,55.859837,-4.336959,Saturday,09:30,Overeaters Anonymous,0,1,0
OA Meeting,55.814019,-4.271689,Wednesday,19:00,Overeaters Anonymous,0,1,0
OA Meeting,57.659241,-3.318925,Friday,19:30,Overeaters Anonymous,0,1,0
OA Meeting,51.693001,-4.955128,Wednesday,11:00,Overeaters Anonymous,0,1,0
OA Meeting,51.484098,-3.17311,Saturday,10:00,Overeaters Anonymous,0,1,0
OA Meeting,53.060019,-2.990703,Saturday,10:30,Overeaters Anonymous,0,1,0
OA Meeting,51.523974,-3.70221,Monday,19:00,Overeaters Anonymous,0,1,0
